# sensor,HMC5883L
# purpose,magnetometer ellipsoid calibration
# sample_hz,20
# duration_s,180
# sda_gpio,21
# scl_gpio,22
# wifi,off
# note,move the board slowly through all 3D orientations
t_ms,mx_raw,my_raw,mz_raw
0,63,-300,294
50,78,-258,317
100,103,-243,324
150,103,-243,324
201,103,-227,330
250,98,-225,331
300,98,-238,327
350,98,-238,327
400,92,-250,321
450,77,-267,314
500,63,-287,303
550,63,-287,303
600,59,-306,291
650,70,-330,275
700,84,-369,243
751,84,-369,243
800,90,-403,210
850,88,-428,177
900,86,-440,164
950,86,-440,164
1000,81,-446,155
1050,74,-453,142
1100,69,-458,129
1150,69,-458,129
1200,66,-461,126
1250,61,-463,119
1300,58,-468,112
1350,58,-468,112
1400,56,-468,110
1450,58,-469,110
1500,58,-469,110
1550,61,-469,108
1600,65,-469,110
1650,72,-467,117
1700,72,-467,117
1750,75,-464,120
1800,76,-461,127
1850,73,-451,143
1901,73,-451,143
1950,67,-444,153
2000,60,-439,162
2050,57,-432,172
2100,57,-432,172
2150,54,-420,186
2200,57,-408,200
2250,61,-396,215
2300,61,-396,215
2350,60,-386,225
2400,65,-382,228
2450,70,-384,227
2500,70,-384,227
2550,75,-381,230
2600,83,-380,231
2650,92,-380,232
2700,92,-380,232
2750,96,-378,233
2800,96,-375,236
2850,97,-379,234
2900,97,-379,234
2950,107,-399,210
3000,117,-425,179
3050,122,-435,162
3100,122,-435,162
3150,121,-442,153
3201,120,-448,143
3250,117,-456,128
3300,117,-456,128
3350,118,-469,103
3400,119,-484,68
3450,121,-495,26
3500,121,-495,26
3550,117,-502,-8
3600,111,-507,-45
3650,102,-508,-74
3700,102,-508,-74
3750,95,-507,-95
3800,90,-507,-103
3850,90,-507,-104
3900,90,-507,-104
3950,87,-507,-106
4000,81,-506,-104
4050,78,-508,-94
4100,78,-508,-94
4150,71,-507,-86
4200,68,-507,-86
4250,68,-507,-86
4300,67,-507,-88
4350,69,-507,-91
4400,72,-507,-96
4451,72,-507,-96
4500,71,-507,-100
4550,71,-507,-96
4600,71,-508,-90
4650,71,-508,-90
4700,73,-508,-80
4750,76,-508,-60
4800,78,-505,-32
4850,78,-505,-32
4900,77,-503,-8
4950,74,-499,13
5000,75,-490,44
5050,75,-490,44
5100,75,-476,86
5150,74,-460,123
5200,76,-449,142
5250,76,-449,142
5300,82,-437,161
5351,83,-417,188
5400,80,-387,224
5450,80,-387,224
5500,64,-345,261
5550,48,-309,286
5600,40,-292,295
5650,40,-292,295
5700,44,-286,300
5750,58,-274,309
5800,73,-258,317
5850,73,-258,317
5900,87,-250,320
5950,88,-232,328
6000,77,-207,337
6050,77,-207,337
6100,61,-180,344
6150,42,-156,349
6200,17,-124,351
6250,17,-124,351
6300,-14,-89,351
6350,-37,-68,344
6400,-62,-43,336
6450,-62,-43,336
6500,-92,-20,324
6550,-121,-6,306
6601,-142,-3,293
6650,-142,-3,293
6700,-155,-11,286
6750,-165,-22,281
6800,-170,-25,276
6850,-170,-25,276
6900,-193,-10,255
6950,-223,10,223
7000,-223,12,223
7050,-242,12,202
7100,-245,5,198
7150,-246,1,198
7200,-246,1,198
7250,-243,-1,203
7300,-244,-3,201
7350,-249,-7,196
7400,-249,-7,196
7450,-258,-11,184
7501,-271,-8,162
7550,-274,-6,158
7600,-274,-6,158
7650,-277,-7,154
7700,-279,-10,149
7750,-281,-13,146
7800,-281,-13,146
7850,-287,-17,139
7900,-289,-24,134
7950,-292,-27,129
8000,-292,-27,129
8050,-297,-27,123
8100,-301,-26,111
8150,-308,-23,95
8200,-308,-23,95
8250,-317,-26,79
8300,-322,-29,58
8350,-326,-40,51
8400,-326,-40,51
8450,-323,-56,59
8500,-320,-61,70
8550,-317,-71,80
8600,-317,-71,80
8650,-313,-92,90
8700,-306,-117,102
8750,-301,-125,109
8801,-301,-125,109
8850,-295,-126,122
8900,-279,-143,146
8950,-273,-153,155
9000,-273,-153,155
9050,-271,-160,155
9100,-274,-177,146
9150,-277,-185,140
9200,-277,-185,140
9250,-277,-192,142
9300,-271,-203,147
9350,-257,-228,156
9400,-257,-228,156
9450,-230,-263,171
9500,-193,-298,188
9550,-139,-330,212
9600,-139,-330,212
9650,-88,-342,234
9700,-42,-337,260
9750,-42,-337,260
9800,2,-316,286
9850,43,-283,313
9900,82,-254,328
9950,82,-254,328
10000,111,-235,337
10050,157,-225,332
10100,181,-206,332
10150,181,-206,332
10200,215,-191,327
10250,246,-170,319
10300,286,-150,301
10350,286,-150,301
10400,321,-113,285
10450,340,-65,272
10500,351,-28,259
10550,351,-28,259
10600,361,6,245
10650,368,29,231
10700,381,49,208
10750,381,49,208
10800,389,72,184
10850,396,85,167
10900,399,95,157
10950,399,95,157
11000,401,100,147
11050,405,105,137
11100,400,114,134
11150,400,114,134
11200,394,125,136
11250,388,133,136
11300,375,137,155
11350,375,137,155
11400,358,140,177
11450,344,146,190
11501,326,156,199
11550,326,156,199
11600,306,173,204
11650,284,188,209
11700,261,198,217
11750,261,198,217
11800,236,197,236
11850,202,182,263
11900,162,162,290
11950,162,162,290
12000,145,144,305
12050,132,136,310
12100,98,136,314
12150,98,136,314
12200,58,125,322
12250,26,116,321
12300,-5,111,317
12350,-5,111,317
12400,-24,105,316
12450,-42,94,314
12500,-42,94,314
12550,-25,26,341
12600,18,-45,359
12650,74,-122,361
12700,74,-122,361
12750,138,-188,343
12800,196,-230,316
12850,248,-252,285
12900,248,-252,285
12950,285,-247,268
13000,290,-185,291
13050,269,-123,314
13101,269,-123,314
13150,251,-77,327
13200,246,-45,327
13250,247,-20,324
13300,247,-20,324
13350,248,-8,321
13400,244,2,321
13450,244,-1,322
13500,244,-1,322
13550,241,-2,324
13600,232,6,327
13650,225,7,329
13700,225,7,329
13750,225,3,333
13800,223,3,331
13850,226,3,330
13901,226,3,330
13950,224,7,329
14000,218,20,331
14050,206,36,329
14100,206,36,329
14150,189,57,330
14200,170,83,326
14250,144,121,316
14300,144,121,316
14350,109,165,298
14400,84,187,282
14450,62,197,274
14500,62,197,274
14550,30,205,266
14600,-11,203,259
14650,-56,181,258
14700,-56,181,258
14750,-93,143,264
14800,-116,103,271
14850,-127,58,281
14900,-127,58,281
14951,-116,11,299
15000,-91,-36,317
15050,-53,-92,334
15100,-53,-92,334
15150,-5,-150,342
15200,39,-196,337
15250,39,-230,337
15300,79,-230,331
15350,118,-254,321
15400,156,-269,309
15450,156,-269,309
15500,189,-275,300
15550,214,-274,293
15600,238,-267,285
15650,238,-267,285
15700,256,-237,292
15750,252,-182,313
15800,243,-118,325
15850,243,-118,325
15900,251,-87,326
15950,268,-77,317
16000,252,-40,321
16050,252,-40,321
16100,219,17,326
16150,187,54,328
16200,156,92,324
16251,156,92,324
16301,124,134,309
16350,98,173,288
16400,80,209,262
16450,80,209,262
16500,74,229,244
16550,73,238,236
16600,80,237,236
16650,80,237,236
16700,89,229,243
16750,109,203,266
16800,131,168,288
16850,131,168,288
16900,155,122,311
16950,178,90,320
17000,191,57,328
17050,191,57,328
17100,204,29,332
17150,202,-9,342
17200,164,-37,353
17250,164,-37,353
17300,146,-94,359
17350,138,-149,355
17401,136,-187,345
17450,136,-187,345
17500,138,-225,332
17550,130,-266,316
17600,129,-297,299
17650,129,-297,299
17700,153,-304,291
17750,161,-304,288
17800,178,-312,279
17850,178,-312,279
17900,178,-316,278
17950,173,-350,252
18000,173,-350,252
18050,153,-363,246
18100,134,-361,252
18150,124,-371,243
18200,124,-371,243
18250,124,-388,226
18300,126,-401,213
18350,129,-423,188
18400,129,-423,188
18450,123,-454,143
18500,112,-475,105
18550,98,-489,68
18600,98,-489,68
18650,95,-498,39
18700,93,-505,10
18750,91,-509,-14
18800,91,-509,-14
18850,87,-513,-42
18900,85,-513,-71
18950,79,-511,-102
19000,79,-511,-102
19050,74,-509,-113
19100,72,-508,-118
19150,66,-508,-117
19200,66,-508,-117
19250,55,-507,-117
19300,46,-505,-121
19350,26,-494,-166
19400,26,-494,-166
19450,7,-477,-208
19500,-10,-459,-237
19550,-30,-436,-272
19600,-30,-436,-272
19650,-63,-392,-313
19700,-93,-348,-341
19750,-112,-311,-356
19801,-112,-311,-356
19850,-121,-294,-363
19900,-125,-284,-366
19950,-136,-268,-367
20000,-136,-268,-367
20050,-155,-239,-368
20100,-189,-188,-361
20150,-228,-134,-338
20200,-228,-134,-338
20250,-255,-102,-305
20300,-275,-84,-279
20350,-281,-81,-268
20400,-281,-81,-268
20450,-283,-85,-262
20500,-300,-72,-239
20550,-319,-57,-195
20600,-319,-57,-195
20650,-323,-60,-166
20700,-325,-74,-165
20750,-325,-74,-165
20800,-333,-80,-137
20850,-340,-76,-91
20900,-338,-84,-52
20950,-338,-84,-52
21000,-337,-83,-24
21050,-334,-76,8
21100,-325,-77,47
21150,-325,-77,47
21200,-315,-77,77
21250,-305,-86,104
21300,-294,-89,126
21350,-294,-89,126
21400,-283,-86,146
21450,-276,-87,157
21500,-263,-83,178
21550,-263,-83,178
21600,-249,-81,200
21650,-224,-87,227
21700,-181,-107,264
21750,-181,-107,264
21800,-151,-114,284
21851,-132,-113,296
21900,-120,-102,305
21951,-120,-102,305
22000,-105,-83,314
22050,-85,-58,324
22100,-48,-46,338
22150,-48,-46,338
22200,-5,-46,349
22250,18,-43,354
22300,28,-41,356
22350,28,-41,356
22400,45,-57,358
22450,76,-90,358
22500,107,-119,355
22550,107,-119,355
22600,136,-149,349
22650,144,-158,346
22700,134,-153,347
22750,134,-153,347
22800,127,-162,349
22850,124,-166,349
22900,131,-168,348
22950,131,-168,348
23000,144,-180,344
23050,150,-191,340
23100,158,-212,331
23150,158,-212,331
23200,146,-221,331
23250,136,-241,324
23300,133,-262,316
23351,133,-262,316
23401,135,-287,303
23450,135,-313,288
23500,125,-331,278
23550,125,-331,278
23600,99,-335,276
23650,67,-333,277
23700,67,-333,277
23750,47,-347,263
23800,31,-360,252
23850,25,-372,239
23900,25,-372,239
23950,29,-388,225
24000,45,-415,198
24050,60,-442,166
24100,60,-442,166
24150,63,-451,152
24200,49,-449,152
24250,28,-445,156
24300,28,-445,156
24350,6,-440,154
24400,-9,-444,140
24450,-18,-459,110
24500,-18,-459,110
24550,-19,-477,67
24600,-17,-490,28
24650,-17,-497,-1
24700,-17,-497,-1
24751,-25,-497,-27
24801,-41,-495,-50
24850,-58,-489,-67
24900,-58,-489,-67
24950,-79,-478,-89
25000,-97,-468,-114
25050,-118,-450,-141
25100,-118,-450,-141
25150,-138,-430,-166
25200,-149,-410,-198
25250,-157,-388,-227
25300,-157,-388,-227
25350,-170,-362,-246
25400,-182,-339,-263
25450,-194,-315,-271
25500,-194,-315,-271
25550,-209,-293,-272
25600,-228,-263,-269
25650,-257,-230,-254
25700,-257,-230,-254
25750,-281,-197,-231
25800,-298,-168,-214
25850,-310,-144,-193
25900,-310,-144,-193
25950,-320,-125,-171
26000,-325,-109,-154
26051,-333,-71,-125
26100,-333,-71,-125
26150,-335,-33,-101
26200,-332,-5,-97
26250,-326,21,-99
26300,-326,21,-99
26350,-321,44,-100
26400,-314,66,-107
26450,-314,66,-107
26500,-304,91,-106
26550,-294,115,-103
26600,-289,129,-102
26650,-289,129,-102
26700,-289,130,-86
26750,-294,123,-74
26800,-299,114,-81
26850,-299,114,-81
26900,-302,105,-80
26950,-308,98,-87
27000,-310,93,-94
27050,-310,93,-94
27100,-308,96,-100
27150,-299,101,-134
27200,-292,111,-142
27250,-292,111,-142
27300,-288,113,-153
27351,-281,109,-179
27400,-276,108,-199
27450,-276,108,-199
27500,-266,102,-219
27550,-260,88,-242
27600,-257,68,-261
27650,-257,68,-261
27700,-253,41,-281
27750,-251,14,-294
27800,-252,-12,-300
27850,-252,-12,-300
27900,-248,-49,-310
27950,-243,-76,-320
28000,-243,-91,-317
28050,-243,-91,-317
28100,-245,-105,-314
28150,-250,-127,-306
28200,-253,-156,-294
28250,-253,-156,-294
28300,-259,-183,-278
28350,-261,-204,-264
28400,-263,-216,-257
28450,-263,-216,-257
28500,-263,-228,-250
28550,-264,-235,-241
28601,-268,-239,-231
28650,-268,-239,-231
28700,-268,-245,-222
28750,-273,-251,-211
28800,-278,-255,-194
28850,-278,-255,-194
28900,-282,-255,-178
28950,-288,-256,-164
29000,-288,-257,-164
29050,-291,-257,-146
29100,-292,-258,-125
29150,-295,-259,-104
29200,-295,-259,-104
29250,-301,-252,-86
29300,-306,-237,-74
29350,-315,-213,-54
29400,-315,-213,-54
29450,-321,-188,-34
29500,-325,-159,-10
29550,-325,-128,16
29600,-325,-128,16
29650,-323,-100,33
29700,-322,-71,42
29751,-321,-45,36
29800,-321,-45,36
29850,-320,-19,25
29900,-317,11,11
29950,-314,41,-11
30000,-314,41,-11
30050,-309,68,-36
30100,-299,93,-59
30150,-291,114,-78
30200,-291,114,-78
30250,-279,136,-97
30300,-264,157,-112
30350,-253,171,-129
30400,-253,171,-129
30450,-239,184,-147
30500,-221,205,-151
30550,-201,218,-169
30600,-201,218,-169
30650,-187,227,-183
30700,-171,238,-192
30750,-154,246,-202
30800,-154,246,-202
30850,-144,247,-222
30900,-136,240,-239
30950,-133,236,-248
31000,-133,236,-248
31050,-131,233,-256
31100,-126,224,-268
31150,-126,215,-280
31200,-126,215,-280
31250,-121,205,-294
31300,-122,189,-304
31350,-127,175,-318
31400,-127,175,-318
31450,-131,160,-325
31500,-135,146,-329
31550,-138,132,-339
31600,-138,132,-339
31650,-140,121,-345
31700,-142,108,-350
31750,-142,108,-350
31800,-144,93,-358
31850,-147,72,-364
31900,-149,45,-375
31950,-149,45,-375
32000,-153,16,-381
32050,-156,-15,-385
32100,-156,-45,-391
32150,-156,-45,-391
32200,-151,-74,-396
32251,-147,-98,-397
32300,-143,-115,-400
32350,-143,-115,-400
32400,-140,-130,-399
32450,-141,-146,-398
32500,-140,-165,-395
32550,-140,-165,-395
32600,-141,-181,-391
32650,-142,-197,-386
32700,-144,-213,-379
32750,-144,-213,-379
32800,-145,-230,-374
32850,-144,-246,-365
32900,-146,-262,-356
32950,-146,-262,-356
33000,-147,-280,-345
33050,-151,-298,-330
33100,-156,-316,-314
33150,-156,-316,-314
33200,-164,-325,-298
33250,-168,-332,-288
33300,-172,-337,-277
33350,-172,-337,-277
33400,-176,-345,-264
33450,-179,-353,-251
33500,-184,-359,-234
33550,-184,-359,-234
33601,-191,-362,-218
33650,-200,-361,-204
33700,-206,-362,-193
33750,-206,-362,-193
33800,-212,-360,-181
33850,-219,-356,-171
33900,-229,-347,-161
33950,-229,-347,-161
34000,-242,-336,-148
34050,-258,-321,-131
34100,-275,-298,-116
34150,-275,-298,-116
34200,-292,-270,-101
34250,-309,-235,-89
34300,-319,-198,-74
34350,-319,-198,-74
34400,-330,-160,-57
34450,-335,-124,-39
34500,-335,-124,-39
34550,-335,-93,-23
34600,-333,-62,0
34650,-331,-36,16
34700,-331,-36,16
34751,-324,-11,32
34801,-314,18,50
34850,-302,47,69
34900,-302,47,69
34950,-289,74,84
35000,-274,102,96
35050,-254,123,116
35100,-254,123,116
35150,-232,137,139
35200,-212,147,163
35250,-198,152,177
35300,-198,152,177
35350,-195,155,174
35400,-210,160,154
35450,-226,170,118
35500,-226,170,118
35550,-237,174,86
35600,-242,175,69
35650,-246,176,59
35700,-246,176,59
35750,-245,182,50
35800,-241,170,82
35850,-235,146,125
35900,-235,146,125
35950,-233,118,154
36000,-231,89,182
36050,-230,52,201
36100,-230,52,201
36150,-222,39,220
36200,-178,54,262
36250,-134,73,287
36300,-134,73,287
36350,-106,85,299
36401,-82,91,310
36450,-49,94,321
36500,-49,94,321
36550,-6,92,334
36600,35,87,341
36650,70,76,347
36700,70,76,347
36750,83,67,351
36800,77,55,353
36850,70,43,356
36900,70,43,356
36950,34,29,357
37001,-17,8,353
37050,-48,-22,348
37100,-48,-22,348
37150,-25,-40,357
37200,25,-42,367
37250,25,-42,367
37300,40,-56,368
37350,19,-83,365
37400,19,-83,366
37450,19,-83,366
37500,21,-84,366
37550,23,-87,366
37600,4,-87,363
37650,4,-87,363
37700,-23,-91,355
37750,-26,-108,353
37800,-30,-119,350
37850,-30,-119,350
37900,-38,-132,346
37950,-36,-162,340
38000,-16,-197,332
38050,-16,-197,332
38100,8,-217,333
38150,24,-214,336
38200,39,-222,337
38250,39,-222,337
38300,77,-235,336
38350,129,-226,336
38400,189,-192,333
38450,189,-192,333
38500,233,-147,329
38550,263,-106,323
38600,256,-77,325
38650,256,-77,325
38700,240,-50,333
38750,221,-18,339
38800,205,8,341
38850,205,8,341
38900,183,32,342
38950,172,52,342
39000,170,68,335
39050,170,68,335
39101,163,88,333
39150,151,106,327
39200,134,118,323
39250,134,118,323
39300,123,124,324
39350,115,129,321
39400,100,136,320
39450,100,136,320
39500,86,139,317
39550,67,139,318
39600,36,132,320
39650,36,132,320
39700,4,116,321
39750,-19,104,322
39800,-37,84,325
39850,-37,84,325
39900,-48,61,330
39950,-53,31,335
40000,-53,31,335
40050,-51,4,341
40100,-38,3,348
40150,-32,15,346
40200,-32,15,346
40250,-40,27,343
40300,-34,35,342
40350,-23,35,346
40400,-23,35,346
40450,-18,20,349
40500,-22,11,350
40550,-18,21,348
40600,-18,21,348
40650,-24,43,341
40700,-28,55,337
40750,-42,33,339
40800,-42,33,339
40850,-57,-9,341
40900,-73,-38,339
40950,-87,-54,333
41000,-87,-54,333
41050,-115,-64,321
41100,-137,-83,307
41150,-150,-109,297
41200,-150,-109,297
41251,-153,-133,291
41300,-166,-163,274
41350,-181,-189,253
41400,-181,-189,253
41450,-194,-202,236
41500,-207,-193,224
41550,-215,-182,220
41600,-215,-182,220
41650,-213,-179,223
41700,-210,-185,226
41750,-206,-193,226
41800,-206,-193,226
41850,-203,-204,224
41900,-205,-203,222
41950,-211,-194,220
42000,-211,-194,220
42050,-217,-186,217
42100,-219,-179,220
42150,-219,-174,219
42200,-219,-174,219
42250,-214,-181,221
42300,-201,-191,233
42350,-189,-194,241
42400,-189,-194,241
42451,-177,-202,246
42500,-171,-196,255
42550,-158,-197,266
42600,-158,-197,266
42650,-140,-198,277
42700,-127,-188,289
42750,-127,-188,289
42800,-121,-169,298
42850,-112,-152,308
42900,-98,-140,318
42950,-98,-140,318
43000,-93,-132,321
43050,-83,-133,326
43100,-77,-135,329
43150,-77,-135,329
43200,-84,-143,323
43250,-95,-163,314
43300,-107,-181,303
43350,-107,-181,303
43400,-110,-199,294
43450,-92,-229,291
43500,-49,-277,282
43550,-49,-277,282
43601,-11,-322,263
43650,4,-350,245
43700,3,-367,226
43750,3,-367,226
43800,0,-375,218
43850,12,-393,202
43900,23,-412,178
43950,23,-412,178
44000,21,-427,155
44050,2,-432,139
44100,13,-452,96
44150,13,-452,96
44200,22,-466,59
44250,30,-477,17
44300,42,-482,-38
44350,42,-482,-38
44400,51,-482,-57
44450,71,-480,-56
44500,106,-478,-55
44550,106,-478,-55
44600,146,-473,-59
44650,178,-466,-51
44700,202,-460,-36
44750,202,-460,-36
44800,210,-459,-9
44850,216,-455,26
44900,222,-444,69
44950,222,-444,69
45000,232,-434,100
45050,224,-424,132
45101,202,-425,149
45150,202,-425,149
45200,175,-425,167
45250,149,-432,168
45300,105,-430,181
45350,105,-430,181
45400,44,-426,186
45450,-27,-414,180
45500,-27,-414,180
45550,-93,-398,158
45600,-146,-378,131
45650,-172,-377,92
45700,-172,-377,92
45750,-179,-385,58
45800,-175,-398,18
45850,-163,-412,-21
45900,-163,-412,-21
45950,-140,-415,-61
46000,-85,-385,-88
46050,-45,-396,-79
46101,-45,-396,-79
46150,-2,-401,-79
46200,43,-403,-78
46250,86,-396,-66
46300,86,-396,-66
46350,122,-385,-54
46400,153,-378,-34
46450,176,-370,-11
46500,176,-370,-11
46550,197,-364,13
46600,215,-356,50
46650,223,-343,100
46700,223,-343,100
46750,221,-322,154
46800,207,-297,205
46850,195,-292,250
46900,195,-292,250
46950,189,-272,273
47000,187,-248,296
47050,189,-229,313
47100,189,-229,313
47150,186,-207,326
47200,180,-190,336
47250,165,-178,344
47300,165,-178,344
47350,154,-179,347
47400,126,-176,350
47450,94,-173,352
47500,94,-173,352
47550,55,-175,350
47600,14,-180,342
47650,-28,-178,329
47700,-28,-178,329
47750,-66,-184,311
47801,-107,-203,281
47850,-153,-209,239
47900,-153,-209,239
47950,-194,-210,191
48000,-214,-212,148
48050,-232,-212,105
48100,-232,-212,105
48150,-240,-225,71
48200,-227,-253,44
48250,-227,-253,44
48300,-203,-291,28
48350,-165,-328,15
48400,-118,-361,8
48450,-118,-361,8
48500,-66,-384,6
48550,-15,-397,11
48600,34,-399,25
48650,34,-399,25
48700,75,-392,50
48750,106,-376,91
48800,123,-352,139
48850,123,-352,139
48900,136,-321,185
48950,156,-300,214
49000,165,-292,230
49050,165,-292,230
49100,165,-286,248
49150,164,-277,267
49201,162,-255,290
49250,162,-255,290
49300,166,-230,310
49350,175,-201,325
49400,186,-175,336
49450,186,-175,336
49500,191,-154,345
49550,191,-138,351
49600,179,-130,353
49650,179,-130,353
49700,160,-127,359
49750,140,-126,363
49800,118,-127,363
49850,118,-127,363
49900,92,-137,361
49950,52,-143,356
50000,7,-147,345
50050,7,-147,345
50100,-36,-162,329
50150,-82,-159,308
50200,-130,-159,278
50250,-130,-159,278
50300,-178,-162,233
50350,-211,-148,195
50400,-233,-159,157
50450,-233,-159,157
50500,-247,-171,118
50550,-256,-190,75
50600,-245,-223,46
50650,-245,-223,46
50700,-224,-261,32
50750,-186,-301,32
50800,-142,-338,33
50850,-142,-338,33
50900,-94,-365,32
50950,-48,-380,39
51000,-48,-387,39
51050,-2,-387,60
51100,45,-386,77
51150,90,-378,101
51200,90,-378,101
51250,136,-370,119
51300,167,-357,141
51350,186,-346,157
51400,186,-346,157
51450,197,-328,188
51500,204,-309,214
51550,210,-301,238
51600,210,-301,238
51650,213,-285,264
51700,223,-266,281
51750,237,-240,295
51800,237,-240,295
51851,259,-219,298
51901,281,-194,300
51950,294,-184,300
52000,294,-184,300
52050,279,-183,307
52100,256,-200,321
52150,233,-200,331
52200,233,-200,331
52250,203,-204,337
52300,166,-207,344
52350,120,-220,343
52400,120,-220,343
52450,74,-235,338
52500,33,-234,331
52550,-7,-236,320
52600,-7,-236,320
52650,-45,-240,304
52700,-78,-242,286
52750,-110,-245,265
52800,-110,-245,265
52850,-140,-246,240
52900,-160,-254,216
52950,-174,-268,189
53000,-174,-268,189
53050,-180,-283,170
53101,-182,-297,152
53150,-183,-312,131
53200,-183,-312,131
53250,-174,-333,115
53300,-158,-358,98
53350,-136,-381,87
53400,-136,-381,87
53450,-106,-405,76
53500,-72,-422,72
53550,-30,-440,67
53600,-30,-440,67
53650,15,-451,74
53700,64,-453,84
53750,64,-453,84
53800,109,-450,100
53850,149,-445,111
53900,184,-436,117
53950,184,-436,117
54000,216,-431,117
54050,243,-423,117
54100,259,-416,122
54150,259,-416,122
54200,270,-403,138
54251,276,-391,156
54300,273,-379,177
54350,273,-379,177
54400,264,-367,201
54450,258,-355,218
54500,253,-348,230
54550,253,-348,230
54600,252,-348,230
54650,230,-337,250
54700,197,-329,269
54750,197,-329,269
54800,158,-323,283
54850,130,-323,285
54900,103,-320,289
54950,103,-320,289
55000,66,-300,300
55050,30,-288,303
55100,-7,-292,288
55150,-7,-292,288
55200,-52,-282,277
55250,-96,-275,257
55300,-129,-272,233
55350,-129,-272,233
55400,-152,-280,206
55450,-149,-305,185
55500,-129,-334,177
55550,-129,-334,177
55600,-91,-368,171
55650,-66,-398,148
55700,-39,-429,123
55750,-39,-429,123
55800,1,-462,90
55850,40,-486,40
55900,83,-497,14
55950,83,-497,14
56000,128,-495,7
56050,182,-486,18
56100,232,-463,38
56150,232,-463,38
56200,273,-433,67
56250,300,-411,88
56300,306,-397,102
56350,306,-397,102
56400,314,-378,121
56450,334,-340,150
56500,334,-340,150
56550,341,-308,179
56600,335,-282,208
56650,338,-244,231
56700,338,-244,231
56750,339,-222,243
56801,307,-249,253
56850,264,-296,252
56900,264,-296,252
56950,212,-339,243
57000,149,-373,228
57050,81,-400,207
57100,81,-400,207
57150,13,-420,166
57200,-40,-424,136
57250,-65,-422,125
57300,-65,-422,125
57350,-74,-423,116
57400,-70,-419,131
57450,-79,-408,142
57500,-79,-408,142
57550,-95,-412,122
57600,-95,-432,81
57650,-78,-458,34
57700,-78,-458,34
57750,-31,-479,6
57800,31,-495,3
57850,101,-493,18
57900,101,-493,18
57950,177,-471,60
58000,237,-436,104
58050,275,-393,140
58100,275,-393,140
58150,289,-357,176
58200,298,-310,215
58250,306,-249,252
58300,306,-249,252
58350,308,-164,286
58400,310,-46,300
58450,293,77,284
58500,293,77,284
58550,269,186,237
58600,257,264,156
58650,260,305,59
58700,260,305,59
58750,259,319,-29
58800,281,304,-83
58850,322,270,-114
58900,322,270,-114
58950,357,237,-124
59000,388,212,-108
59050,413,189,-62
59100,413,189,-62
59151,428,168,-19
59201,437,148,25
59250,436,131,67
59300,436,131,67
59350,424,124,113
59400,394,128,165
59450,394,128,165
59500,366,123,211
59550,347,116,236
59600,336,96,255
59650,336,96,255
59700,344,70,264
59750,334,51,280
59800,325,47,287
59850,325,47,287
59900,318,41,297
59950,309,31,304
60000,306,31,306
60050,306,31,306
60100,317,41,296
60150,326,53,286
60200,319,51,294
60250,319,51,294
60300,301,46,305
60350,295,49,308
60400,301,61,302
60450,301,61,302
60500,304,64,296
60550,320,72,284
60600,325,67,282
60650,325,67,282
60700,328,63,280
60750,319,54,290
60800,322,56,288
60850,322,56,288
60900,321,58,288
60950,320,50,291
61000,310,26,301
61050,310,26,301
61100,314,8,301
61150,335,-14,291
61200,381,-50,254
61250,381,-50,254
61300,405,-77,226
61350,414,-110,210
61400,461,-157,114
61450,461,-157,114
61500,480,-199,-14
61550,473,-202,-125
61600,435,-146,-252
61650,435,-146,-252
61700,368,-27,-338
61750,295,84,-362
61800,234,156,-360
61851,234,156,-360
61901,165,229,-337
61950,90,297,-268
62000,34,336,-198
62050,34,336,-198
62100,-4,353,-132
62150,-35,356,-52
62200,-35,356,-52
62250,-63,341,6
62300,-89,322,39
62350,-117,305,49
62400,-117,305,49
62450,-143,287,51
62500,-163,274,28
62550,-181,266,-21
62600,-181,266,-21
62650,-188,252,-81
62700,-190,228,-155
62750,-186,198,-212
62800,-186,198,-212
62850,-166,187,-259
62900,-114,191,-318
62950,-51,190,-382
63000,-51,190,-382
63050,-47,80,-425
63100,-18,62,-400
63150,38,52,-416
63200,38,52,-416
63250,90,57,-416
63300,132,63,-407
63350,195,51,-398
63400,195,51,-398
63450,250,42,-383
63500,293,25,-363
63550,350,-10,-335
63600,350,-10,-335
63650,416,-49,-270
63700,464,-85,-194
63750,489,-144,-121
63800,489,-144,-121
63850,485,-212,-54
63900,468,-235,23
63950,437,-243,116
64000,437,-243,116
64050,384,-239,198
64100,330,-235,252
64150,267,-220,296
64200,267,-220,296
64251,187,-173,333
64300,93,-109,348
64350,25,-59,337
64400,25,-59,337
64450,-8,-35,326
64500,-33,5,308
64550,-66,65,268
64600,-66,65,268
64650,-96,111,223
64700,-114,145,179
64750,-121,162,153
64800,-121,162,153
64850,-124,178,128
64900,-112,199,102
64950,-112,199,102
65000,-109,223,45
65050,-87,249,-50
65100,-19,260,-152
65150,-19,260,-152
65200,81,257,-201
65250,141,248,-211
65300,158,230,-241
65351,158,230,-241
65400,171,196,-290
65450,193,135,-346
65500,220,76,-380
65550,220,76,-380
65600,238,40,-392
65650,244,20,-398
65700,244,-26,-418
65750,244,-26,-418
65800,248,-71,-426
65850,232,-102,-440
65900,223,-127,-447
65950,223,-127,-447
66000,222,-152,-447
66050,217,-181,-448
66100,215,-213,-445
66150,215,-213,-445
66200,229,-235,-438
66250,286,-277,-399
66300,342,-307,-344
66350,342,-307,-344
66400,399,-336,-249
66450,436,-337,-154
66500,450,-327,-93
66550,450,-327,-93
66600,457,-307,-35
66650,451,-276,47
66700,425,-217,142
66750,425,-217,142
66800,388,-146,205
66850,358,-101,234
66900,331,-65,254
66950,331,-65,254
67000,292,-5,265
67050,241,76,257
67100,173,159,219
67150,173,159,219
67200,102,220,164
67250,46,263,85
67300,16,278,7
67350,16,278,7
67400,5,280,-38
67450,8,280,-68
67501,6,276,-111
67550,6,276,-111
67600,29,275,-133
67650,86,284,-108
67700,86,284,-108
67750,173,271,-110
67800,256,238,-131
67850,304,187,-198
67900,304,187,-198
67950,299,116,-301
68000,279,44,-371
68050,250,-10,-413
68100,250,-10,-413
68150,194,-54,-448
68200,120,-108,-469
68250,45,-171,-472
68300,45,-171,-472
68350,-46,-234,-445
68400,-111,-276,-402
68450,-148,-316,-361
68500,-148,-316,-361
68550,-166,-354,-323
68600,-176,-375,-298
68650,-159,-400,-292
68700,-159,-400,-292
68750,-162,-388,-262
68800,-175,-367,-268
68851,-181,-349,-274
68900,-181,-349,-274
68950,-187,-332,-274
69000,-204,-299,-279
69050,-216,-245,-285
69100,-216,-245,-285
69150,-225,-173,-285
69200,-228,-97,-273
69250,-223,-14,-244
69300,-223,-14,-244
69350,-200,64,-212
69400,-160,140,-167
69450,-106,199,-119
69500,-106,199,-119
69550,-42,240,-68
69600,23,261,-22
69650,80,272,30
69700,80,272,30
69751,141,262,78
69800,192,241,115
69850,229,215,145
69900,229,215,145
69950,252,192,170
70000,264,171,193
70050,266,156,207
70100,266,156,207
70150,267,145,219
70200,265,143,223
70250,263,132,236
70300,263,132,236
70350,262,128,241
70400,247,107,267
70450,247,107,267
70500,216,55,315
70550,161,-6,355
70600,93,-87,375
70650,93,-87,375
70700,48,-133,375
70750,48,-140,341
70800,46,-122,313
70850,46,-122,313
70900,39,-151,309
70950,19,-176,301
71000,-3,-182,294
71050,-3,-182,294
71100,-9,-186,295
71150,6,-214,292
71200,40,-230,294
71250,40,-230,294
71300,79,-254,288
71350,163,-277,278
71400,261,-253,260
71450,261,-253,260
71500,295,-226,255
71550,310,-199,258
71600,330,-154,254
71650,330,-154,254
71700,353,-104,245
71750,365,-51,235
71800,365,-3,225
71850,365,-3,225
71900,352,33,226
71950,333,62,232
72000,317,66,238
72050,317,66,238
72100,310,62,243
72150,308,67,243
72200,295,71,247
72250,295,71,247
72300,285,75,250
72350,277,82,251
72400,274,92,247
72450,274,92,247
72500,274,89,250
72551,263,82,257
72600,257,82,260
72650,257,82,260
72700,255,77,264
72750,254,70,268
72800,250,69,269
72850,250,69,269
72900,245,64,275
72950,246,66,273
73000,243,70,272
73050,243,70,272
73100,248,72,269
73150,250,78,265
73200,250,78,265
73250,254,82,263
73300,252,86,262
73350,249,77,270
73400,249,77,270
73450,249,73,273
73500,246,69,272
73550,238,65,277
73600,238,65,277
73650,218,50,291
73700,173,8,313
73750,120,-36,327
73801,120,-36,327
73850,66,-59,328
73900,11,-75,320
73950,-30,-82,308
74000,-30,-82,308
74050,-75,-106,288
74100,-132,-138,253
74150,-176,-149,214
74200,-176,-149,214
74250,-210,-155,177
74300,-233,-158,144
74350,-244,-161,127
74400,-244,-161,127
74450,-250,-157,116
74500,-250,-140,124
74550,-231,-113,157
74600,-231,-113,157
74650,-216,-110,176
74700,-183,-115,213
74750,-148,-140,239
74800,-148,-140,239
74850,-122,-166,253
74900,-107,-180,260
74950,-90,-189,266
75000,-90,-189,266
75050,-74,-189,275
75100,-94,-210,257
75150,-114,-247,229
75200,-114,-247,229
75250,-104,-259,232
75300,-91,-252,241
75350,-100,-229,246
75400,-100,-229,246
75450,-129,-182,244
75500,-167,-122,225
75550,-200,-51,194
75600,-200,-51,194
75650,-230,23,138
75700,-248,75,68
75750,-277,73,-30
75800,-277,73,-30
75850,-289,35,-117
75900,-284,-25,-199
75950,-284,-25,-199
76000,-267,-100,-258
76050,-232,-182,-299
76100,-182,-273,-323
76150,-182,-273,-323
76200,-116,-355,-326
76250,-69,-406,-311
76301,-39,-440,-289
76350,-39,-440,-289
76400,-14,-466,-266
76450,-6,-481,-239
76500,0,-488,-227
76550,0,-488,-227
76600,3,-490,-219
76650,-21,-490,-194
76700,-50,-488,-158
76750,-50,-488,-158
76800,-69,-481,-141
76850,-81,-474,-141
76900,-93,-468,-144
76950,-93,-468,-144
77000,-102,-460,-140
77050,-116,-455,-115
77100,-131,-443,-56
77150,-131,-443,-56
77200,-146,-409,27
77250,-160,-346,113
77300,-140,-261,201
77350,-140,-261,201
77400,-116,-170,257
77451,-106,-77,272
77500,-86,15,271
77550,-86,15,271
77600,-68,108,247
77650,-62,184,198
77700,-64,235,140
77750,-64,235,140
77800,-56,275,78
77850,-68,296,-11
77900,-96,286,-101
77950,-96,286,-101
78000,-133,241,-182
78050,-174,164,-250
78100,-208,56,-293
78150,-208,56,-293
78200,-222,-76,-289
78250,-228,-182,-275
78300,-217,-272,-252
78350,-217,-272,-252
78400,-194,-339,-232
78450,-157,-400,-218
78500,-103,-451,-217
78550,-103,-451,-217
78600,-42,-479,-236
78650,23,-489,-264
78700,23,-476,-264
78750,91,-476,-295
78800,173,-430,-324
78850,295,-382,-326
78900,295,-382,-326
78950,383,-336,-293
79000,417,-308,-278
79050,449,-287,-249
79100,449,-287,-249
79150,497,-250,-177
79200,516,-235,-100
79250,513,-243,-16
79300,513,-243,-16
79350,483,-257,74
79400,441,-241,52
79450,367,-249,147
79500,367,-249,147
79550,391,-297,173
79600,372,-368,121
79650,319,-441,21
79700,319,-441,21
79750,210,-488,-87
79800,85,-477,-179
79850,-15,-428,-233
79900,-15,-428,-233
79950,-92,-367,-259
80000,-159,-298,-262
80051,-224,-220,-233
80100,-224,-220,-233
80150,-266,-154,-195
80200,-291,-102,-152
80250,-303,-75,-115
80300,-303,-75,-115
80350,-311,-74,-75
80400,-315,-66,-37
80450,-315,-52,-3
80500,-315,-52,-3
80550,-317,-93,-3
80600,-313,-175,-21
80650,-293,-239,22
80700,-293,-239,22
80750,-267,-257,104
80800,-242,-266,148
80850,-212,-240,212
80900,-212,-240,212
80950,-182,-202,265
81000,-152,-167,303
81050,-127,-125,325
81100,-127,-125,325
81150,-133,-86,325
81200,-165,-69,301
81250,-197,-58,276
81300,-197,-58,276
81350,-236,-49,231
81400,-275,-51,173
81450,-275,-51,173
81500,-298,-53,124
81550,-310,-46,80
81600,-319,-49,34
81650,-319,-49,34
81700,-320,-41,-6
81750,-318,-24,-47
81800,-309,-4,-88
81850,-309,-4,-88
81900,-292,26,-131
81950,-272,65,-150
82000,-254,124,-135
82050,-254,124,-135
82100,-231,185,-78
82150,-190,241,10
82201,-129,272,103
82250,-129,272,103
82300,-71,258,193
82350,-34,215,262
82400,6,184,298
82450,6,184,298
82500,29,178,305
82550,13,195,292
82600,-71,209,248
82650,-71,209,248
82700,-178,199,159
82750,-248,169,53
82800,-276,128,-45
82850,-276,128,-45
82900,-286,67,-119
82950,-284,-14,-182
83000,-268,-108,-224
83050,-268,-108,-224
83100,-237,-204,-242
83150,-188,-291,-252
83200,-118,-365,-257
83250,-118,-365,-257
83300,-28,-420,-254
83350,66,-443,-251
83400,161,-442,-246
83450,161,-442,-246
83500,244,-424,-234
83550,321,-379,-225
83600,402,-313,-194
83650,402,-313,-194
83700,474,-231,-118
83750,502,-167,-49
83800,510,-126,1
83850,510,-126,1
83900,499,-100,81
83950,462,-82,178
84000,442,-69,210
84050,442,-69,210
84100,430,-68,227
84150,404,-67,252
84200,404,-67,252
84250,369,-85,282
84300,340,-124,306
84350,349,-161,289
84400,349,-161,289
84450,368,-192,264
84500,385,-200,242
84550,394,-211,226
84600,394,-211,226
84650,406,-229,199
84700,414,-255,168
84750,423,-288,117
84800,423,-288,117
84850,419,-330,48
84900,399,-372,-26
84950,349,-410,-103
85000,349,-410,-103
85050,269,-432,-182
85100,153,-425,-258
85150,32,-376,-306
85200,32,-376,-306
85250,-62,-298,-332
85300,-130,-213,-332
85350,-178,-139,-311
85400,-178,-139,-311
85450,-216,-67,-279
85500,-242,8,-229
85550,-266,62,-156
85600,-266,62,-156
85650,-275,106,-48
85700,-254,125,95
85750,-233,81,185
85800,-233,81,185
85850,-221,6,236
85900,-176,-50,294
85950,-120,-93,334
86000,-120,-93,334
86050,-65,-119,356
86101,-37,-160,358
86150,8,-174,367
86200,8,-174,367
86250,46,-176,374
86300,38,-201,365
86350,50,-221,360
86400,50,-221,360
86450,85,-231,359
86500,112,-270,343
86550,160,-358,281
86600,160,-358,281
86650,198,-461,145
86700,209,-500,3
86750,215,-506,-70
86800,215,-506,-70
86850,216,-489,-162
86900,198,-451,-243
86950,198,-451,-243
87000,162,-383,-326
87050,123,-322,-370
87100,76,-280,-391
87150,76,-280,-391
87200,21,-228,-400
87251,-40,-173,-392
87300,-88,-137,-378
87350,-88,-137,-378
87400,-106,-120,-373
87450,-138,-69,-371
87500,-184,-37,-390
87550,-184,-37,-390
87600,-202,-2,-369
87650,-226,50,-328
87700,-237,101,-287
87750,-237,101,-287
87800,-230,162,-235
87850,-205,236,-153
87900,-166,281,-77
87950,-166,281,-77
88000,-132,301,-19
88050,-88,311,40
88100,-19,310,105
88150,-19,310,105
88200,68,274,181
88250,137,205,246
88300,187,96,301
88350,187,96,301
88401,178,38,324
88450,168,-32,339
88500,140,-91,347
88550,140,-91,347
88600,102,-158,347
88650,61,-239,326
88700,21,-314,287
88750,21,-314,287
88800,-26,-370,239
88850,-65,-396,200
88900,-85,-399,186
88950,-85,-399,186
89000,-121,-397,166
89050,-150,-378,161
89100,-173,-357,162
89150,-173,-357,162
89200,-185,-339,168
89250,-167,-368,155
89300,-150,-399,135
89350,-150,-399,135
89400,-145,-421,105
89450,-158,-437,52
89500,-177,-443,-11
89550,-177,-443,-11
89601,-193,-436,-79
89650,-218,-404,-150
89700,-256,-314,-228
89750,-256,-314,-228
89800,-283,-182,-283
89850,-278,-44,-298
89900,-278,-44,-298
89950,-241,85,-293
90000,-166,199,-271
90050,-73,281,-224
90100,-73,281,-224
90150,8,321,-162
90200,74,340,-90
90250,124,332,-4
90300,124,332,-4
90350,145,312,75
90400,158,275,144
90450,158,239,197
90500,158,239,197
90550,151,214,226
90600,156,150,275
90650,155,88,308
90700,155,88,308
90750,139,25,333
90800,109,-54,349
90850,55,-134,349
90900,55,-134,349
90950,-15,-217,323
91000,-79,-283,277
91050,-139,-308,230
91100,-139,-308,230
91150,-186,-297,201
91200,-224,-274,179
91250,-241,-265,165
91300,-241,-265,165
91350,-258,-258,144
91400,-281,-243,115
91450,-298,-242,75
91500,-298,-242,75
91550,-296,-264,56
91600,-296,-282,31
91650,-297,-291,-1
91700,-297,-291,-1
91750,-299,-298,-39
91800,-298,-299,-92
91850,-293,-294,-148
91900,-293,-294,-148
91950,-282,-272,-213
92000,-262,-247,-271
92050,-229,-220,-327
92100,-229,-220,-327
92150,-190,-190,-373
92200,-145,-164,-409
92250,-98,-136,-435
92300,-98,-136,-435
92350,-39,-104,-455
92400,22,-66,-461
92450,72,-26,-456
92500,72,-26,-456
92550,117,30,-434
92600,165,85,-402
92650,165,85,-402
92700,222,126,-353
92750,267,161,-293
92800,282,196,-235
92850,282,196,-235
92900,260,255,-161
92950,246,286,-49
93000,234,284,37
93050,234,284,37
93100,200,282,95
93150,160,275,142
93200,126,247,197
93250,126,247,197
93301,68,210,246
93350,7,174,270
93400,-59,117,290
93450,-59,117,290
93500,-119,46,294
93550,-173,-25,277
93600,-209,-100,253
93650,-209,-100,253
93700,-228,-154,227
93750,-230,-172,221
93800,-220,-176,231
93850,-220,-176,231
93900,-214,-172,238
93950,-219,-157,237
94000,-229,-150,231
94050,-229,-150,231
94100,-229,-156,229
94150,-221,-175,231
94200,-207,-193,241
94250,-207,-193,241
94300,-173,-198,266
94350,-115,-172,305
94400,-70,-138,330
94450,-70,-138,330
94500,-40,-107,342
94550,-15,-77,348
94600,11,-43,350
94650,11,-43,350
94700,25,-4,348
94751,44,48,337
94800,59,105,316
94850,59,105,316
94900,53,162,285
94950,33,204,253
95000,-5,224,230
95050,-5,224,230
95100,-35,225,219
95150,-56,213,223
95200,-61,200,232
95250,-61,200,232
95300,-55,199,237
95350,-21,184,258
95400,-21,184,258
95450,26,169,278
95500,88,155,286
95550,154,123,293
95600,154,123,293
95650,211,86,287
95700,262,60,269
95750,301,30,255
95800,301,30,255
95850,330,6,235
95900,366,-25,199
95951,404,-61,150
96000,404,-61,150
96050,427,-114,106
96100,421,-188,89
96150,390,-270,94
96200,390,-270,94
96250,331,-356,99
96300,260,-428,81
96350,184,-482,33
96400,184,-482,33
96450,100,-508,7
96500,11,-507,19
96550,-72,-483,38
96600,-72,-483,38
96650,-148,-442,50
96700,-208,-398,49
96750,-251,-356,38
96800,-251,-356,38
96850,-279,-320,36
96900,-293,-288,55
96950,-294,-256,93
97000,-294,-256,93
97050,-281,-215,151
97100,-249,-165,211
97151,-201,-115,266
97200,-201,-115,266
97250,-148,-52,302
97300,-82,-17,329
97350,-4,6,343
97400,-4,6,343
97450,93,10,344
97500,193,4,321
97550,281,-4,276
97600,281,-4,276
97650,356,-14,211
97700,400,-12,148
97750,427,-9,91
97800,427,-9,91
97850,447,-27,35
97900,459,-85,-20
97950,452,-174,-84
98000,452,-174,-84
98050,421,-273,-99
98100,367,-363,-102
98150,292,-437,-102
98200,292,-437,-102
98250,206,-491,-67
98300,105,-512,-8
98350,105,-512,-8
98400,2,-499,44
98450,-87,-458,83
98500,-159,-362,134
98550,-159,-362,134
98600,-181,-313,258
98650,-204,-218,250
98700,-201,-117,275
98750,-201,-117,275
98800,-193,-15,274
98850,-175,59,260
98900,-165,110,239
98950,-165,110,239
99000,-158,137,224
99050,-153,147,220
99100,-153,154,211
99150,-153,154,211
99200,-139,153,227
99250,-114,143,259
99300,-78,123,295
99351,-78,123,295
99400,-20,100,331
99450,38,94,346
99500,81,123,333
99550,81,123,333
99600,144,137,318
99650,228,147,282
99700,303,144,231
99750,303,144,231
99800,362,134,173
99850,410,105,111
99900,449,61,47
99950,449,61,47
100000,476,-5,-2
100050,490,-95,-28
100100,483,-205,-40
100150,483,-205,-40
100200,447,-317,-21
100250,382,-411,0
100301,294,-477,45
100350,294,-477,45
100400,181,-507,106
100450,57,-496,154
100500,-38,-457,185
100550,-38,-457,185
100600,-111,-403,202
100650,-183,-321,213
100700,-230,-231,215
100750,-230,-231,215
100800,-253,-135,215
100850,-262,-38,195
100900,-255,35,174
100950,-255,35,174
101000,-237,88,164
101050,-223,119,155
101100,-223,119,155
101150,-218,133,153
101200,-201,140,170
101250,-183,131,205
101300,-183,131,205
101350,-168,113,239
101400,-154,101,257
101450,-120,76,298
101500,-120,76,298
101551,-73,51,335
101600,-14,36,359
101650,68,30,372
101700,68,30,372
101750,157,28,365
101800,248,-9,346
101850,328,-78,312
101900,328,-78,312
101950,372,-156,272
102000,383,-243,237
102050,358,-331,208
102100,358,-331,208
102150,296,-425,169
102200,199,-491,140
102250,77,-518,114
102300,77,-518,114
102350,-30,-503,101
102400,-119,-463,95
102450,-195,-404,84
102500,-195,-404,84
102550,-257,-326,70
102600,-299,-244,44
102650,-320,-157,28
102700,-320,-157,28
102750,-322,-74,22
102800,-307,14,25
102851,-280,81,33
102900,-280,81,33
102950,-253,136,7
103000,-226,173,-38
103050,-191,206,-59
103100,-191,206,-59
103150,-154,236,-73
103200,-120,257,-66
103250,-113,266,-40
103300,-113,266,-40
103350,-133,254,-42
103400,-172,224,-41
103450,-214,188,-29
103500,-214,188,-29
103550,-242,148,33
103600,-256,101,107
103650,-265,26,163
103700,-265,26,163
103750,-273,-68,185
103800,-279,-152,174
103850,-279,-152,174
103900,-282,-220,146
103950,-269,-276,130
104000,-262,-327,78
104050,-262,-327,78
104100,-251,-369,13
104150,-249,-374,-59
104200,-255,-349,-124
104250,-255,-349,-124
104300,-259,-316,-165
104350,-251,-297,-199
104400,-244,-266,-235
104451,-244,-266,-235
104500,-228,-221,-274
104550,-221,-167,-295
104600,-234,-97,-282
104650,-234,-97,-282
104700,-251,-29,-244
104750,-253,38,-200
104800,-234,108,-164
104850,-234,108,-164
104900,-203,177,-101
104950,-149,237,1
105000,-71,268,87
105050,-71,268,87
105100,-22,277,114
105150,-10,277,125
105200,1,278,134
105250,1,278,134
105300,25,287,125
105350,30,290,118
105400,12,289,117
105450,12,289,117
105500,-6,284,116
105550,-16,274,137
105600,-14,247,189
105650,-14,247,189
105700,-8,214,238
105751,17,181,279
105800,65,156,306
105850,65,156,306
105900,123,139,318
105950,178,131,310
106000,196,148,296
106050,196,148,296
106100,158,203,258
106150,84,253,207
106200,16,262,181
106250,16,262,181
106300,-54,253,162
106350,-124,219,154
106400,-194,160,149
106450,-194,160,149
106500,-243,83,160
106550,-273,5,163
106600,-273,191,163
106650,-292,-65,148
106700,-303,-123,127
106750,-314,-173,82
106800,-314,-173,82
106850,-320,-208,24
106900,-317,-233,-33
106950,-308,-249,-83
107000,-308,-249,-83
107050,-299,-241,-134
107100,-291,-208,-180
107150,-290,-156,-200
107200,-290,-156,-200
107250,-289,-93,-198
107300,-287,-21,-178
107350,-277,65,-120
107400,-277,65,-120
107450,-233,159,-1
107500,-151,207,129
107550,-81,209,200
107600,-81,209,200
107650,-76,175,245
107700,-64,133,287
107750,-33,117,311
107800,-33,117,311
107850,-6,95,332
107900,37,44,361
107950,74,4,376
108000,74,4,376
108050,113,-41,384
108100,142,-76,386
108150,178,-110,381
108200,178,-110,381
108250,227,-142,365
108300,290,-189,329
108350,341,-204,292
108400,341,-204,292
108450,382,-181,257
108500,401,-118,244
108550,395,-55,244
108600,395,-55,244
108650,370,11,252
108700,327,68,269
108750,256,114,290
108801,256,114,290
108850,168,133,315
108900,62,120,335
108950,-53,80,328
109000,-53,80,328
109050,-143,22,305
109100,-195,-62,284
109150,-228,-167,246
109200,-228,-167,246
109250,-266,-234,168
109300,-285,-268,95
109350,-303,-266,19
109400,-303,-266,19
109450,-308,-257,-28
109500,-313,-237,-46
109550,-313,-237,-46
109600,-318,-202,-83
109650,-308,-155,-150
109700,-285,-104,-208
109750,-285,-104,-208
109800,-276,-32,-203
109850,-277,60,-124
109900,-270,104,13
109950,-270,104,13
110000,-241,81,158
110050,-192,34,252
110100,-166,36,273
110150,-166,36,273
110200,-135,44,295
110250,-98,47,316
110301,-69,15,341
110350,-69,15,341
110400,-30,-63,372
110450,12,-159,380
110500,62,-246,366
110550,62,-246,366
110600,115,-305,343
110650,178,-345,309
110700,250,-374,259
110750,250,-374,259
110800,338,-355,205
110850,424,-309,114
110900,454,-229,112
110950,454,-229,112
111000,460,-151,139
111050,447,-71,169
111100,412,-6,205
111150,412,-6,205
111200,365,54,239
111250,297,109,266
111300,222,145,289
111350,222,145,289
111400,127,153,310
111450,29,123,330
111500,-54,70,334
111550,-54,70,334
111601,-118,4,329
111650,-167,-65,309
111700,-216,-118,266
111750,-216,-118,266
111800,-260,-159,207
111850,-288,-199,146
111900,-298,-234,90
111950,-298,-234,90
112000,-313,-241,10
112050,-318,-214,-58
112100,-322,-167,-83
112150,-322,-167,-83
112200,-324,-122,-87
112250,-324,-82,-76
112300,-324,-43,-39
112350,-322,-43,-39
112400,-311,-5,32
112450,-278,18,131
112500,-278,18,131
112550,-222,-19,239
112600,-159,-83,308
112650,-93,-109,349
112700,-93,-109,349
112750,5,-173,376
112800,103,-250,366
112850,164,-266,351
112900,164,-266,351
112950,225,-266,334
113000,290,-235,314
113050,348,-194,285
113100,348,-194,285
113150,392,-137,251
113200,418,-67,216
113250,403,16,211
113300,403,16,211
113350,362,91,213
113400,303,156,220
113450,236,198,229
113500,236,198,229
113550,159,214,245
113600,81,198,275
113650,-8,153,300
113700,-8,153,300
113750,-90,80,310
113800,-137,1,316
113850,-166,-63,308
113900,-166,-63,308
113950,-194,-117,286
114000,-221,-166,254
114050,-247,-200,213
114100,-247,-200,213
114150,-272,-198,175
114200,-292,-159,149
114250,-304,-126,126
114300,-304,-126,126
114350,-312,-109,101
114400,-318,-97,73
114450,-322,-86,50
114500,-322,-86,50
114550,-319,-70,54
114600,-311,-32,69
114650,-298,0,90
114700,-298,0,90
114750,-275,9,143
114800,-231,-22,229
114850,-195,-73,276
114900,-195,-73,276
114950,-142,-155,315
115000,-72,-249,333
115050,-14,-336,312
115100,-14,-336,312
115150,48,-420,260
115200,109,-469,205
115250,109,-469,205
115300,166,-494,152
115350,229,-494,103
115400,303,-469,57
115450,303,-469,57
115500,374,-416,23
115550,429,-344,-12
115600,463,-272,-12
115650,463,-272,-12
115700,483,-195,6
115751,481,-112,62
115800,451,-38,141
115850,451,-38,141
115900,407,12,199
115950,355,45,249
116000,290,69,291
116050,290,69,291
116100,201,85,328
116150,107,83,350
116200,2,56,353
116250,2,56,353
116300,-105,-1,334
116350,-176,-78,302
116400,-209,-162,267
116450,-209,-162,267
116500,-221,-242,230
116550,-230,-307,172
116600,-244,-344,102
116650,-244,-344,102
116700,-253,-356,47
116750,-274,-329,2
116800,-296,-285,-40
116850,-296,-285,-40
116900,-308,-234,-84
116950,-311,-186,-121
117000,-315,-139,-119
117050,-315,-139,-119
117100,-321,-87,-85
117150,-318,-31,9
117200,-285,8,115
117250,-285,8,115
117300,-255,9,179
117350,-208,-42,256
117400,-169,-127,298
117450,-169,-127,298
117500,-117,-240,310
117550,-40,-351,294
117600,43,-418,260
117650,43,-418,260
117700,107,-426,257
117750,176,-421,248
117800,256,-398,233
117850,256,-398,233
117900,328,-344,224
117950,389,-248,225
118000,389,-117,225
118050,426,-117,208
118100,422,6,187
118150,387,96,178
118200,387,96,178
118250,336,161,179
118300,280,207,184
118350,210,243,191
118400,210,243,191
118450,127,272,181
118500,27,280,163
118550,-80,254,148
118600,-80,254,148
118651,-162,195,154
118700,-212,113,186
118750,-248,27,200
118800,-248,27,200
118850,-261,-67,210
118900,-263,-161,204
118950,-252,-233,193
119000,-252,-233,193
119050,-248,-271,174
119100,-256,-295,140
119150,-264,-311,103
119200,-264,-311,103
119250,-274,-314,64
119300,-282,-316,24
119350,-289,-307,-17
119400,-289,-307,-17
119450,-292,-296,-43
119500,-297,-279,-61
119550,-309,-236,-75
119600,-309,-236,-75
119650,-322,-181,-56
119700,-326,-123,6
119750,-313,-110,85
119800,-313,-110,85
119850,-279,-151,163
119900,-250,-204,199
119950,-206,-275,223
120000,-206,-275,223
120050,-164,-342,219
120100,-111,-412,198
120150,-41,-488,140
120200,-41,-488,140
120250,40,-539,47
120300,108,-549,-64
120350,144,-516,-179
120400,144,-516,-179
120450,158,-453,-280
120500,151,-361,-359
120550,142,-258,-406
120600,142,-258,-406
120650,183,-208,-410
120700,269,-168,-381
120750,351,-106,-327
120800,351,-106,-327
120850,395,-24,-262
120900,404,50,-207
120950,404,50,-207
121000,397,102,-164
121050,399,134,-104
121100,404,149,-21
121150,404,149,-21
121200,385,162,78
121250,328,181,166
121300,258,176,246
121350,258,176,246
121400,179,156,302
121450,90,125,338
121500,-6,93,346
121550,-6,93,346
121600,-99,53,327
121650,-165,10,299
121700,-211,-40,269
121750,-211,-40,269
121800,-234,-103,248
121851,-254,-165,213
121901,-258,-228,185
121950,-258,-228,185
122000,-249,-298,150
122050,-239,-357,99
122100,-235,-385,40
122150,-235,-385,40
122200,-233,-396,-1
122250,-233,-399,-31
122300,-230,-400,-66
122350,-230,-400,-66
122400,-225,-396,-97
122450,-217,-401,-116
122500,-199,-416,-124
122550,-199,-416,-124
122600,-180,-427,-144
122650,-167,-427,-170
122700,-164,-418,-194
122750,-164,-418,-194
122800,-160,-406,-216
122850,-144,-396,-250
122900,-111,-391,-282
122950,-111,-391,-282
123000,-82,-401,-290
123050,-58,-428,-278
123100,-20,-455,-266
123150,-20,-455,-266
123200,13,-468,-262
123250,22,-482,-245
123300,38,-498,-223
123350,38,-498,-223
123400,74,-504,-222
123450,86,-495,-239
123501,94,-487,-253
123550,94,-487,-253
123600,98,-489,-250
123650,100,-502,-231
123700,100,-516,-203
123750,115,-516,-203
123800,142,-530,-171
123850,171,-536,-142
123900,171,-536,-142
123950,202,-535,-123
124000,219,-526,-148
124050,205,-503,-213
124100,205,-503,-213
124150,184,-462,-282
124200,177,-420,-320
124250,182,-394,-339
124300,182,-394,-339
124350,195,-365,-351
124400,205,-332,-364
124450,226,-301,-368
124500,226,-301,-368
124550,246,-276,-366
124600,270,-240,-365
124651,281,-200,-366
124701,281,-200,-366
124750,279,-167,-373
124800,293,-136,-367
124850,305,-104,-357
124900,305,-104,-357
124950,303,-83,-355
125000,314,-68,-345
125050,330,-53,-330
125100,330,-53,-330
125150,342,-37,-317
125200,349,-17,-305
125250,347,5,-299
125300,347,5,-299
125350,337,44,-289
125400,338,84,-262
125450,329,117,-242
125500,329,117,-242
125550,338,154,-190
125600,337,184,-138
125650,340,203,-90
125700,340,203,-90
125750,337,213,-48
125800,333,221,-8
125851,325,226,31
125900,325,226,31
125950,312,227,71
126000,300,226,105
126050,289,213,152
126100,289,213,152
126150,282,181,211
126200,283,131,259
126250,283,69,304
126300,283,69,304
126350,283,-10,335
126400,275,-94,353
126450,275,-181,366
126500,244,-181,366
126550,218,-253,357
126600,212,-294,344
126650,212,-294,344
126700,174,-329,338
126750,136,-366,319
126800,97,-402,289
126850,97,-402,289
126900,43,-428,264
126950,3,-446,233
127000,-54,-453,196
127050,-54,-453,196
127100,-110,-451,150
127150,-156,-434,122
127200,-173,-409,143
127251,-173,-409,143
127300,-169,-391,174
127350,-129,-384,221
127400,-88,-386,246
127450,-88,-386,246
127500,-70,-384,256
127550,-61,-395,251
127600,-20,-410,252
127650,-20,-410,252
127700,44,-439,239
127750,110,-472,199
127800,156,-499,142
127850,156,-499,142
127900,174,-517,80
127950,187,-528,13
128000,180,-531,-60
128051,180,-531,-60
128100,174,-517,-140
128151,154,-480,-229
128200,122,-429,-302
128250,122,-429,-302
128300,81,-371,-354
128350,31,-312,-383
128400,2,-245,-404
128450,2,-245,-404
128500,-16,-175,-415
128550,4,-83,-419
128600,68,24,-403
128650,68,24,-403
128700,170,111,-348
128750,275,167,-250
128800,352,173,-148
128850,352,173,-148
128900,392,163,-56
128950,398,159,17
129000,395,152,82
129050,395,152,82
129100,383,133,150
129150,374,109,195
129200,362,71,243
129250,362,71,243
129300,336,19,297
129350,301,-48,340
129400,301,-48,340
129450,276,-125,362
129500,236,-198,376
129550,183,-265,378
129600,183,-265,378
129650,150,-324,363
129700,94,-375,342
129750,40,-416,305
129800,40,-416,305
129850,-7,-457,243
129900,-58,-464,199
129950,-107,-450,169
130000,-107,-450,169
130050,-170,-412,145
130100,-208,-356,158
130150,-246,-301,150
130200,-246,-301,150
130250,-282,-244,128
130300,-297,-207,115
130350,-296,-195,122
130400,-296,-195,122
130450,-288,-203,139
130500,-267,-228,167
130550,-238,-260,194
130600,-238,-260,194
130650,-208,-305,202
130700,-184,-348,193
130750,-165,-382,173
130800,-165,-382,173
130850,-126,-430,151
130900,-64,-482,122
130950,10,-524,63
131000,10,-524,63
131050,75,-542,-18
131100,119,-534,-100
131150,140,-507,-181
131200,140,-507,-181
131250,146,-454,-266
131300,144,-370,-342
131350,140,-266,-395
131400,140,-266,-395
131450,173,-188,-406
131501,213,-116,-398
131550,260,-56,-370
131600,260,-56,-370
131650,306,1,-328
131700,349,48,-272
131750,392,99,-168
131800,392,99,-168
131850,408,140,-27
131900,372,168,92
131950,329,169,180
132000,329,169,180
132050,303,135,249
132100,275,69,318
132150,275,69,318
132200,241,-28,373
132250,198,-162,395
132300,123,-305,376
132350,123,-305,376
132400,99,-406,326
132450,83,-477,272
132500,43,-537,207
132550,43,-537,207
132600,-22,-563,150
132650,-92,-554,112
132700,-156,-510,84
132750,-156,-510,84
132800,-199,-459,43
132850,-238,-399,9
132900,-269,-343,10
132951,-269,-343,10
133001,-287,-299,30
133050,-295,-269,52
133100,-293,-257,76
133150,-293,-257,76
133200,-287,-241,114
133250,-280,-231,137
133300,-266,-230,165
133350,-266,-230,165
133400,-250,-242,184
133450,-229,-265,199
133500,-207,-296,205
133550,-207,-296,205
133600,-188,-327,204
133650,-152,-376,194
133700,-102,-439,159
133750,-102,-439,159
133800,-40,-500,94
133850,23,-535,-10
133900,75,-529,-120
133950,75,-529,-120
134000,110,-485,-224
134050,124,-417,-308
134100,139,-337,-362
134150,139,-337,-362
134200,164,-258,-390
134250,192,-178,-400
134300,230,-108,-388
134350,230,-108,-388
134400,262,-41,-362
134450,294,28,-320
134500,340,110,-223
134550,340,110,-223
134600,354,179,-96
134650,330,215,47
134700,269,221,166
134750,269,221,166
134800,206,207,238
134850,177,175,285
134900,170,104,342
134950,170,104,342
135000,165,-7,387
135050,140,-135,405
135100,140,-135,405
135150,117,-277,382
135200,141,-376,332
135250,167,-438,285
135300,167,-438,285
135350,163,-494,236
135400,110,-542,181
135450,-3,-553,132
135500,-3,-553,132
135550,-149,-494,86
135600,-235,-408,39
135650,-273,-332,29
135700,-273,-332,29
135750,-294,-275,36
135800,-302,-235,54
135850,-307,-196,75
135900,-307,-196,75
135950,-301,-172,108
136000,-284,-171,153
136050,-270,-194,170
136100,-270,-194,170
136150,-252,-242,175
136200,-217,-320,174
136250,-155,-417,148
136300,-155,-417,148
136350,-78,-498,76
136400,3,-541,-11
136450,81,-543,-94
136500,81,-543,-94
136550,153,-512,-180
136600,223,-439,-262
136650,248,-334,-336
136700,248,-334,-336
136750,238,-234,-382
136800,233,-169,-393
136850,290,-115,-364
136900,290,-115,-364
136950,350,-47,-313
137000,389,37,-231
137050,408,113,-115
137101,408,113,-115
137150,387,167,11
137200,319,213,106
137250,246,231,173
137300,246,231,173
137350,177,219,237
137400,109,167,306
137450,52,89,358
137500,52,89,358
137550,0,-12,389
137600,-34,-100,395
137650,-42,-176,395
137700,-42,-176,395
137750,-36,-248,386
137800,-35,-322,360
137850,-35,-322,360
137900,-19,-405,308
137950,-10,-484,217
138000,-32,-523,124
138050,-32,-523,124
138100,-61,-522,67
138150,-91,-506,50
138200,-131,-477,52
138250,-131,-477,52
138300,-184,-438,16
138350,-216,-408,-13
138401,-225,-390,35
138450,-225,-390,35
138500,-241,-359,71
138550,-250,-342,85
138600,-251,-334,97
138650,-251,-334,97
138700,-230,-339,137
138750,-205,-359,153
138800,-190,-377,151
138850,-190,-377,151
138900,-180,-398,135
138950,-163,-430,104
139000,-119,-477,58
139050,-119,-477,58
139100,-55,-516,3
139150,-1,-533,-63
139200,33,-525,-136
139250,33,-525,-136
139300,45,-501,-201
139350,61,-468,-257
139400,72,-417,-314
139450,72,-417,-314
139500,65,-339,-369
139550,59,-260,-400
139600,60,-183,-417
139650,60,-183,-417
139700,80,-102,-418
139750,124,-38,-406
139800,179,1,-386
139850,179,1,-386
139900,239,39,-349
139950,293,73,-300
140000,333,98,-249
140050,333,98,-249
140100,349,126,-200
140150,369,147,-132
140200,381,161,-48
140250,381,161,-48
140300,379,166,42
140350,355,166,132
140400,297,157,228
140450,297,157,228
140500,228,131,303
140550,166,90,351
140600,166,90,351
140650,110,30,383
140700,81,-39,403
140750,74,-119,410
140800,74,-119,410
140850,36,-218,399
140900,-32,-309,355
140950,-49,-379,316
141001,-49,-379,316
141050,-49,-414,293
141100,-69,-416,275
141150,-107,-408,246
141200,-107,-408,246
141250,-139,-398,215
141300,-139,-395,210
141350,-159,-389,186
141400,-159,-389,186
141450,-177,-385,165
141500,-195,-372,153
141550,-208,-357,153
141600,-208,-357,153
141650,-214,-345,158
141700,-216,-342,151
141750,-222,-347,132
141800,-222,-347,132
141850,-213,-370,117
141900,-205,-391,95
141950,-187,-417,75
142000,-187,-417,75
142050,-166,-449,29
142100,-137,-475,-31
142150,-93,-498,-86
142200,-93,-498,-86
142250,-33,-513,-137
142300,46,-507,-193
142350,119,-467,-261
142400,119,-467,-261
142450,176,-407,-310
142500,226,-344,-334
142550,254,-281,-353
142600,254,-281,-353
142650,271,-200,-367
142700,281,-121,-363
142751,295,-50,-346
142800,295,-50,-346
142850,328,22,-298
142900,371,87,-205
142950,406,126,-58
143000,406,126,-58
143050,376,144,123
143100,265,126,276
143150,123,76,355
143200,123,76,355
143250,9,6,379
143300,-36,-65,382
143350,-36,-65,382
143400,-70,-151,375
143450,-109,-247,340
143500,-116,-332,298
143550,-116,-332,298
143600,-114,-423,225
143650,-106,-487,134
143700,-78,-524,53
143750,-78,-524,53
143800,-43,-544,-27
143850,-42,-531,-111
143900,-76,-499,-165
143950,-76,-499,-165
144000,-118,-464,-184
144050,-156,-434,-180
144100,-195,-418,-133
144150,-195,-418,-133
144200,-217,-411,-56
144250,-227,-397,8
144300,-235,-374,52
144351,-235,-374,52
144401,-226,-380,69
144450,-192,-409,87
144500,-151,-442,93
144550,-151,-442,93
144600,-92,-485,77
144650,-15,-522,49
144700,88,-542,-3
144750,88,-542,-3
144800,191,-525,-68
144850,285,-477,-113
144900,368,-397,-135
144950,368,-397,-135
145000,436,-311,-106
145050,473,-242,-8
145100,471,-163,102
145150,471,-163,102
145200,441,-86,188
145250,372,-17,266
145300,279,27,326
145350,279,27,326
145400,159,17,376
145450,72,-36,394
145500,3,-99,390
145550,3,-99,390
145600,-47,-153,374
145650,-85,-188,352
145700,-121,-183,333
145751,-121,-183,333
145800,-175,-171,297
145850,-212,-159,265
145900,-233,-159,240
145950,-233,-159,240
146000,-253,-173,209
146050,-273,-173,174
146100,-273,-152,114
146150,-302,-152,114
146200,-306,-117,112
146250,-311,-98,88
146300,-311,-98,88
146350,-318,-116,46
146400,-321,-138,-4
146450,-321,-152,-7
146500,-321,-152,-7
146550,-320,-164,-2
146600,-316,-169,32
146650,-305,-176,86
146700,-305,-176,86
146750,-279,-178,150
146800,-253,-172,200
146850,-238,-164,224
146900,-238,-164,224
146950,-203,-154,269
147000,-125,-125,332
147050,-54,-90,365
147100,-54,-90,365
147150,-4,-50,378
147200,57,13,374
147250,97,58,360
147301,97,58,360
147350,90,40,366
147400,34,-22,379
147450,-31,-76,372
147500,-31,-76,372
147550,-90,-116,350
147600,-144,-135,319
147650,-208,-158,261
147700,-208,-158,261
147750,-268,-172,178
147800,-301,-177,104
147850,-319,-167,31
147900,-319,-167,31
147950,-326,-153,-23
148000,-327,-139,-33
148050,-326,-117,-53
148100,-326,-117,-53
148150,-318,-96,-105
148200,-312,-82,-132
148250,-304,-67,-154
148300,-304,-67,-154
148350,-283,-38,-194
148400,-261,-11,-217
148450,-244,12,-236
148500,-244,12,-236
148550,-219,41,-253
148600,-170,96,-269
148651,-124,141,-273
148701,-124,141,-273
148750,-86,172,-268
148800,-49,201,-256
148850,-7,224,-249
148900,-7,224,-249
148950,37,237,-241
149000,93,267,-198
149050,93,267,-198
149100,135,280,-162
149150,158,284,-140
149200,168,281,-145
149250,168,281,-145
149300,167,275,-158
149350,161,276,-160
149400,165,286,-134
149450,165,286,-134
149500,171,293,-104
149550,171,292,-105
149600,195,296,-47
149650,195,296,-47
149700,214,290,32
149750,223,279,82
149800,216,268,120
149851,216,268,120
149901,204,269,130
149950,194,270,136
150000,176,255,180
150050,176,255,180
150100,145,227,231
150150,95,191,276
150200,44,150,305
150250,44,150,305
150300,-9,95,328
150350,-50,47,338
150400,-97,-6,334
150450,-97,-6,334
150500,-143,-58,318
150550,-165,-106,303
150600,-168,-141,300
150650,-168,-141,300
150700,-146,-163,314
150750,-113,-175,333
150800,-69,-187,353
150850,-69,-187,353
150900,-46,-210,358
150950,-37,-249,349
151000,-36,-276,341
151050,-36,-276,341
151100,-39,-281,338
151150,-59,-282,330
151200,-79,-273,324
151250,-79,-273,324
151301,-86,-260,325
151350,-90,-261,323
151400,-101,-269,312
151450,-101,-269,312
151500,-111,-272,305
151550,-117,-251,310
151600,-124,-209,320
151650,-124,-209,320
151700,-143,-191,314
151750,-158,-195,302
151800,-158,-195,302
151850,-182,-217,278
151900,-205,-234,249
151950,-218,-249,226
152000,-218,-249,226
152050,-234,-252,208
152100,-258,-261,160
152150,-286,-269,87
152200,-286,-269,87
152250,-304,-253,41
152300,-314,-233,11
152350,-320,-205,-27
152400,-320,-205,-27
152450,-323,-164,-75
152500,-322,-119,-102
152550,-316,-86,-115
152600,-316,-86,-115
152650,-307,-57,-136
152700,-296,-32,-158
152750,-276,6,-181
152800,-276,6,-181
152850,-244,57,-201
152900,-204,109,-215
152950,-177,138,-217
153000,-177,138,-217
153050,-165,153,-215
153100,-153,167,-211
153150,-125,186,-214
153200,-125,186,-214
153250,-92,206,-220
153300,-80,207,-228
153350,-61,214,-231
153400,-61,214,-231
153450,-44,223,-230
153500,-71,196,-248
153550,-148,132,-257
153600,-148,132,-257
153650,-194,97,-241
153700,-203,95,-229
153750,-235,61,-216
153800,-235,61,-216
153850,-266,14,-194
153900,-307,-54,-136
153950,-327,-107,-21
154000,-327,-107,-21
154050,-315,-122,79
154100,-288,-107,158
154150,-262,-81,200
154200,-262,-81,200
154250,-239,-54,227
154300,-204,-17,261
154350,-141,19,300
154400,-141,19,300
154450,-105,35,316
154500,-77,46,325
154550,-77,46,325
154600,-39,42,342
154650,2,41,355
154700,57,34,366
154750,57,34,366
154800,142,15,370
154850,238,-24,355
154900,350,-112,298
154950,350,-112,298
155000,419,-190,216
155050,444,-246,148
155100,440,-302,96
155150,440,-302,96
155200,410,-374,50
155250,356,-436,42
155300,299,-467,77
155350,299,-467,77
155400,247,-466,147
155450,189,-447,216
155500,129,-411,271
155550,129,-411,271
155600,84,-378,301
155650,76,-369,307
155700,87,-374,304
155750,87,-374,304
155801,84,-357,315
155850,54,-301,345
155900,28,-230,370
155950,28,-230,370
156000,43,-180,383
156050,68,-143,391
156100,89,-119,395
156150,89,-119,395
156200,123,-95,394
156250,188,-66,383
156300,187,-56,384
156350,187,-56,384
156400,216,-99,377
156450,263,-149,357
156500,312,-189,325
156550,312,-189,325
156600,342,-231,292
156650,346,-265,272
156700,345,-282,264
156750,345,-282,264
156800,334,-292,269
156850,318,-305,275
156900,300,-309,285
156950,300,-309,285
157000,257,-310,310
157050,205,-295,336
157101,167,-272,354
157150,167,-272,354
157200,161,-253,362
157250,170,-236,367
157300,156,-226,372
157350,156,-226,372
157400,141,-216,377
157450,148,-213,377
157500,148,-213,377
157550,123,-207,383
157600,84,-188,386
157650,53,-174,388
157700,53,-174,388
157750,39,-152,391
157800,83,-152,395
157850,115,-136,399
157900,115,-136,399
157950,132,-75,399
158000,141,-44,395
158050,150,-14,387
158100,150,-14,387
158150,151,6,382
158200,148,0,385
158250,128,0,386
158300,128,0,386
158351,120,16,379
158400,104,12,378
158450,85,-48,386
158500,85,-48,386
158550,90,-158,385
158600,124,-271,353
158650,166,-370,293
158700,166,-370,293
158750,174,-454,209
158800,147,-514,121
158850,94,-543,56
158900,94,-543,56
158950,18,-548,-7
159000,-52,-525,-92
159050,-105,-475,-181
159100,-105,-475,-181
159150,-133,-392,-271
159200,-96,-329,-343
159250,-59,-303,-374
159300,-59,-303,-374
159350,-13,-342,-369
159400,3,-399,-334
159450,5,-464,-264
159500,5,-464,-264
159550,17,-522,-159
159601,23,-544,-20
159650,24,-505,137
159700,24,-505,137
159750,50,-420,260
159800,126,-333,327
159850,196,-229,361
159900,196,-229,361
159950,256,-118,356
160000,291,-15,331
160050,318,79,277
160100,318,79,277
160150,356,145,190
160200,382,171,101
160250,415,158,22
160300,415,158,22
160350,454,104,-36
160400,468,76,-62
160450,468,76,-62
160500,467,64,-92
160550,470,47,-108
160600,461,44,-144
160650,461,44,-144
160700,459,41,-145
160750,463,20,-153
160801,480,-24,-140
160850,480,-24,-140
160900,492,-76,-128
160950,496,-132,-115
161000,499,-181,-93
161050,499,-181,-93
161100,500,-192,-72
161150,500,-206,-39
161200,489,-262,-9
161250,489,-262,-9
161300,473,-300,22
161350,468,-306,33
161400,467,-304,45
161450,467,-304,45
161500,465,-287,75
161550,456,-278,113
161600,437,-297,134
161650,437,-297,134
161700,413,-323,153
161750,395,-335,170
161800,381,-341,182
161850,381,-341,182
161900,375,-332,194
161950,397,-318,176
162000,400,-324,160
162050,400,-324,160
162101,390,-347,145
162150,357,-387,141
162200,272,-431,173
162250,272,-431,173
162300,167,-464,192
162350,67,-474,190
162400,-39,-472,161
162450,-39,-472,161
162500,-118,-458,120
162550,-153,-445,99
162600,-158,-427,135
162650,-158,-427,135
162700,-171,-411,149
162750,-183,-397,157
162800,-108,-340,286
162850,-108,-340,286
162900,1,-245,374
162950,91,-162,401
163000,151,-88,401
163050,151,-88,401
163100,197,5,379
163150,203,80,350
163200,203,80,350
163250,193,133,326
163300,185,180,294
163350,203,228,235
163400,203,228,235
163450,267,251,149
163500,338,216,102
163550,392,173,57
163600,392,173,57
163650,424,133,8
163700,454,74,-18
163750,483,-23,-9
163800,483,-23,-9
163850,486,-158,23
163900,442,-299,59
163950,343,-416,98
164000,343,-416,98
164050,234,-476,130
164100,138,-487,166
164150,48,-476,190
164200,48,-476,190
164250,-42,-451,196
164300,-125,-388,216
164350,-179,-310,240
164400,-179,-310,240
164450,-193,-229,272
164500,-152,-178,322
164550,-46,-114,384
164601,-46,-114,384
164650,75,-48,400
164700,170,5,384
164750,241,73,340
164800,241,73,340
164850,266,143,285
164900,241,203,246
164950,191,247,217
165000,191,247,217
165050,127,263,216
165100,59,246,240
165150,13,210,270
165200,13,210,270
165250,-3,159,309
165300,21,100,351
165350,85,40,378
165400,85,40,378
165450,169,-26,384
165500,255,-92,363
165550,343,-151,305
165600,343,-151,305
165650,398,-238,224
165700,400,-336,140
165750,365,-415,65
165800,365,-415,65
165850,316,-468,7
165900,249,-507,-35
165950,249,-507,-35
166000,172,-532,-53
166051,88,-541,-49
166100,6,-534,-27
166150,6,-534,-27
166200,-65,-511,16
166250,-123,-468,84
166300,-144,-404,180
166350,-144,-404,180
166400,-107,-353,267
166450,-10,-288,349
166500,100,-197,391
166550,100,-197,391
166600,189,-106,390
166650,255,-48,364
166700,331,-13,314
166750,331,-13,314
166800,402,18,236
166850,421,80,161
166900,403,153,87
166950,403,153,87
167000,363,215,22
167050,283,278,17
167100,166,319,56
167150,166,319,56
167200,62,314,114
167250,7,262,211
167300,-23,167,300
167351,-23,167,300
167401,-37,79,345
167450,-9,29,370
167500,66,-20,393
167550,66,-20,393
167600,169,-76,391
167650,283,-142,348
167700,361,-209,280
167750,361,-209,280
167800,386,-294,209
167850,365,-390,132
167900,280,-482,72
167950,280,-482,72
168000,163,-535,32
168050,46,-542,12
168100,-29,-525,28
168150,-29,-525,28
168200,-72,-501,63
168250,-103,-467,119
168300,-105,-430,183
168350,-105,-430,183
168400,-83,-393,244
168450,-62,-350,291
168500,-47,-305,325
168550,-47,-305,325
168600,-36,-257,351
168650,-4,-188,379
168700,68,-119,398
168750,68,-119,398
168801,151,-57,392
168850,234,-7,363
168900,234,25,363
168950,313,25,314
169000,375,67,239
169050,425,97,135
169100,425,97,135
169150,446,108,17
169200,431,123,-86
169250,375,150,-177
169300,375,150,-177
169350,296,199,-217
169400,237,253,-189
169450,165,308,-113
169500,165,308,-113
169550,103,332,-33
169600,52,325,57
169650,30,295,145
169700,30,295,145
169750,30,248,226
169800,48,190,291
169850,100,147,323
169900,100,147,323
169950,182,123,324
170001,274,88,305
170050,346,17,287
170100,346,17,287
170150,403,-84,251
170200,433,-189,201
170250,427,-283,157
170300,427,-283,157
170350,391,-366,131
170400,331,-431,122
170450,251,-479,133
170500,251,-479,133
170550,156,-510,136
170600,42,-518,120
170650,-57,-494,115
170700,-57,-494,115
170750,-120,-439,157
170800,-145,-356,232
170850,-151,-270,285
170900,-151,-270,285
170950,-115,-196,338
171000,-24,-108,386
171050,69,-19,394
171100,69,-19,394
171150,115,35,380
171200,160,69,362
171251,241,104,321
171300,241,104,321
171350,313,133,253
171400,367,160,161
171450,397,170,48
171500,397,170,48
171550,382,193,-42
171600,315,240,-98
171650,315,289,-98
171700,214,289,-112
171750,127,310,-111
171800,52,322,-70
171850,52,322,-70
171900,-24,315,-3
171950,-74,289,72
172000,-61,255,172
172050,-61,255,172
172100,-19,199,266
172150,14,131,327
172200,57,98,352
172250,57,98,352
172300,121,83,357
172350,204,82,339
172400,284,74,305
172450,284,74,305
172500,358,39,266
172550,422,-32,222
172600,453,-136,181
172650,453,-136,181
172700,445,-244,154
172750,405,-340,144
172800,334,-423,141
172850,334,-423,141
172900,247,-485,129
172950,143,-529,92
173000,23,-541,23
173050,23,-541,23
173100,-80,-511,8
173150,-153,-463,42
173200,-197,-404,105
173250,-197,-404,105
173300,-230,-327,159
173350,-251,-253,184
173400,-260,-165,205
173450,-260,-165,205
173500,-250,-72,229
173550,-186,-20,292
173600,-68,30,350
173650,-68,30,350
173700,77,74,368
173750,198,101,337
173800,304,122,268
173850,304,122,268
173901,380,156,140
173950,391,184,2
174000,350,221,-64
174050,350,221,-64
174100,292,267,-54
174150,225,301,-41
174200,159,322,-10
174250,159,322,-10
174300,97,321,63
174350,68,301,132
174400,92,280,177
174450,92,280,177
174500,150,251,215
174550,201,212,242
174600,201,212,242
174650,258,182,242
174700,328,137,231
174750,379,95,207
174800,379,95,207
174850,418,56,183
174900,444,6,163
174950,459,-44,159
175000,459,-44,159
175050,466,-59,146
175100,470,-57,133
175150,477,-51,118
175200,477,-51,118
175250,477,-18,93
175300,464,35,82
175350,437,105,73
175400,437,105,73
175450,383,181,73
175500,318,246,41
175550,307,259,14
175600,307,259,14
175650,346,230,-4
175700,359,217,24
175750,358,215,33
175800,358,215,33
175850,395,171,46
175900,449,87,51
175950,483,-12,53
176000,483,-12,53
176050,494,-114,63
176100,478,-217,78
176150,436,-315,95
176200,436,-315,95
176250,371,-401,112
176300,284,-468,118
176350,159,-523,102
176400,159,-523,102
176450,35,-539,51
176501,-69,-519,18
176550,-134,-479,46
176600,-134,-479,46
176650,-187,-422,95
176700,-238,-339,133
176750,-270,-212,175
176800,-270,-212,175
176850,-274,-121,197
176900,-234,-67,252
176950,-142,-2,322
177000,-142,-2,322
177050,-28,56,359
177100,113,96,360
177150,259,123,302
177200,259,123,302
177250,362,125,214
177300,421,111,124
177350,421,102,124
177400,452,102,5
177450,438,101,-108
177500,387,130,-182
177550,387,130,-182
177600,326,189,-194
177650,246,255,-169
177700,187,300,-104
177750,187,300,-104
177800,184,313,6
177850,211,282,120
177900,241,239,184
177950,241,239,184
178000,302,206,170
178050,373,152,151
178100,433,65,140
178150,433,65,140
178201,474,-48,125
178250,475,-183,123
178300,432,-303,128
178350,432,-303,128
178400,371,-384,145
178450,310,-430,158
178500,240,-469,160
178550,240,-469,160
178600,151,-507,141
178650,39,-519,117
178700,-79,-481,124
178750,-79,-481,124
178800,-171,-409,143
178850,-220,-343,156
178900,-238,-257,208
178950,-238,-257,208
179000,-228,-147,257
179050,-213,-85,276
179100,-188,-39,295
179150,-188,-39,295
179200,-129,5,329
179250,-18,45,365
179300,117,77,366
179350,117,77,366
179400,256,88,322
179450,369,85,233
179500,437,84,114
179550,437,84,114
179600,456,89,5
179651,442,97,-93
179700,411,95,-179
179750,411,95,-179
179800,364,126,-219
179850,310,192,-209
179900,237,254,-183
179950,237,254,-183
