# label,wifi_on_scan
# sample_hz,20
# duration_s,60
# sda_gpio,21
# scl_gpio,22
t_ms,mx_raw,my_raw,mz_raw,wifi_scan_count
0,-210,-283,304,1
2504,-210,-283,304,1
2506,-210,-283,304,1
2508,-210,-283,304,1
2510,-210,-283,304,1
2512,-210,-283,304,1
2514,-210,-283,304,1
2516,-210,-283,304,1
2518,-210,-283,304,1
2520,-210,-283,304,1
2522,-210,-283,304,1
2524,-210,-283,304,1
2526,-210,-283,304,1
2528,-210,-283,304,1
2530,-210,-283,304,1
2532,-210,-283,304,1
2534,-210,-283,304,1
2536,-210,-283,304,1
2538,-210,-283,304,1
2540,-210,-283,304,1
2542,-210,-283,304,1
2543,-210,-283,304,1
2545,-210,-283,304,1
2547,-210,-283,304,1
2549,-210,-283,304,1
2551,-210,-283,304,1
2553,-210,-283,304,1
2555,-210,-283,304,1
2557,-210,-283,304,1
2559,-210,-283,304,1
2561,-210,-283,304,1
2563,-210,-283,304,1
2565,-210,-283,306,1
2567,-210,-283,306,1
2569,-210,-283,306,1
2571,-210,-283,306,1
2573,-210,-283,306,1
2575,-210,-283,306,1
2577,-210,-283,306,1
2579,-210,-283,306,1
2581,-210,-283,306,1
2583,-210,-283,306,1
2585,-210,-283,306,1
2587,-210,-283,306,1
2589,-210,-283,306,1
2590,-210,-283,306,1
2592,-210,-283,306,1
2594,-210,-283,306,1
2596,-210,-283,306,1
2598,-210,-283,306,1
2600,-210,-283,306,1
2602,-210,-283,306,1
2604,-210,-283,306,1
2650,-209,-283,303,1
2700,-211,-283,303,1
2750,-211,-283,303,1
2800,-209,-284,304,1
2850,-210,-282,304,1
2900,-210,-282,304,1
2950,-211,-283,305,1
3000,-211,-283,303,1
3050,-209,-283,304,1
3100,-209,-283,304,1
3150,-209,-283,304,1
3200,-210,-284,304,1
3250,-209,-282,304,1
3300,-209,-282,304,1
3350,-210,-283,304,1
3400,-210,-283,305,1
3450,-210,-282,303,1
3500,-210,-282,303,1
3550,-209,-284,304,1
3600,-210,-282,304,1
3650,-211,-283,303,1
3700,-211,-283,303,1
3750,-210,-284,304,1
3800,-209,-283,305,1
3850,-211,-283,304,1
3900,-211,-283,304,1
3950,-209,-284,305,1
4000,-209,-283,304,1
4050,-210,-284,304,1
4100,-210,-284,304,1
4150,-210,-282,306,1
4200,-210,-283,304,1
4250,-208,-284,302,1
4300,-208,-284,302,1
4350,-209,-284,304,1
4400,-209,-283,304,1
4450,-211,-283,304,1
4500,-211,-283,304,1
4550,-210,-283,305,1
4600,-210,-283,303,1
4650,-209,-283,305,1
4700,-209,-283,305,1
4750,-209,-281,304,1
4800,-210,-284,304,1
4850,-210,-284,305,1
4900,-210,-284,305,1
4950,-210,-283,304,1
5000,-210,-283,303,1
5050,-210,-283,304,1
5100,-210,-283,304,1
5150,-209,-283,303,1
5200,-209,-284,303,1
5250,-209,-283,305,1
5300,-209,-283,305,1
5350,-209,-283,306,1
5400,-210,-285,303,1
5450,-210,-285,303,1
5500,-209,-283,305,1
5550,-209,-283,304,1
5600,-210,-283,303,1
5650,-210,-283,303,1
5700,-210,-283,306,1
5750,-210,-283,302,1
5800,-210,-283,305,1
5850,-210,-283,305,1
5900,-210,-282,304,1
5950,-210,-283,304,1
6000,-210,-285,304,1
6050,-210,-285,304,1
6100,-210,-283,304,1
6150,-210,-283,304,1
6200,-208,-283,305,1
6250,-208,-283,305,1
6300,-208,-283,304,1
6350,-210,-283,304,1
6400,-210,-283,307,1
6450,-210,-283,307,1
6500,-210,-283,304,1
6550,-211,-283,304,1
6600,-210,-283,304,1
6650,-210,-283,304,1
6700,-210,-282,306,1
6750,-211,-282,304,1
6800,-210,-284,304,1
6850,-210,-284,304,1
6900,-209,-283,305,1
6950,-210,-283,304,1
7000,-209,-283,305,1
7050,-209,-283,305,1
7100,-209,-283,305,1
7150,-211,-281,304,1
7200,-210,-282,305,1
7250,-210,-282,305,1
7300,-211,-282,304,1
7350,-211,-283,304,1
7400,-211,-283,304,1
7450,-211,-283,304,1
7500,-211,-283,303,1
7550,-211,-280,305,2
10054,-211,-280,305,2
10056,-211,-280,305,2
10058,-211,-280,305,2
10060,-211,-280,305,2
10062,-211,-280,305,2
10064,-211,-280,305,2
10066,-211,-280,305,2
10068,-211,-280,305,2
10070,-211,-280,305,2
10072,-211,-280,305,2
10074,-211,-280,305,2
10076,-211,-280,305,2
10078,-211,-280,305,2
10080,-211,-280,305,2
10082,-211,-280,305,2
10084,-212,-280,304,2
10086,-212,-280,304,2
10088,-212,-280,304,2
10090,-212,-280,304,2
10092,-212,-280,304,2
10094,-212,-280,304,2
10096,-212,-280,304,2
10098,-212,-280,304,2
10100,-212,-280,304,2
10102,-212,-280,304,2
10103,-212,-280,304,2
10105,-212,-280,304,2
10107,-212,-280,304,2
10109,-212,-280,304,2
10111,-212,-280,304,2
10113,-212,-280,304,2
10115,-212,-280,304,2
10117,-212,-280,304,2
10119,-212,-280,304,2
10121,-212,-280,304,2
10123,-212,-280,304,2
10125,-212,-280,304,2
10127,-212,-280,304,2
10129,-212,-280,304,2
10131,-212,-280,304,2
10133,-212,-280,304,2
10135,-212,-280,304,2
10137,-212,-280,304,2
10139,-212,-280,304,2
10141,-212,-280,304,2
10143,-212,-280,304,2
10145,-212,-280,304,2
10147,-212,-280,304,2
10149,-212,-280,304,2
10151,-212,-282,304,2
10153,-212,-282,304,2
10155,-212,-282,304,2
10200,-212,-282,304,2
10250,-213,-281,305,2
10300,-213,-281,303,2
10350,-213,-281,303,2
10400,-211,-281,304,2
10450,-212,-281,304,2
10500,-212,-281,304,2
10550,-212,-281,304,2
10600,-212,-280,304,2
10650,-212,-280,304,2
10700,-212,-281,304,2
10750,-212,-281,304,2
10800,-213,-280,304,2
10850,-212,-280,306,2
10900,-211,-280,306,2
10950,-211,-280,306,2
11000,-212,-280,303,2
11050,-212,-281,303,2
11100,-211,-281,304,2
11150,-211,-281,304,2
11200,-211,-281,305,2
11250,-213,-279,303,2
11300,-211,-281,306,2
11350,-211,-281,306,2
11400,-212,-280,304,2
11450,-212,-281,305,2
11500,-212,-280,306,2
11550,-212,-280,306,2
11600,-211,-281,304,2
11650,-213,-281,304,2
11700,-211,-282,305,2
11750,-211,-282,305,2
11800,-211,-282,303,2
11850,-211,-283,303,2
11900,-212,-281,304,2
11950,-212,-281,304,2
12000,-211,-282,302,2
12050,-212,-282,303,2
12100,-212,-282,303,2
12150,-212,-282,303,2
12200,-212,-282,304,2
12250,-212,-282,303,2
12300,-211,-281,302,2
12350,-211,-281,302,2
12400,-212,-282,305,2
12450,-211,-281,303,2
12500,-212,-283,303,2
12550,-212,-283,303,2
12600,-212,-282,305,2
12650,-212,-282,302,2
12700,-212,-282,304,2
12750,-212,-282,304,2
12800,-211,-281,303,2
12850,-211,-283,302,2
12900,-211,-283,302,2
12950,-211,-282,303,2
13000,-211,-282,303,2
13050,-212,-282,303,2
13100,-212,-282,303,2
13150,-212,-281,304,2
13200,-211,-283,303,2
13250,-211,-282,303,2
13300,-211,-282,303,2
13350,-213,-283,304,2
13400,-212,-283,303,2
13450,-212,-282,303,2
13500,-212,-282,303,2
13550,-212,-283,303,2
13600,-211,-282,304,2
13650,-211,-283,304,2
13700,-211,-283,304,2
13750,-212,-282,304,2
13800,-211,-281,303,2
13850,-212,-282,305,2
13900,-212,-282,305,2
13950,-212,-283,304,2
14000,-212,-282,303,2
14050,-211,-282,303,2
14100,-211,-282,303,2
14150,-210,-281,303,2
14200,-211,-282,303,2
14250,-211,-284,304,2
14300,-211,-284,304,2
14350,-212,-281,304,2
14400,-212,-281,303,2
14450,-211,-282,303,2
14500,-211,-282,303,2
14550,-212,-283,304,2
14600,-211,-282,304,2
14650,-212,-282,303,2
14700,-212,-282,303,2
14750,-211,-282,303,2
14800,-211,-282,303,2
14850,-213,-282,303,2
14900,-213,-282,303,2
14950,-212,-282,303,2
15000,-211,-282,303,2
15050,-212,-282,304,2
15100,-212,-281,303,3
17604,-212,-281,303,3
17606,-212,-281,303,3
17608,-212,-281,303,3
17610,-212,-281,303,3
17612,-212,-281,303,3
17614,-212,-281,303,3
17616,-212,-281,303,3
17618,-212,-281,303,3
17620,-212,-281,303,3
17622,-212,-281,303,3
17624,-212,-281,303,3
17626,-212,-281,303,3
17628,-212,-281,303,3
17630,-212,-281,303,3
17632,-212,-281,303,3
17634,-212,-281,303,3
17636,-212,-281,303,3
17638,-212,-281,303,3
17640,-212,-281,303,3
17641,-212,-281,303,3
17643,-212,-281,303,3
17645,-212,-281,303,3
17647,-212,-281,303,3
17649,-212,-281,303,3
17651,-212,-281,303,3
17653,-212,-281,303,3
17655,-212,-281,303,3
17657,-212,-281,303,3
17659,-212,-281,303,3
17661,-212,-281,303,3
17663,-212,-281,303,3
17665,-212,-281,303,3
17667,-211,-281,304,3
17669,-211,-281,304,3
17671,-211,-281,304,3
17673,-211,-281,304,3
17675,-211,-281,304,3
17677,-211,-281,304,3
17679,-211,-281,304,3
17683,-211,-281,304,3
17685,-211,-281,304,3
17686,-211,-281,304,3
17688,-211,-281,304,3
17690,-211,-281,304,3
17692,-211,-281,304,3
17694,-211,-281,304,3
17696,-211,-281,304,3
17698,-211,-281,304,3
17700,-211,-281,304,3
17702,-211,-281,304,3
17704,-211,-281,304,3
17706,-211,-281,304,3
17750,-212,-281,304,3
17800,-212,-281,304,3
17850,-212,-280,303,3
17900,-211,-281,305,3
17950,-211,-281,305,3
18001,-211,-281,305,3
18050,-212,-280,304,3
18100,-211,-281,304,3
18150,-211,-281,303,3
18200,-211,-281,303,3
18250,-212,-282,304,3
18301,-211,-282,304,3
18350,-211,-282,304,3
18401,-211,-282,304,3
18450,-212,-282,303,3
18501,-211,-282,303,3
18551,-211,-282,306,3
18600,-211,-282,306,3
18650,-212,-282,304,3
18700,-211,-282,304,3
18750,-212,-283,305,3
18800,-212,-283,305,3
18850,-212,-282,304,3
18900,-212,-281,305,3
18950,-212,-282,303,3
19000,-212,-282,303,3
19050,-212,-281,303,3
19100,-212,-282,304,3
19150,-212,-282,303,3
19200,-212,-282,303,3
19250,-211,-281,305,3
19300,-211,-281,305,3
19350,-212,-282,303,3
19400,-212,-282,303,3
19450,-211,-282,305,3
19500,-211,-282,305,3
19550,-211,-282,304,3
19600,-211,-282,304,3
19650,-209,-282,304,3
19700,-211,-282,303,3
19750,-211,-283,303,3
19800,-211,-283,303,3
19850,-211,-282,305,3
19900,-210,-282,304,3
19950,-210,-283,304,3
20000,-210,-283,304,3
20050,-211,-283,305,3
20100,-211,-284,305,3
20150,-211,-284,303,3
20200,-211,-284,303,3
20250,-212,-283,303,3
20300,-212,-284,304,3
20350,-212,-284,304,3
20400,-211,-285,305,3
20450,-210,-283,304,3
20500,-211,-284,303,3
20550,-211,-284,303,3
20600,-212,-284,304,3
20650,-209,-283,304,3
20700,-210,-283,304,3
20750,-210,-283,304,3
20800,-210,-283,305,3
20850,-209,-283,303,3
20900,-209,-283,304,3
20950,-209,-283,304,3
21000,-210,-284,305,3
21050,-209,-283,305,3
21100,-209,-282,304,3
21150,-209,-282,304,3
21200,-209,-283,303,3
21250,-210,-282,303,3
21300,-209,-282,303,3
21350,-209,-282,303,3
21400,-210,-282,305,3
21450,-209,-281,303,3
21500,-210,-281,304,3
21550,-210,-281,304,3
21600,-210,-281,305,3
21650,-210,-281,303,3
21700,-211,-281,304,3
21750,-211,-281,304,3
21800,-209,-283,305,3
21850,-210,-281,305,3
21900,-211,-282,304,3
21950,-211,-282,304,3
22000,-211,-281,304,3
22050,-210,-282,304,3
22100,-209,-281,304,3
22150,-209,-281,304,3
22200,-210,-282,303,3
22250,-210,-281,304,3
22300,-209,-281,305,3
22350,-209,-281,305,3
22400,-209,-282,303,3
22450,-209,-281,304,3
22500,-210,-282,305,3
22550,-210,-282,305,3
22600,-210,-281,304,3
22650,-208,-285,303,4
25154,-208,-285,303,4
25156,-208,-285,303,4
25158,-208,-285,303,4
25160,-208,-285,303,4
25162,-208,-285,303,4
25164,-208,-285,303,4
25166,-208,-285,303,4
25168,-208,-285,303,4
25170,-208,-285,303,4
25172,-208,-285,303,4
25174,-208,-285,303,4
25176,-208,-285,303,4
25178,-208,-285,303,4
25180,-208,-285,303,4
25182,-208,-285,303,4
25184,-208,-285,303,4
25186,-208,-285,303,4
25188,-208,-285,303,4
25190,-208,-285,303,4
25192,-208,-285,303,4
25194,-208,-285,303,4
25196,-208,-285,303,4
25198,-208,-285,303,4
25200,-208,-285,303,4
25202,-208,-285,303,4
25203,-208,-285,303,4
25205,-208,-285,303,4
25207,-208,-285,303,4
25209,-208,-285,303,4
25211,-208,-285,303,4
25213,-208,-285,303,4
25215,-208,-285,303,4
25217,-208,-285,303,4
25219,-208,-285,303,4
25221,-208,-285,303,4
25223,-208,-285,303,4
25225,-208,-285,303,4
25227,-208,-285,303,4
25229,-208,-285,303,4
25231,-208,-285,303,4
25233,-208,-285,303,4
25235,-208,-285,303,4
25237,-208,-285,303,4
25239,-208,-285,303,4
25241,-208,-285,303,4
25243,-208,-285,303,4
25245,-208,-285,303,4
25247,-208,-285,303,4
25249,-208,-285,303,4
25251,-208,-285,303,4
25253,-208,-285,303,4
25255,-208,-285,303,4
25300,-208,-285,303,4
25350,-209,-285,302,4
25400,-209,-284,304,4
25450,-209,-284,304,4
25500,-209,-284,303,4
25550,-209,-284,303,4
25600,-209,-285,304,4
25650,-209,-285,304,4
25700,-208,-285,304,4
25750,-207,-285,304,4
25800,-208,-284,303,4
25850,-208,-284,303,4
25900,-209,-284,304,4
25950,-209,-285,303,4
26000,-208,-286,303,4
26050,-208,-286,303,4
26100,-208,-286,303,4
26150,-208,-285,302,4
26200,-207,-286,303,4
26250,-207,-286,303,4
26300,-208,-286,302,4
26350,-209,-286,304,4
26400,-208,-286,303,4
26450,-208,-286,303,4
26500,-207,-285,303,4
26550,-207,-286,303,4
26600,-207,-287,303,4
26650,-207,-287,303,4
26700,-208,-285,302,4
26750,-208,-286,302,4
26800,-207,-287,303,4
26850,-207,-287,303,4
26900,-207,-287,303,4
26950,-207,-287,302,4
27000,-207,-286,303,4
27050,-207,-286,303,4
27100,-206,-287,304,4
27150,-207,-287,302,4
27200,-207,-287,304,4
27250,-207,-287,304,4
27300,-206,-288,302,4
27350,-207,-288,303,4
27400,-207,-287,303,4
27450,-207,-287,303,4
27500,-207,-286,302,4
27550,-207,-288,303,4
27600,-207,-288,302,4
27650,-207,-288,302,4
27700,-207,-288,302,4
27750,-207,-287,303,4
27800,-207,-288,304,4
27850,-207,-288,304,4
27900,-206,-286,303,4
27950,-207,-288,304,4
28000,-207,-288,304,4
28050,-206,-288,303,4
28100,-206,-288,304,4
28150,-206,-287,301,4
28200,-206,-287,301,4
28250,-206,-288,303,4
28300,-206,-288,302,4
28350,-207,-287,303,4
28400,-207,-287,303,4
28450,-207,-287,303,4
28500,-206,-287,304,4
28550,-206,-288,303,4
28600,-206,-288,303,4
28650,-205,-288,303,4
28700,-207,-289,302,4
28750,-206,-289,303,4
28800,-206,-289,303,4
28850,-204,-288,303,4
28900,-205,-289,302,4
28950,-206,-289,302,4
29000,-206,-289,302,4
29050,-207,-289,304,4
29100,-205,-288,303,4
29150,-207,-289,303,4
29200,-207,-289,303,4
29250,-207,-289,303,4
29300,-206,-288,303,4
29350,-207,-289,302,4
29400,-207,-289,302,4
29450,-206,-289,302,4
29500,-207,-289,302,4
29550,-205,-289,303,4
29600,-205,-289,303,4
29650,-207,-289,303,4
29700,-206,-288,304,4
29750,-205,-289,303,4
29800,-205,-289,303,4
29850,-205,-288,303,4
29900,-206,-288,303,4
29950,-205,-289,304,4
30000,-205,-289,304,4
30050,-205,-289,303,4
30100,-206,-289,303,4
30150,-205,-288,303,4
30200,-205,-291,302,5
32704,-205,-291,302,5
32706,-205,-291,302,5
32708,-205,-291,302,5
32710,-205,-291,302,5
32712,-205,-291,302,5
32714,-205,-291,302,5
32716,-205,-291,302,5
32718,-205,-291,302,5
32720,-205,-291,302,5
32722,-205,-291,302,5
32724,-205,-291,302,5
32726,-205,-291,302,5
32728,-205,-291,302,5
32730,-205,-291,302,5
32732,-205,-291,302,5
32734,-205,-291,302,5
32736,-205,-291,302,5
32738,-205,-291,302,5
32740,-205,-291,302,5
32742,-205,-291,302,5
32744,-205,-291,302,5
32746,-205,-291,302,5
32748,-205,-291,302,5
32750,-205,-291,302,5
32752,-205,-291,302,5
32754,-205,-291,302,5
32756,-205,-291,302,5
32758,-205,-291,302,5
32760,-205,-291,302,5
32762,-205,-291,302,5
32764,-205,-291,302,5
32766,-205,-291,302,5
32768,-205,-292,303,5
32770,-205,-292,303,5
32771,-205,-292,303,5
32773,-205,-292,303,5
32775,-205,-292,303,5
32777,-205,-292,303,5
32779,-205,-292,303,5
32781,-205,-292,303,5
32783,-205,-292,303,5
32785,-205,-292,303,5
32787,-205,-292,303,5
32789,-205,-292,303,5
32791,-205,-292,303,5
32793,-205,-292,303,5
32795,-205,-292,303,5
32797,-205,-292,303,5
32799,-205,-292,303,5
32801,-205,-292,303,5
32803,-205,-292,303,5
32805,-205,-292,303,5
32850,-205,-292,304,5
32900,-205,-292,304,5
32950,-204,-292,302,5
33000,-205,-291,302,5
33050,-206,-290,302,5
33100,-206,-290,302,5
33150,-204,-292,301,5
33200,-205,-290,302,5
33250,-205,-291,303,5
33300,-205,-291,303,5
33350,-205,-290,301,5
33400,-204,-291,303,5
33450,-205,-290,303,5
33500,-205,-290,303,5
33550,-205,-291,302,5
33600,-204,-291,303,5
33650,-204,-292,302,5
33700,-204,-292,302,5
33750,-205,-291,302,5
33800,-205,-291,303,5
33850,-204,-292,302,5
33900,-204,-292,302,5
33950,-205,-290,302,5
34000,-204,-291,303,5
34050,-204,-290,302,5
34100,-204,-290,302,5
34150,-204,-290,305,5
34200,-205,-292,303,5
34250,-206,-290,301,5
34300,-206,-290,301,5
34350,-204,-290,304,5
34400,-204,-292,303,5
34450,-205,-291,302,5
34500,-205,-291,302,5
34550,-205,-291,303,5
34600,-204,-291,301,5
34650,-204,-291,302,5
34700,-204,-291,302,5
34750,-204,-291,304,5
34800,-205,-292,303,5
34850,-205,-291,303,5
34900,-205,-291,303,5
34950,-203,-291,302,5
35000,-203,-291,302,5
35050,-204,-292,304,5
35100,-204,-292,304,5
35150,-204,-292,303,5
35200,-204,-291,302,5
35250,-205,-291,302,5
35300,-205,-291,302,5
35350,-203,-291,304,5
35400,-204,-291,302,5
35450,-204,-291,302,5
35500,-204,-291,303,5
35550,-204,-292,303,5
35600,-206,-290,301,5
35650,-206,-290,301,5
35700,-205,-291,303,5
35750,-206,-291,302,5
35800,-205,-292,302,5
35850,-205,-292,302,5
35900,-205,-291,301,5
35950,-205,-291,303,5
36000,-203,-290,303,5
36050,-203,-290,303,5
36100,-204,-291,303,5
36150,-206,-292,303,5
36200,-204,-292,302,5
36250,-204,-292,302,5
36300,-205,-291,302,5
36350,-204,-291,303,5
36400,-204,-290,303,5
36450,-204,-290,303,5
36500,-206,-291,302,5
36550,-204,-291,302,5
36600,-205,-291,303,5
36650,-205,-291,303,5
36700,-205,-291,302,5
36750,-205,-291,302,5
36800,-204,-290,303,5
36850,-204,-290,303,5
36900,-204,-291,303,5
36950,-205,-292,302,5
37000,-204,-292,303,5
37050,-204,-292,303,5
37100,-206,-292,302,5
37150,-205,-292,302,5
37200,-205,-291,302,5
37250,-205,-291,302,5
37300,-205,-292,301,5
37350,-204,-291,302,5
37400,-204,-292,302,5
37450,-204,-292,302,5
37500,-205,-292,303,5
37550,-204,-291,303,5
37600,-204,-291,303,5
37650,-204,-291,303,5
37700,-205,-291,302,5
37750,-206,-292,303,6
40254,-206,-292,303,6
40256,-206,-292,303,6
40258,-206,-292,303,6
40260,-206,-292,303,6
40262,-206,-292,303,6
40264,-206,-292,303,6
40266,-206,-292,303,6
40268,-206,-292,303,6
40270,-206,-292,303,6
40272,-206,-292,303,6
40274,-206,-292,303,6
40276,-206,-292,303,6
40278,-206,-292,303,6
40280,-206,-292,303,6
40282,-206,-292,303,6
40284,-204,-292,300,6
40286,-204,-292,300,6
40288,-204,-292,300,6
40290,-204,-292,300,6
40292,-204,-292,300,6
40294,-204,-292,300,6
40295,-204,-292,300,6
40297,-204,-292,300,6
40299,-204,-292,300,6
40301,-204,-292,300,6
40303,-204,-292,300,6
40305,-204,-292,300,6
40307,-204,-292,300,6
40309,-204,-292,300,6
40311,-204,-292,300,6
40313,-204,-292,300,6
40315,-204,-292,300,6
40317,-204,-292,300,6
40319,-204,-292,300,6
40321,-204,-292,300,6
40323,-204,-292,300,6
40325,-204,-292,300,6
40327,-204,-292,300,6
40329,-204,-292,300,6
40331,-204,-292,300,6
40333,-204,-292,300,6
40335,-204,-292,300,6
40337,-204,-292,300,6
40339,-204,-292,300,6
40341,-204,-292,300,6
40343,-204,-292,300,6
40345,-204,-292,300,6
40347,-204,-292,300,6
40349,-204,-292,300,6
40351,-204,-293,303,6
40353,-204,-293,303,6
40355,-204,-293,303,6
40400,-204,-293,303,6
40450,-204,-291,303,6
40500,-204,-292,302,6
40550,-204,-292,302,6
40600,-204,-293,303,6
40650,-203,-292,304,6
40700,-204,-292,302,6
40750,-204,-292,302,6
40800,-204,-293,303,6
40850,-203,-292,302,6
40900,-203,-292,303,6
40950,-203,-292,303,6
41000,-204,-292,303,6
41050,-204,-292,302,6
41100,-204,-291,302,6
41150,-204,-291,302,6
41200,-204,-292,301,6
41250,-203,-291,302,6
41300,-204,-291,303,6
41350,-204,-291,303,6
41400,-204,-291,303,6
41450,-204,-291,302,6
41500,-203,-291,303,6
41550,-203,-291,303,6
41600,-203,-291,303,6
41650,-203,-291,301,6
41700,-203,-291,304,6
41750,-203,-291,304,6
41800,-204,-291,303,6
41850,-204,-291,302,6
41900,-204,-291,303,6
41950,-204,-291,303,6
42000,-204,-291,303,6
42050,-204,-290,304,6
42100,-204,-290,304,6
42150,-204,-290,304,6
42200,-204,-290,303,6
42250,-206,-290,303,6
42300,-205,-290,302,6
42350,-205,-290,302,6
42400,-205,-289,302,6
42450,-205,-289,303,6
42500,-205,-291,302,6
42550,-205,-291,302,6
42600,-204,-289,301,6
42650,-205,-289,302,6
42700,-205,-291,303,6
42750,-205,-291,303,6
42800,-204,-291,302,6
42850,-205,-289,302,6
42901,-205,-290,303,6
42950,-205,-290,303,6
43001,-205,-290,303,6
43050,-204,-291,303,6
43100,-204,-292,303,6
43150,-204,-292,305,6
43201,-205,-291,304,6
43251,-204,-292,304,6
43301,-204,-292,304,6
43350,-205,-291,306,6
43400,-204,-292,303,6
43451,-205,-292,304,6
43500,-205,-292,304,6
43550,-205,-292,304,6
43600,-204,-290,304,6
43650,-205,-291,303,6
43700,-205,-291,303,6
43750,-204,-293,305,6
43800,-205,-291,304,6
43850,-204,-292,304,6
43900,-204,-292,304,6
43950,-205,-292,304,6
44000,-204,-292,305,6
44050,-204,-292,303,6
44100,-204,-292,303,6
44150,-205,-292,304,6
44200,-205,-291,305,6
44250,-203,-292,303,6
44300,-203,-292,303,6
44350,-204,-291,303,6
44400,-204,-291,305,6
44450,-203,-291,302,6
44500,-203,-291,302,6
44550,-204,-292,304,6
44600,-204,-292,304,6
44650,-205,-292,303,6
44700,-205,-292,303,6
44750,-204,-292,305,6
44800,-205,-293,304,6
44850,-205,-292,303,6
44900,-205,-292,303,6
44950,-204,-292,304,6
45000,-204,-292,304,6
45050,-205,-292,303,6
45100,-205,-292,303,6
45150,-205,-292,304,6
45200,-205,-292,304,6
45250,-205,-291,302,6
45300,-204,-291,304,7
47804,-204,-291,304,7
47806,-204,-291,304,7
47808,-204,-291,304,7
47810,-204,-291,304,7
47812,-204,-291,304,7
47814,-204,-291,304,7
47816,-204,-291,304,7
47818,-204,-291,304,7
47820,-204,-291,304,7
47822,-204,-291,304,7
47824,-204,-291,304,7
47826,-204,-291,304,7
47828,-204,-291,304,7
47830,-204,-291,304,7
47832,-204,-291,304,7
47834,-204,-291,304,7
47836,-204,-291,304,7
47838,-204,-291,304,7
47840,-204,-291,304,7
47842,-204,-291,304,7
47843,-204,-291,304,7
47845,-204,-291,304,7
47847,-204,-291,304,7
47849,-204,-291,304,7
47851,-204,-291,304,7
47853,-204,-291,304,7
47855,-204,-291,304,7
47857,-204,-291,304,7
47859,-204,-291,304,7
47861,-204,-291,304,7
47863,-204,-291,304,7
47865,-203,-292,303,7
47867,-203,-292,303,7
47869,-203,-292,303,7
47871,-203,-292,303,7
47873,-203,-292,303,7
47875,-203,-292,303,7
47877,-203,-292,303,7
47879,-203,-292,303,7
47881,-203,-292,303,7
47883,-203,-292,303,7
47885,-203,-292,303,7
47887,-203,-292,303,7
47889,-203,-292,303,7
47891,-203,-292,303,7
47893,-203,-292,303,7
47895,-203,-292,303,7
47897,-203,-292,303,7
47899,-203,-292,303,7
47901,-203,-292,303,7
47903,-203,-292,303,7
47905,-203,-292,303,7
47950,-203,-291,303,7
48000,-203,-291,303,7
48050,-203,-291,303,7
48100,-203,-291,303,7
48150,-204,-291,303,7
48200,-204,-291,303,7
48250,-203,-292,304,7
48300,-202,-291,303,7
48350,-203,-292,304,7
48400,-203,-292,304,7
48450,-203,-291,304,7
48500,-202,-292,303,7
48550,-202,-291,303,7
48600,-202,-291,303,7
48650,-204,-291,304,7
48700,-203,-291,303,7
48750,-203,-291,303,7
48800,-203,-291,303,7
48850,-204,-291,303,7
48900,-203,-291,304,7
48950,-203,-291,303,7
49000,-203,-291,303,7
49050,-202,-291,303,7
49100,-202,-291,304,7
49150,-203,-292,304,7
49200,-203,-292,304,7
49250,-203,-292,304,7
49300,-203,-291,303,7
49350,-203,-291,304,7
49400,-203,-291,304,7
49450,-204,-292,303,7
49500,-203,-291,304,7
49550,-203,-292,304,7
49600,-203,-292,304,7
49650,-202,-292,303,7
49700,-203,-292,304,7
49750,-203,-291,303,7
49800,-203,-291,303,7
49850,-203,-291,304,7
49900,-204,-292,303,7
49950,-203,-290,303,7
50000,-203,-290,303,7
50050,-204,-292,304,7
50100,-202,-292,304,7
50150,-202,-291,302,7
50200,-202,-291,302,7
50250,-203,-291,303,7
50300,-203,-291,304,7
50350,-202,-291,304,7
50400,-202,-291,304,7
50450,-203,-291,303,7
50500,-203,-291,304,7
50550,-203,-292,304,7
50600,-203,-292,304,7
50650,-203,-292,302,7
50700,-203,-292,303,7
50750,-203,-292,303,7
50800,-203,-292,304,7
50850,-202,-290,304,7
50900,-203,-291,304,7
50950,-203,-291,304,7
51000,-203,-291,304,7
51050,-203,-292,305,7
51100,-203,-292,304,7
51150,-203,-292,304,7
51200,-203,-292,303,7
51250,-203,-291,304,7
51300,-202,-291,302,7
51350,-202,-291,302,7
51400,-203,-291,303,7
51450,-202,-292,303,7
51500,-202,-291,303,7
51550,-202,-291,303,7
51600,-203,-291,305,7
51650,-202,-292,302,7
51700,-202,-292,304,7
51750,-202,-292,304,7
51800,-202,-291,305,7
51850,-202,-292,304,7
51900,-204,-291,303,7
51950,-204,-291,303,7
52000,-204,-290,304,7
52050,-203,-290,302,7
52100,-204,-291,304,7
52150,-204,-291,304,7
52200,-203,-293,302,7
52250,-204,-292,303,7
52300,-202,-291,304,7
52350,-202,-291,304,7
52400,-204,-291,303,7
52450,-203,-291,303,7
52500,-203,-292,304,7
52550,-203,-292,304,7
52600,-203,-291,303,7
52650,-203,-291,302,7
52700,-203,-292,304,7
52750,-203,-292,304,7
52800,-204,-291,303,7
52850,-203,-291,304,8
55354,-203,-291,304,8
55356,-203,-291,304,8
55358,-203,-291,304,8
55360,-203,-291,304,8
55362,-203,-291,304,8
55364,-203,-291,304,8
55366,-203,-291,304,8
55368,-203,-291,304,8
55370,-203,-291,304,8
55372,-203,-291,304,8
55374,-203,-291,304,8
55376,-203,-291,304,8
55378,-203,-291,304,8
55380,-203,-291,304,8
55382,-203,-291,304,8
55384,-203,-291,304,8
55386,-203,-291,304,8
55388,-203,-291,304,8
55390,-203,-291,304,8
55392,-203,-291,304,8
55394,-203,-291,304,8
55396,-203,-291,304,8
55398,-203,-291,304,8
55399,-203,-291,304,8
55403,-203,-291,304,8
55405,-203,-291,304,8
55407,-203,-291,304,8
55409,-203,-291,304,8
55411,-203,-291,304,8
55413,-203,-291,304,8
55415,-203,-291,304,8
55417,-203,-291,304,8
55419,-203,-291,304,8
55421,-203,-291,304,8
55423,-203,-291,304,8
55425,-203,-291,304,8
55427,-203,-291,304,8
55429,-203,-291,304,8
55431,-203,-291,304,8
55433,-203,-291,304,8
55435,-203,-291,304,8
55437,-203,-291,304,8
55439,-203,-291,304,8
55441,-203,-291,304,8
55443,-203,-291,304,8
55445,-203,-291,304,8
55447,-203,-291,304,8
55449,-203,-291,304,8
55451,-203,-291,304,8
55453,-203,-291,304,8
55455,-203,-291,304,8
55457,-203,-291,304,8
55500,-203,-291,304,8
55550,-203,-292,304,8
55600,-203,-291,304,8
55650,-203,-291,304,8
55700,-204,-291,304,8
55750,-203,-290,303,8
55800,-203,-291,304,8
55850,-203,-291,304,8
55900,-204,-292,302,8
55950,-203,-290,304,8
56000,-204,-291,304,8
56050,-204,-291,304,8
56100,-202,-292,303,8
56150,-202,-291,305,8
56200,-203,-291,304,8
56250,-203,-291,304,8
56300,-203,-291,303,8
56350,-203,-291,303,8
56400,-203,-291,305,8
56450,-203,-291,305,8
56500,-202,-291,303,8
56550,-203,-292,303,8
56600,-204,-291,304,8
56650,-204,-291,304,8
56700,-202,-291,304,8
56750,-204,-291,302,8
56800,-204,-291,303,8
56850,-204,-291,303,8
56900,-202,-291,304,8
56950,-203,-290,303,8
57000,-203,-291,303,8
57050,-203,-291,303,8
57100,-203,-292,303,8
57150,-204,-293,302,8
57200,-203,-291,302,8
57250,-203,-291,302,8
57300,-204,-291,300,8
57350,-204,-291,302,8
57400,-203,-291,303,8
57450,-203,-291,303,8
57500,-203,-290,302,8
57550,-204,-291,302,8
57600,-204,-290,304,8
57650,-204,-290,304,8
57700,-204,-290,301,8
57750,-205,-289,302,8
57800,-204,-291,303,8
57850,-204,-291,303,8
57900,-203,-290,302,8
57950,-203,-289,302,8
58000,-203,-289,302,8
58050,-203,-289,302,8
58100,-203,-290,303,8
58150,-205,-290,300,8
58200,-204,-289,302,8
58250,-204,-289,302,8
58300,-204,-290,302,8
58350,-204,-290,301,8
58400,-204,-290,301,8
58450,-204,-290,302,8
58500,-203,-291,301,8
58550,-203,-291,303,8
58600,-203,-291,303,8
58650,-203,-290,302,8
58700,-203,-290,302,8
58750,-203,-290,303,8
58800,-203,-290,303,8
58850,-204,-290,302,8
58900,-203,-291,303,8
58950,-204,-290,303,8
59000,-204,-290,303,8
59050,-203,-289,302,8
59100,-204,-289,301,8
59150,-204,-290,302,8
59200,-204,-290,302,8
59250,-205,-290,302,8
59300,-203,-290,303,8
59350,-203,-290,302,8
59400,-203,-290,302,8
59450,-204,-290,301,8
59500,-204,-291,305,8
59550,-203,-290,302,8
59600,-203,-290,302,8
59650,-202,-290,303,8
59700,-204,-290,301,8
59750,-204,-290,302,8
59800,-204,-290,302,8
59850,-203,-290,302,8
59900,-203,-290,303,8
59950,-205,-290,302,8
