# label,height_change
# sample_hz,5
# duration_s,180
# chip_id,0x58
# sda_gpio,21
# scl_gpio,22
# p0_pa,100661.891
t_ms,label,temp_c,pressure_pa,pressure_hpa,relative_alt_m
0,height_change,31.770,100666.422,1006.66425,-0.3805
200,height_change,31.770,100667.844,1006.67847,-0.4967
400,height_change,31.770,100668.383,1006.68384,-0.5443
600,height_change,31.770,100668.734,1006.68732,-0.5707
800,height_change,31.780,100669.867,1006.69867,-0.6711
1001,height_change,31.780,100670.047,1006.70044,-0.6817
1200,height_change,31.780,100670.609,1006.70612,-0.7293
1400,height_change,31.780,100671.438,1006.71436,-0.7980
1600,height_change,31.790,100671.883,1006.71881,-0.8402
1800,height_change,31.790,100672.125,1006.72125,-0.8561
2000,height_change,31.800,100672.797,1006.72797,-0.9142
2200,height_change,31.800,100672.859,1006.72858,-0.9195
2400,height_change,31.810,100673.477,1006.73474,-0.9724
2601,height_change,31.810,100673.797,1006.73798,-0.9988
2800,height_change,31.820,100674.266,1006.74268,-1.0358
3000,height_change,31.820,100674.328,1006.74329,-1.0411
3200,height_change,31.830,100674.859,1006.74860,-1.0886
3400,height_change,31.840,100674.969,1006.74969,-1.0939
3600,height_change,31.840,100675.414,1006.75415,-1.1309
3800,height_change,31.850,100675.609,1006.75610,-1.1520
4000,height_change,31.860,100675.734,1006.75732,-1.1626
4200,height_change,31.860,100676.234,1006.76233,-1.1996
4400,height_change,31.870,100676.141,1006.76141,-1.1943
4600,height_change,31.880,100676.156,1006.76154,-1.1943
4800,height_change,31.880,100676.242,1006.76245,-1.2049
5000,height_change,31.890,100676.172,1006.76172,-1.1943
5200,height_change,31.900,100676.375,1006.76373,-1.2154
5400,height_change,31.900,100676.281,1006.76282,-1.2049
5600,height_change,31.910,100676.398,1006.76398,-1.2154
5800,height_change,31.920,100676.984,1006.76984,-1.2630
6000,height_change,31.920,100677.102,1006.77100,-1.2736
6200,height_change,31.930,100677.008,1006.77008,-1.2683
6400,height_change,31.940,100677.031,1006.77032,-1.2683
6600,height_change,31.940,100677.289,1006.77289,-1.2894
6800,height_change,31.950,100677.789,1006.77789,-1.3317
7000,height_change,31.960,100678.172,1006.78174,-1.3634
7200,height_change,31.960,100678.047,1006.78046,-1.3528
7400,height_change,31.970,100678.313,1006.78314,-1.3793
7600,height_change,31.970,100678.609,1006.78607,-1.4004
7800,height_change,31.980,100678.664,1006.78662,-1.4057
8000,height_change,31.980,100678.867,1006.78870,-1.4215
8200,height_change,31.980,100679.102,1006.79102,-1.4427
8400,height_change,31.980,100679.102,1006.79102,-1.4427
8601,height_change,31.980,100678.867,1006.78870,-1.4215
8800,height_change,31.980,100679.016,1006.79016,-1.4374
9000,height_change,31.970,100679.266,1006.79266,-1.4585
9201,height_change,31.970,100679.359,1006.79358,-1.4638
9400,height_change,31.960,100679.422,1006.79419,-1.4691
9600,height_change,31.950,100679.727,1006.79724,-1.4955
9801,height_change,31.940,100679.766,1006.79767,-1.5008
10000,height_change,31.930,100679.766,1006.79767,-1.5008
10200,height_change,31.920,100679.844,1006.79846,-1.5061
10401,height_change,31.910,100679.875,1006.79877,-1.5061
10600,height_change,31.900,100679.922,1006.79919,-1.5114
10800,height_change,31.890,100679.578,1006.79578,-1.4797
11000,height_change,31.880,100679.430,1006.79431,-1.4691
11200,height_change,31.870,100679.289,1006.79291,-1.4585
11400,height_change,31.860,100679.563,1006.79565,-1.4797
11600,height_change,31.850,100679.602,1006.79602,-1.4850
11800,height_change,31.850,100679.641,1006.79639,-1.4850
12000,height_change,31.830,100679.320,1006.79321,-1.4585
12200,height_change,31.830,100679.773,1006.79773,-1.5008
12400,height_change,31.820,100679.633,1006.79633,-1.4850
12600,height_change,31.810,100679.672,1006.79669,-1.4902
12800,height_change,31.800,100679.766,1006.79767,-1.5008
13000,height_change,31.790,100679.625,1006.79626,-1.4850
13200,height_change,31.790,100679.719,1006.79718,-1.4955
13401,height_change,31.770,100680.000,1006.79999,-1.5167
13600,height_change,31.770,100680.086,1006.80084,-1.5219
13800,height_change,31.760,100680.156,1006.80157,-1.5325
14001,height_change,31.750,100680.313,1006.80310,-1.5431
14200,height_change,31.750,100679.813,1006.79810,-1.5008
14400,height_change,31.740,100679.906,1006.79907,-1.5114
14601,height_change,31.730,100680.117,1006.80115,-1.5272
14800,height_change,31.730,100679.820,1006.79822,-1.5008
15000,height_change,31.720,100679.734,1006.79736,-1.4955
15201,height_change,31.720,100679.594,1006.79596,-1.4850
15400,height_change,31.710,100679.891,1006.79889,-1.5061
15600,height_change,31.710,100679.828,1006.79828,-1.5008
15801,height_change,31.710,100679.750,1006.79749,-1.4955
16000,height_change,31.700,100679.875,1006.79877,-1.5061
16200,height_change,31.700,100679.813,1006.79810,-1.5008
16401,height_change,31.700,100679.781,1006.79779,-1.5008
16600,height_change,31.700,100679.906,1006.79907,-1.5114
16800,height_change,31.690,100679.672,1006.79669,-1.4902
17001,height_change,31.690,100679.844,1006.79846,-1.5061
17200,height_change,31.690,100679.789,1006.79791,-1.5008
17400,height_change,31.690,100679.789,1006.79791,-1.5008
17601,height_change,31.690,100679.969,1006.79968,-1.5167
17800,height_change,31.690,100679.844,1006.79846,-1.5061
18000,height_change,31.700,100680.500,1006.80499,-1.5589
18200,height_change,31.700,100680.531,1006.80530,-1.5642
18400,height_change,31.710,100680.672,1006.80670,-1.5748
18600,height_change,31.720,100680.844,1006.80841,-1.5854
18800,height_change,31.720,100681.344,1006.81342,-1.6276
19000,height_change,31.730,100681.313,1006.81311,-1.6276
19200,height_change,31.730,100681.359,1006.81360,-1.6329
19400,height_change,31.730,100681.359,1006.81360,-1.6329
19600,height_change,31.740,100681.391,1006.81390,-1.6329
19800,height_change,31.740,100681.570,1006.81567,-1.6488
20000,height_change,31.740,100681.570,1006.81567,-1.6488
20200,height_change,31.740,100681.570,1006.81567,-1.6488
20400,height_change,31.730,100681.547,1006.81549,-1.6488
20600,height_change,31.730,100681.906,1006.81909,-1.6752
20800,height_change,31.730,100681.484,1006.81482,-1.6435
21000,height_change,31.730,100681.781,1006.81781,-1.6646
21200,height_change,31.730,100681.727,1006.81726,-1.6646
21400,height_change,31.720,100681.523,1006.81525,-1.6435
21600,height_change,31.720,100681.406,1006.81409,-1.6329
21800,height_change,31.720,100681.766,1006.81763,-1.6646
22000,height_change,31.720,100681.734,1006.81732,-1.6646
22200,height_change,31.710,100681.859,1006.81860,-1.6752
22400,height_change,31.710,100681.797,1006.81799,-1.6699
22600,height_change,31.710,100681.734,1006.81732,-1.6646
22800,height_change,31.700,100681.781,1006.81781,-1.6646
23000,height_change,31.700,100681.516,1006.81519,-1.6435
23200,height_change,31.690,100681.813,1006.81812,-1.6699
23400,height_change,31.680,100681.609,1006.81610,-1.6541
23600,height_change,31.680,100681.289,1006.81287,-1.6276
23800,height_change,31.670,100681.391,1006.81390,-1.6329
24000,height_change,31.660,100681.305,1006.81305,-1.6276
24200,height_change,31.650,100681.578,1006.81580,-1.6488
24400,height_change,31.650,100681.250,1006.81250,-1.6224
24600,height_change,31.640,100681.078,1006.81079,-1.6065
24800,height_change,31.630,100681.391,1006.81390,-1.6329
25000,height_change,31.620,100681.063,1006.81061,-1.6065
25200,height_change,31.610,100680.922,1006.80920,-1.5959
25400,height_change,31.600,100680.602,1006.80603,-1.5695
25600,height_change,31.590,100680.695,1006.80695,-1.5748
25800,height_change,31.590,100680.578,1006.80579,-1.5642
26000,height_change,31.570,100680.000,1006.79999,-1.5167
26200,height_change,31.570,100680.063,1006.80060,-1.5219
26400,height_change,31.560,100679.563,1006.79565,-1.4797
26600,height_change,31.550,100679.531,1006.79529,-1.4797
26800,height_change,31.550,100679.453,1006.79456,-1.4744
27000,height_change,31.540,100679.125,1006.79126,-1.4427
27200,height_change,31.530,100679.102,1006.79102,-1.4427
27400,height_change,31.520,100679.195,1006.79193,-1.4480
27600,height_change,31.520,100678.875,1006.78876,-1.4215
27800,height_change,31.510,100678.672,1006.78674,-1.4057
28000,height_change,31.500,100678.578,1006.78577,-1.4004
28200,height_change,31.500,100678.641,1006.78638,-1.4057
28400,height_change,31.490,100678.742,1006.78741,-1.4110
28600,height_change,31.480,100678.719,1006.78717,-1.4110
28800,height_change,31.480,100678.633,1006.78632,-1.4004
29000,height_change,31.470,100678.516,1006.78516,-1.3951
29200,height_change,31.460,100678.281,1006.78284,-1.3740
29400,height_change,31.460,100678.344,1006.78345,-1.3793
29600,height_change,31.450,100678.438,1006.78436,-1.3846
29800,height_change,31.450,100678.828,1006.78827,-1.4163
30000,height_change,31.440,100678.719,1006.78717,-1.4110
30200,height_change,31.440,100678.633,1006.78632,-1.4004
30400,height_change,31.430,100678.664,1006.78662,-1.4057
30600,height_change,31.420,100678.375,1006.78375,-1.3793
30800,height_change,31.420,100678.281,1006.78284,-1.3740
31000,height_change,31.410,100678.141,1006.78143,-1.3634
31200,height_change,31.410,100678.078,1006.78076,-1.3581
31400,height_change,31.410,100678.023,1006.78021,-1.3528
31600,height_change,31.400,100678.125,1006.78125,-1.3581
31800,height_change,31.400,100678.234,1006.78235,-1.3687
32000,height_change,31.400,100678.000,1006.78003,-1.3476
32200,height_change,31.390,100678.328,1006.78326,-1.3793
32400,height_change,31.390,100678.094,1006.78094,-1.3581
32600,height_change,31.390,100678.211,1006.78210,-1.3687
32800,height_change,31.390,100678.188,1006.78186,-1.3634
33000,height_change,31.380,100678.070,1006.78070,-1.3581
33200,height_change,31.380,100678.250,1006.78247,-1.3687
33400,height_change,31.380,100678.188,1006.78186,-1.3634
33600,height_change,31.380,100677.984,1006.77985,-1.3476
33800,height_change,31.370,100677.750,1006.77753,-1.3317
34000,height_change,31.370,100677.922,1006.77924,-1.3423
34200,height_change,31.370,100678.047,1006.78046,-1.3528
34400,height_change,31.370,100678.227,1006.78229,-1.3687
34600,height_change,31.370,100678.195,1006.78198,-1.3687
34800,height_change,31.370,100678.555,1006.78552,-1.3951
35000,height_change,31.370,100678.313,1006.78314,-1.3793
35200,height_change,31.370,100678.500,1006.78497,-1.3898
35400,height_change,31.370,100678.500,1006.78497,-1.3898
35600,height_change,31.370,100678.313,1006.78314,-1.3793
35800,height_change,31.370,100678.500,1006.78497,-1.3898
36000,height_change,31.370,100678.313,1006.78314,-1.3793
36200,height_change,31.370,100678.313,1006.78314,-1.3793
36400,height_change,31.370,100678.313,1006.78314,-1.3793
36600,height_change,31.370,100678.500,1006.78497,-1.3898
36800,height_change,31.370,100678.500,1006.78497,-1.3898
37000,height_change,31.370,100678.500,1006.78497,-1.3898
37200,height_change,31.360,100678.266,1006.78265,-1.3740
37400,height_change,31.360,100678.617,1006.78619,-1.4004
37600,height_change,31.360,100678.406,1006.78406,-1.3846
37800,height_change,31.360,100678.766,1006.78766,-1.4163
38000,height_change,31.360,100678.531,1006.78534,-1.3951
38200,height_change,31.360,100678.469,1006.78467,-1.3898
38400,height_change,31.350,100678.234,1006.78235,-1.3687
38600,height_change,31.350,100678.156,1006.78156,-1.3634
38800,height_change,31.350,100677.914,1006.77911,-1.3423
39000,height_change,31.340,100677.703,1006.77704,-1.3264
39200,height_change,31.340,100677.766,1006.77765,-1.3317
39400,height_change,31.340,100677.711,1006.77710,-1.3264
39600,height_change,31.330,100677.445,1006.77448,-1.3053
39800,height_change,31.330,100677.898,1006.77899,-1.3423
40000,height_change,31.320,100677.781,1006.77783,-1.3317
40201,height_change,31.320,100677.906,1006.77905,-1.3423
40400,height_change,31.310,100677.641,1006.77643,-1.3211
40600,height_change,31.300,100677.438,1006.77435,-1.3053
40801,height_change,31.300,100677.555,1006.77557,-1.3106
41000,height_change,31.300,100677.289,1006.77289,-1.2894
41200,height_change,31.290,100677.328,1006.77325,-1.2947
41400,height_change,31.290,100677.438,1006.77435,-1.3053
41600,height_change,31.280,100677.359,1006.77362,-1.2947
41800,height_change,31.270,100677.219,1006.77222,-1.2841
42000,height_change,31.270,100677.102,1006.77100,-1.2736
42200,height_change,31.260,100677.016,1006.77014,-1.2683
42400,height_change,31.260,100676.875,1006.76874,-1.2577
42600,height_change,31.250,100676.984,1006.76984,-1.2630
42800,height_change,31.250,100676.688,1006.76685,-1.2419
43000,height_change,31.240,100676.781,1006.76782,-1.2472
43200,height_change,31.240,100676.727,1006.76727,-1.2419
43400,height_change,31.240,100676.703,1006.76703,-1.2419
43600,height_change,31.230,100676.578,1006.76581,-1.2313
43800,height_change,31.230,100676.703,1006.76703,-1.2419
44001,height_change,31.230,100677.031,1006.77032,-1.2683
44200,height_change,31.220,100676.891,1006.76892,-1.2577
44400,height_change,31.220,100676.828,1006.76831,-1.2524
44601,height_change,31.210,100676.531,1006.76532,-1.2260
44800,height_change,31.210,100676.508,1006.76508,-1.2260
45000,height_change,31.200,100676.359,1006.76361,-1.2102
45201,height_change,31.200,100676.063,1006.76062,-1.1890
45400,height_change,31.200,100676.367,1006.76367,-1.2102
45600,height_change,31.190,100676.016,1006.76013,-1.1837
45801,height_change,31.180,100675.898,1006.75897,-1.1732
46000,height_change,31.180,100676.195,1006.76196,-1.1996
46200,height_change,31.170,100675.844,1006.75842,-1.1679
46400,height_change,31.160,100675.906,1006.75903,-1.1732
46600,height_change,31.160,100675.406,1006.75409,-1.1309
46800,height_change,31.150,100675.563,1006.75562,-1.1467
47000,height_change,31.140,100675.477,1006.75476,-1.1362
47200,height_change,31.140,100675.359,1006.75360,-1.1309
47400,height_change,31.120,100674.945,1006.74945,-1.0939
47600,height_change,31.120,100675.008,1006.75006,-1.0992
47800,height_change,31.110,100674.922,1006.74921,-1.0939
48000,height_change,31.100,100674.898,1006.74896,-1.0886
48200,height_change,31.100,100674.813,1006.74811,-1.0833
48401,height_change,31.090,100674.695,1006.74695,-1.0728
48600,height_change,31.090,100674.609,1006.74609,-1.0675
48800,height_change,31.080,100674.820,1006.74823,-1.0833
49001,height_change,31.080,100674.703,1006.74701,-1.0728
49200,height_change,31.080,100675.000,1006.75000,-1.0992
49400,height_change,31.070,100674.828,1006.74829,-1.0833
49601,height_change,31.060,100674.891,1006.74890,-1.0886
49800,height_change,31.060,100674.805,1006.74805,-1.0833
50000,height_change,31.050,100675.016,1006.75018,-1.0992
50200,height_change,31.050,100675.141,1006.75140,-1.1098
50400,height_change,31.040,100675.258,1006.75256,-1.1203
50600,height_change,31.040,100675.711,1006.75708,-1.1573
50800,height_change,31.040,100675.648,1006.75647,-1.1520
51000,height_change,31.030,100675.594,1006.75592,-1.1467
51200,height_change,31.030,100675.742,1006.75745,-1.1626
51400,height_change,31.030,100675.859,1006.75861,-1.1679
51600,height_change,31.030,100675.797,1006.75800,-1.1679
51800,height_change,31.020,100676.102,1006.76099,-1.1890
52000,height_change,31.020,100676.281,1006.76282,-1.2049
52200,height_change,31.020,100676.430,1006.76428,-1.2207
52400,height_change,31.020,100676.430,1006.76428,-1.2207
52600,height_change,31.020,100676.781,1006.76782,-1.2472
52800,height_change,31.020,100676.781,1006.76782,-1.2472
53000,height_change,31.020,100676.781,1006.76782,-1.2472
53200,height_change,31.020,100676.781,1006.76782,-1.2472
53400,height_change,31.020,100677.172,1006.77173,-1.2789
53600,height_change,31.020,100677.172,1006.77173,-1.2789
53800,height_change,31.030,100677.641,1006.77643,-1.3211
54000,height_change,31.030,100677.641,1006.77643,-1.3211
54200,height_change,31.030,100677.469,1006.77466,-1.3053
54400,height_change,31.030,100677.469,1006.77466,-1.3053
54600,height_change,31.030,100677.234,1006.77234,-1.2841
54800,height_change,31.030,100677.234,1006.77234,-1.2841
55000,height_change,31.030,100677.234,1006.77234,-1.2841
55200,height_change,31.020,100676.992,1006.76990,-1.2630
55400,height_change,31.020,100677.172,1006.77173,-1.2789
55600,height_change,31.020,100677.172,1006.77173,-1.2789
55800,height_change,31.020,100677.352,1006.77350,-1.2947
56000,height_change,31.020,100677.703,1006.77704,-1.3264
56200,height_change,31.020,100677.500,1006.77502,-1.3106
56400,height_change,31.020,100677.672,1006.77673,-1.3211
56600,height_change,31.020,100678.063,1006.78064,-1.3581
56800,height_change,31.020,100678.242,1006.78241,-1.3687
57000,height_change,31.020,100677.883,1006.77881,-1.3423
57200,height_change,31.030,100678.125,1006.78125,-1.3581
57400,height_change,31.030,100677.938,1006.77936,-1.3423
57600,height_change,31.030,100678.359,1006.78357,-1.3793
57800,height_change,31.030,100678.359,1006.78357,-1.3793
58000,height_change,31.030,100678.359,1006.78357,-1.3793
58200,height_change,31.030,100678.125,1006.78125,-1.3581
58400,height_change,31.030,100678.484,1006.78485,-1.3898
58600,height_change,31.020,100678.422,1006.78424,-1.3846
58800,height_change,31.020,100678.516,1006.78516,-1.3951
59000,height_change,31.020,100678.453,1006.78455,-1.3898
59200,height_change,31.010,100678.609,1006.78607,-1.4004
59400,height_change,31.010,100678.250,1006.78247,-1.3687
59600,height_change,31.000,100678.219,1006.78217,-1.3687
59800,height_change,31.000,100678.344,1006.78345,-1.3793
60000,height_change,31.000,100678.438,1006.78436,-1.3846
60200,height_change,30.990,100678.141,1006.78143,-1.3634
60400,height_change,30.990,100678.047,1006.78046,-1.3528
60600,height_change,30.980,100677.781,1006.77783,-1.3317
60800,height_change,30.980,100677.813,1006.77814,-1.3370
61000,height_change,30.970,100678.117,1006.78119,-1.3581
61200,height_change,30.970,100678.203,1006.78204,-1.3687
61400,height_change,30.960,100677.828,1006.77826,-1.3370
61600,height_change,30.960,100678.125,1006.78125,-1.3581
61800,height_change,30.950,100678.211,1006.78210,-1.3687
62000,height_change,30.940,100678.016,1006.78015,-1.3528
62200,height_change,30.940,100677.891,1006.77893,-1.3423
62400,height_change,30.930,100677.805,1006.77808,-1.3317
62600,height_change,30.920,100677.836,1006.77838,-1.3370
62800,height_change,30.920,100677.719,1006.77716,-1.3264
63000,height_change,30.920,100677.688,1006.77686,-1.3211
63200,height_change,30.910,100677.547,1006.77545,-1.3106
63400,height_change,30.900,100677.078,1006.77075,-1.2736
63600,height_change,30.900,100677.016,1006.77014,-1.2683
63800,height_change,30.900,100676.570,1006.76569,-1.2313
64000,height_change,30.900,100676.570,1006.76569,-1.2313
64200,height_change,30.900,100676.570,1006.76569,-1.2313
64400,height_change,30.900,100676.570,1006.76569,-1.2313
64600,height_change,30.900,100676.570,1006.76569,-1.2313
64800,height_change,30.890,100676.156,1006.76154,-1.1943
65000,height_change,30.890,100676.336,1006.76337,-1.2102
65200,height_change,30.890,100676.313,1006.76312,-1.2102
65400,height_change,30.890,100676.484,1006.76483,-1.2207
65600,height_change,30.890,100676.070,1006.76068,-1.1890
65800,height_change,30.890,100675.836,1006.75836,-1.1679
66000,height_change,30.890,100675.836,1006.75836,-1.1679
66200,height_change,30.890,100675.836,1006.75836,-1.1679
66400,height_change,30.880,100675.594,1006.75592,-1.1467
66600,height_change,30.880,100675.391,1006.75391,-1.1309
66800,height_change,30.880,100675.563,1006.75562,-1.1467
67000,height_change,30.880,100675.750,1006.75751,-1.1626
67200,height_change,30.880,100675.516,1006.75513,-1.1415
67400,height_change,30.880,100675.688,1006.75690,-1.1573
67600,height_change,30.880,100675.273,1006.75275,-1.1203
67800,height_change,30.880,100675.453,1006.75452,-1.1362
68000,height_change,30.870,100675.250,1006.75250,-1.1203
68200,height_change,30.870,100675.250,1006.75250,-1.1203
68400,height_change,30.870,100675.008,1006.75006,-1.0992
68600,height_change,30.870,100675.008,1006.75006,-1.0992
68800,height_change,30.870,100675.188,1006.75189,-1.1150
69000,height_change,30.870,100675.063,1006.75061,-1.1045
69200,height_change,30.870,100675.422,1006.75421,-1.1362
69400,height_change,30.860,100675.578,1006.75580,-1.1467
69600,height_change,30.860,100675.641,1006.75641,-1.1520
69800,height_change,30.850,100675.188,1006.75189,-1.1150
70000,height_change,30.850,100675.313,1006.75311,-1.1256
70200,height_change,30.840,100674.750,1006.74750,-1.0780
70400,height_change,30.840,100675.078,1006.75079,-1.1045
70600,height_change,30.830,100674.781,1006.74780,-1.0780
70800,height_change,30.830,100675.000,1006.75000,-1.0992
71000,height_change,30.820,100674.906,1006.74908,-1.0886
71200,height_change,30.820,100675.031,1006.75031,-1.0992
71400,height_change,30.810,100674.883,1006.74884,-1.0886
71600,height_change,30.810,100675.180,1006.75177,-1.1150
71800,height_change,30.800,100674.734,1006.74731,-1.0780
72000,height_change,30.800,100675.219,1006.75220,-1.1150
72200,height_change,30.800,100675.156,1006.75159,-1.1098
72400,height_change,30.800,100675.094,1006.75092,-1.1045
72600,height_change,30.790,100674.891,1006.74890,-1.0886
72800,height_change,30.790,100675.125,1006.75122,-1.1098
73000,height_change,30.790,100675.281,1006.75281,-1.1203
73200,height_change,30.780,100675.398,1006.75397,-1.1309
73400,height_change,30.780,100675.281,1006.75281,-1.1203
73600,height_change,30.780,100675.078,1006.75079,-1.1045
73800,height_change,30.770,100675.016,1006.75018,-1.0992
74000,height_change,30.770,100674.930,1006.74927,-1.0939
74200,height_change,30.770,100674.688,1006.74689,-1.0728
74400,height_change,30.770,100674.875,1006.74878,-1.0886
74600,height_change,30.760,100674.750,1006.74750,-1.0780
74800,height_change,30.760,100674.727,1006.74725,-1.0780
75000,height_change,30.760,100674.484,1006.74487,-1.0569
75200,height_change,30.750,100674.609,1006.74609,-1.0675
75400,height_change,30.750,100674.781,1006.74780,-1.0780
75600,height_change,30.750,100674.406,1006.74408,-1.0463
75800,height_change,30.750,100674.578,1006.74579,-1.0622
76000,height_change,30.750,100674.344,1006.74341,-1.0463
76200,height_change,30.750,100674.344,1006.74341,-1.0463
76400,height_change,30.750,100674.703,1006.74701,-1.0728
76600,height_change,30.750,100674.469,1006.74469,-1.0516
76800,height_change,30.750,100674.641,1006.74640,-1.0675
77000,height_change,30.740,100674.578,1006.74579,-1.0622
77200,height_change,30.740,100674.734,1006.74731,-1.0780
77400,height_change,30.740,100675.094,1006.75092,-1.1045
77600,height_change,30.740,100674.852,1006.74854,-1.0886
77800,height_change,30.740,100675.031,1006.75031,-1.0992
78000,height_change,30.740,100674.797,1006.74799,-1.0833
78200,height_change,30.740,100674.797,1006.74799,-1.0833
78400,height_change,30.740,100674.969,1006.74969,-1.0939
78600,height_change,30.740,100674.969,1006.74969,-1.0939
78800,height_change,30.740,100674.969,1006.74969,-1.0939
79000,height_change,30.740,100674.797,1006.74799,-1.0833
79200,height_change,30.740,100674.609,1006.74609,-1.0675
79400,height_change,30.740,100674.438,1006.74438,-1.0516
79600,height_change,30.740,100674.438,1006.74438,-1.0516
79800,height_change,30.740,100674.852,1006.74854,-1.0886
80000,height_change,30.740,100674.852,1006.74854,-1.0886
80200,height_change,30.740,100674.852,1006.74854,-1.0886
80400,height_change,30.740,100674.438,1006.74438,-1.0516
80600,height_change,30.740,100674.609,1006.74609,-1.0675
80800,height_change,30.740,100674.797,1006.74799,-1.0833
81000,height_change,30.730,100674.766,1006.74768,-1.0780
81200,height_change,30.730,100674.938,1006.74939,-1.0939
81400,height_change,30.730,100675.297,1006.75299,-1.1256
81600,height_change,30.730,100675.242,1006.75244,-1.1203
81800,height_change,30.730,100675.359,1006.75360,-1.1309
82000,height_change,30.730,100675.539,1006.75537,-1.1415
82200,height_change,30.730,100675.656,1006.75659,-1.1520
82400,height_change,30.720,100675.633,1006.75635,-1.1520
82600,height_change,30.720,100675.570,1006.75568,-1.1467
82800,height_change,30.720,100675.664,1006.75665,-1.1520
83000,height_change,30.710,100675.367,1006.75366,-1.1309
83200,height_change,30.710,100675.664,1006.75665,-1.1520
83400,height_change,30.700,100675.695,1006.75696,-1.1573
83600,height_change,30.700,100676.203,1006.76202,-1.1996
83801,height_change,30.700,100676.500,1006.76501,-1.2260
84000,height_change,30.690,100676.531,1006.76532,-1.2260
84200,height_change,30.680,100676.063,1006.76062,-1.1890
84400,height_change,30.680,100676.219,1006.76221,-1.1996
84600,height_change,30.680,100676.328,1006.76331,-1.2102
84800,height_change,30.670,100676.188,1006.76190,-1.1996
85000,height_change,30.670,100676.297,1006.76294,-1.2102
85200,height_change,30.670,100676.422,1006.76422,-1.2154
85400,height_change,30.660,100676.688,1006.76685,-1.2419
85600,height_change,30.660,100676.813,1006.76813,-1.2524
85800,height_change,30.660,100676.750,1006.76752,-1.2472
86000,height_change,30.650,100676.664,1006.76666,-1.2366
86200,height_change,30.650,100676.406,1006.76404,-1.2154
86400,height_change,30.650,100676.695,1006.76697,-1.2419
86600,height_change,30.640,100676.547,1006.76544,-1.2260
86800,height_change,30.640,100676.672,1006.76672,-1.2366
87000,height_change,30.630,100676.766,1006.76764,-1.2472
87200,height_change,30.620,100676.938,1006.76935,-1.2630
87400,height_change,30.620,100676.672,1006.76672,-1.2366
87600,height_change,30.620,100676.977,1006.76978,-1.2630
87800,height_change,30.610,100676.766,1006.76764,-1.2472
88000,height_change,30.600,100677.102,1006.77100,-1.2736
88200,height_change,30.600,100676.984,1006.76984,-1.2630
88400,height_change,30.590,100676.773,1006.76776,-1.2472
88600,height_change,30.590,100676.922,1006.76923,-1.2577
88800,height_change,30.580,100676.805,1006.76807,-1.2524
89000,height_change,30.580,100676.547,1006.76544,-1.2260
89200,height_change,30.570,100676.570,1006.76569,-1.2313
89400,height_change,30.570,100676.875,1006.76874,-1.2577
89600,height_change,30.560,100676.961,1006.76959,-1.2630
89800,height_change,30.550,100676.961,1006.76959,-1.2630
90000,height_change,30.550,100677.297,1006.77295,-1.2894
90200,height_change,30.550,100677.406,1006.77405,-1.3000
90400,height_change,30.540,100677.680,1006.77679,-1.3211
90600,height_change,30.540,100677.203,1006.77203,-1.2841
90800,height_change,30.540,100677.922,1006.77924,-1.3423
91000,height_change,30.530,100677.773,1006.77771,-1.3317
91200,height_change,30.530,100677.711,1006.77710,-1.3264
91400,height_change,30.530,100677.867,1006.77869,-1.3370
91600,height_change,30.520,100677.922,1006.77924,-1.3423
91800,height_change,30.520,100677.719,1006.77716,-1.3264
92000,height_change,30.520,100677.836,1006.77838,-1.3370
92200,height_change,30.510,100677.719,1006.77716,-1.3264
92400,height_change,30.510,100677.688,1006.77686,-1.3211
92600,height_change,30.510,100677.453,1006.77454,-1.3053
92800,height_change,30.500,100677.391,1006.77393,-1.3000
93000,height_change,30.500,100677.906,1006.77905,-1.3423
93200,height_change,30.500,100677.664,1006.77661,-1.3211
93400,height_change,30.500,100678.016,1006.78015,-1.3528
93600,height_change,30.500,100677.781,1006.77783,-1.3317
93800,height_change,30.500,100677.953,1006.77954,-1.3476
94000,height_change,30.490,100677.727,1006.77728,-1.3264
94200,height_change,30.490,100678.078,1006.78076,-1.3581
94400,height_change,30.490,100677.906,1006.77905,-1.3423
94600,height_change,30.490,100677.516,1006.77515,-1.3106
94800,height_change,30.490,100676.984,1006.76984,-1.2630
95000,height_change,30.490,100677.367,1006.77368,-1.2947
95200,height_change,30.490,100677.188,1006.77185,-1.2841
95400,height_change,30.490,100677.367,1006.77368,-1.2947
95600,height_change,30.490,100677.367,1006.77368,-1.2947
95800,height_change,30.490,100677.367,1006.77368,-1.2947
96000,height_change,30.490,100677.727,1006.77728,-1.3264
96200,height_change,30.490,100677.906,1006.77905,-1.3423
96400,height_change,30.490,100677.516,1006.77515,-1.3106
96600,height_change,30.490,100677.516,1006.77515,-1.3106
96800,height_change,30.490,100677.695,1006.77698,-1.3264
97000,height_change,30.490,100677.453,1006.77454,-1.3053
97200,height_change,30.490,100678.047,1006.78046,-1.3528
97400,height_change,30.490,100678.234,1006.78235,-1.3687
97600,height_change,30.490,100678.234,1006.78235,-1.3687
97800,height_change,30.490,100678.234,1006.78235,-1.3687
98000,height_change,30.490,100678.406,1006.78406,-1.3846
98200,height_change,30.490,100678.586,1006.78589,-1.4004
98400,height_change,30.490,100678.586,1006.78589,-1.4004
98600,height_change,30.490,100678.406,1006.78406,-1.3846
98800,height_change,30.490,100678.586,1006.78589,-1.4004
99000,height_change,30.490,100678.586,1006.78589,-1.4004
99200,height_change,30.490,100678.766,1006.78766,-1.4163
99400,height_change,30.490,100678.586,1006.78589,-1.4004
99600,height_change,30.490,100678.766,1006.78766,-1.4163
99800,height_change,30.490,100678.586,1006.78589,-1.4004
100000,height_change,30.490,100678.969,1006.78967,-1.4321
100200,height_change,30.490,100678.969,1006.78967,-1.4321
100400,height_change,30.490,100678.797,1006.78796,-1.4163
100600,height_change,30.500,100679.086,1006.79083,-1.4427
100800,height_change,30.500,100678.734,1006.78735,-1.4110
101000,height_change,30.500,100678.797,1006.78796,-1.4163
101200,height_change,30.510,100678.703,1006.78705,-1.4110
101400,height_change,30.510,100678.578,1006.78577,-1.4004
101600,height_change,30.510,100678.609,1006.78607,-1.4004
101800,height_change,30.520,100678.969,1006.78967,-1.4321
102000,height_change,30.520,100678.813,1006.78815,-1.4163
102200,height_change,30.520,100679.047,1006.79047,-1.4374
102400,height_change,30.530,100678.961,1006.78961,-1.4321
102600,height_change,30.530,100679.438,1006.79437,-1.4691
102800,height_change,30.540,100679.281,1006.79279,-1.4585
103000,height_change,30.540,100679.219,1006.79218,-1.4533
103200,height_change,30.550,100679.492,1006.79492,-1.4744
103400,height_change,30.550,100679.375,1006.79376,-1.4638
103600,height_change,30.560,100679.516,1006.79517,-1.4797
103800,height_change,30.560,100679.578,1006.79578,-1.4797
104000,height_change,30.560,100679.641,1006.79639,-1.4850
104200,height_change,30.570,100679.906,1006.79907,-1.5114
104400,height_change,30.570,100679.961,1006.79962,-1.5167
104600,height_change,30.570,100679.992,1006.79993,-1.5167
104800,height_change,30.570,100679.875,1006.79877,-1.5061
105000,height_change,30.580,100679.992,1006.79993,-1.5167
105200,height_change,30.580,100680.016,1006.80017,-1.5167
105400,height_change,30.580,100679.898,1006.79901,-1.5114
105600,height_change,30.590,100679.625,1006.79626,-1.4850
105800,height_change,30.590,100679.688,1006.79688,-1.4902
106000,height_change,30.590,100679.508,1006.79510,-1.4744
106200,height_change,30.600,100680.164,1006.80164,-1.5325
106400,height_change,30.600,100679.805,1006.79803,-1.5008
106600,height_change,30.600,100680.016,1006.80017,-1.5167
106800,height_change,30.600,100679.828,1006.79828,-1.5008
107000,height_change,30.600,100680.070,1006.80072,-1.5219
107200,height_change,30.600,100680.133,1006.80133,-1.5272
107400,height_change,30.610,100679.797,1006.79797,-1.5008
107600,height_change,30.620,100679.586,1006.79584,-1.4850
107800,height_change,30.630,100679.438,1006.79437,-1.4691
108000,height_change,30.660,100679.219,1006.79218,-1.4533
108200,height_change,30.670,100679.281,1006.79279,-1.4585
108400,height_change,30.680,100679.594,1006.79596,-1.4850
108600,height_change,30.690,100679.469,1006.79468,-1.4744
108800,height_change,30.720,100680.094,1006.80096,-1.5272
109000,height_change,30.740,100680.203,1006.80200,-1.5325
109200,height_change,30.750,100680.289,1006.80292,-1.5431
109400,height_change,30.780,100680.633,1006.80634,-1.5695
109600,height_change,30.790,100681.141,1006.81140,-1.6118
109800,height_change,30.810,100681.188,1006.81189,-1.6171
110000,height_change,30.830,100681.328,1006.81329,-1.6276
110200,height_change,30.840,100681.594,1006.81592,-1.6488
110400,height_change,30.850,100681.266,1006.81268,-1.6224
110600,height_change,30.880,100681.516,1006.81519,-1.6435
110800,height_change,30.890,100681.547,1006.81549,-1.6488
111000,height_change,30.900,100681.742,1006.81744,-1.6646
111200,height_change,30.920,100682.328,1006.82330,-1.7122
111400,height_change,30.920,100682.297,1006.82300,-1.7122
111600,height_change,30.930,100682.688,1006.82690,-1.7439
111800,height_change,30.950,100682.438,1006.82440,-1.7228
112000,height_change,30.960,100683.000,1006.83002,-1.7703
112200,height_change,30.970,100682.969,1006.82971,-1.7650
112400,height_change,30.970,100682.516,1006.82513,-1.7280
112600,height_change,30.990,100682.656,1006.82654,-1.7386
112800,height_change,30.990,100682.781,1006.82782,-1.7492
113000,height_change,31.000,100682.719,1006.82721,-1.7439
113200,height_change,31.000,100682.859,1006.82861,-1.7545
113400,height_change,31.010,100682.703,1006.82703,-1.7439
113600,height_change,31.010,100682.594,1006.82593,-1.7333
113800,height_change,31.010,100683.000,1006.83002,-1.7703
114000,height_change,31.010,100682.828,1006.82831,-1.7545
114200,height_change,31.010,100682.828,1006.82831,-1.7545
114400,height_change,31.010,100682.594,1006.82593,-1.7333
114600,height_change,31.010,100682.766,1006.82764,-1.7492
114800,height_change,31.010,100682.531,1006.82532,-1.7280
115000,height_change,31.000,100682.445,1006.82446,-1.7228
115200,height_change,31.000,100682.391,1006.82391,-1.7175
115400,height_change,31.000,100682.359,1006.82361,-1.7175
115600,height_change,30.990,100682.594,1006.82593,-1.7333
115800,height_change,30.990,100682.297,1006.82300,-1.7122
116000,height_change,30.980,100682.422,1006.82422,-1.7228
116200,height_change,30.980,100682.156,1006.82153,-1.6963
116400,height_change,30.970,100682.156,1006.82153,-1.6963
116600,height_change,30.970,100682.070,1006.82068,-1.6911
116800,height_change,30.960,100681.984,1006.81982,-1.6858
117000,height_change,30.950,100681.961,1006.81958,-1.6805
117200,height_change,30.950,100681.844,1006.81842,-1.6699
117400,height_change,30.940,100681.758,1006.81757,-1.6646
117600,height_change,30.930,100681.734,1006.81732,-1.6646
117800,height_change,30.920,100681.227,1006.81226,-1.6224
118000,height_change,30.920,100681.289,1006.81287,-1.6276
118200,height_change,30.910,100681.234,1006.81232,-1.6224
118400,height_change,30.900,100681.297,1006.81299,-1.6276
118600,height_change,30.890,100680.969,1006.80969,-1.6012
118800,height_change,30.880,100680.563,1006.80560,-1.5642
119000,height_change,30.880,100680.984,1006.80981,-1.6012
119200,height_change,30.870,100680.477,1006.80475,-1.5589
119400,height_change,30.860,100680.422,1006.80420,-1.5537
119600,height_change,30.850,100680.484,1006.80487,-1.5589
119800,height_change,30.840,100680.164,1006.80164,-1.5325
120000,height_change,30.830,100680.078,1006.80078,-1.5219
120200,height_change,30.830,100680.344,1006.80347,-1.5484
120400,height_change,30.820,100680.023,1006.80023,-1.5219
120600,height_change,30.810,100680.078,1006.80078,-1.5219
120800,height_change,30.800,100679.852,1006.79852,-1.5061
121000,height_change,30.800,100679.734,1006.79736,-1.4955
121200,height_change,30.790,100679.828,1006.79828,-1.5008
121400,height_change,30.780,100679.438,1006.79437,-1.4691
121600,height_change,30.780,100679.359,1006.79358,-1.4638
121800,height_change,30.770,100679.469,1006.79468,-1.4744
122000,height_change,30.760,100679.273,1006.79272,-1.4585
122200,height_change,30.760,100679.188,1006.79187,-1.4480
122400,height_change,30.750,100679.063,1006.79065,-1.4374
122600,height_change,30.740,100678.688,1006.78687,-1.4057
122800,height_change,30.740,100678.828,1006.78827,-1.4163
123000,height_change,30.740,100678.539,1006.78540,-1.3951
123200,height_change,30.730,100678.516,1006.78516,-1.3951
123400,height_change,30.720,100678.250,1006.78247,-1.3687
123600,height_change,30.720,100678.547,1006.78546,-1.3951
123800,height_change,30.710,100678.156,1006.78156,-1.3634
124000,height_change,30.710,100678.313,1006.78314,-1.3793
124200,height_change,30.700,100678.188,1006.78186,-1.3634
124400,height_change,30.700,100678.109,1006.78107,-1.3581
124600,height_change,30.690,100678.172,1006.78174,-1.3634
124800,height_change,30.690,100678.313,1006.78314,-1.3793
125000,height_change,30.690,100678.438,1006.78436,-1.3846
125200,height_change,30.680,100678.109,1006.78107,-1.3581
125400,height_change,30.680,100678.234,1006.78235,-1.3687
125600,height_change,30.680,100678.359,1006.78357,-1.3793
125800,height_change,30.670,100678.625,1006.78625,-1.4004
126000,height_change,30.670,100678.563,1006.78564,-1.3951
126200,height_change,30.670,100678.711,1006.78711,-1.4110
126400,height_change,30.660,100678.422,1006.78424,-1.3846
126600,height_change,30.660,100678.359,1006.78357,-1.3793
126800,height_change,30.660,100678.711,1006.78711,-1.4110
127000,height_change,30.660,100678.156,1006.78156,-1.3634
127200,height_change,30.650,100677.914,1006.77911,-1.3423
127400,height_change,30.650,100678.094,1006.78094,-1.3581
127600,height_change,30.650,100678.094,1006.78094,-1.3581
127800,height_change,30.650,100677.672,1006.77673,-1.3211
128000,height_change,30.650,100677.500,1006.77502,-1.3106
128200,height_change,30.650,100677.555,1006.77557,-1.3106
128400,height_change,30.650,100677.375,1006.77374,-1.2947
128600,height_change,30.650,100677.203,1006.77203,-1.2841
128800,height_change,30.650,100677.203,1006.77203,-1.2841
129000,height_change,30.650,100677.555,1006.77557,-1.3106
129200,height_change,30.650,100677.375,1006.77374,-1.2947
129400,height_change,30.650,100677.203,1006.77203,-1.2841
129600,height_change,30.650,100677.023,1006.77026,-1.2683
129800,height_change,30.650,100676.781,1006.76782,-1.2472
130000,height_change,30.650,100677.141,1006.77142,-1.2789
130200,height_change,30.650,100677.117,1006.77118,-1.2736
130400,height_change,30.650,100677.055,1006.77057,-1.2736
130600,height_change,30.640,100677.359,1006.77362,-1.2947
130800,height_change,30.640,100677.266,1006.77264,-1.2894
131000,height_change,30.640,100677.203,1006.77203,-1.2841
131200,height_change,30.630,100677.148,1006.77148,-1.2789
131400,height_change,30.630,100677.297,1006.77295,-1.2894
131600,height_change,30.630,100677.242,1006.77240,-1.2841
131800,height_change,30.630,100677.180,1006.77179,-1.2789
132000,height_change,30.620,100677.273,1006.77271,-1.2894
132201,height_change,30.620,100677.391,1006.77393,-1.3000
132400,height_change,30.620,100677.516,1006.77515,-1.3106
132600,height_change,30.610,100677.305,1006.77307,-1.2947
132801,height_change,30.610,100677.602,1006.77600,-1.3159
133000,height_change,30.610,100677.359,1006.77362,-1.2947
133200,height_change,30.610,100677.719,1006.77716,-1.3264
133401,height_change,30.610,100677.484,1006.77484,-1.3053
133600,height_change,30.610,100677.656,1006.77655,-1.3211
133800,height_change,30.610,100677.656,1006.77655,-1.3211
134000,height_change,30.600,100677.633,1006.77631,-1.3211
134200,height_change,30.600,100677.813,1006.77814,-1.3370
134400,height_change,30.600,100677.750,1006.77753,-1.3317
134600,height_change,30.600,100677.875,1006.77875,-1.3370
134800,height_change,30.600,100677.844,1006.77844,-1.3370
135000,height_change,30.600,100678.023,1006.78021,-1.3528
135200,height_change,30.590,100677.727,1006.77728,-1.3264
135400,height_change,30.590,100677.906,1006.77905,-1.3423
135600,height_change,30.590,100677.844,1006.77844,-1.3370
135800,height_change,30.580,100677.758,1006.77759,-1.3317
136000,height_change,30.580,100678.117,1006.78119,-1.3581
136200,height_change,30.580,100677.875,1006.77875,-1.3370
136400,height_change,30.580,100677.852,1006.77850,-1.3370
136600,height_change,30.580,100677.969,1006.77966,-1.3476
136800,height_change,30.580,100678.148,1006.78149,-1.3634
137000,height_change,30.570,100678.086,1006.78088,-1.3581
137200,height_change,30.570,100678.031,1006.78033,-1.3528
137400,height_change,30.570,100678.203,1006.78204,-1.3687
137600,height_change,30.570,100678.180,1006.78180,-1.3634
137800,height_change,30.560,100678.063,1006.78064,-1.3581
138000,height_change,30.560,100678.031,1006.78033,-1.3528
138200,height_change,30.560,100677.977,1006.77979,-1.3476
138400,height_change,30.550,100677.648,1006.77649,-1.3211
138600,height_change,30.550,100677.766,1006.77765,-1.3317
138800,height_change,30.550,100678.063,1006.78064,-1.3581
139000,height_change,30.540,100677.742,1006.77740,-1.3264
139200,height_change,30.540,100677.859,1006.77856,-1.3370
139400,height_change,30.530,100678.016,1006.78015,-1.3528
139600,height_change,30.530,100677.688,1006.77686,-1.3211
139800,height_change,30.520,100677.805,1006.77808,-1.3317
140000,height_change,30.520,100677.750,1006.77753,-1.3317
140200,height_change,30.520,100678.078,1006.78076,-1.3581
140400,height_change,30.510,100678.313,1006.78314,-1.3793
140600,height_change,30.510,100678.430,1006.78430,-1.3846
140800,height_change,30.510,100678.164,1006.78162,-1.3634
141000,height_change,30.500,100678.438,1006.78436,-1.3846
141200,height_change,30.500,100678.734,1006.78735,-1.4110
141400,height_change,30.500,100678.844,1006.78845,-1.4215
141600,height_change,30.490,100678.703,1006.78705,-1.4110
141800,height_change,30.490,100679.063,1006.79065,-1.4374
142000,height_change,30.490,100679.000,1006.78998,-1.4321
142200,height_change,30.480,100679.328,1006.79327,-1.4585
142400,height_change,30.480,100678.914,1006.78912,-1.4268
142600,height_change,30.480,100679.273,1006.79272,-1.4585
142800,height_change,30.480,100679.391,1006.79388,-1.4638
143000,height_change,30.480,100679.156,1006.79156,-1.4480
143200,height_change,30.480,100679.328,1006.79327,-1.4585
143400,height_change,30.470,100679.656,1006.79657,-1.4902
143600,height_change,30.470,100679.836,1006.79834,-1.5008
143800,height_change,30.470,100679.781,1006.79779,-1.5008
144000,height_change,30.470,100679.953,1006.79956,-1.5114
144200,height_change,30.470,100679.875,1006.79877,-1.5061
144400,height_change,30.470,100680.227,1006.80225,-1.5378
144600,height_change,30.460,100679.992,1006.79993,-1.5167
144800,height_change,30.460,100680.289,1006.80292,-1.5431
145000,height_change,30.460,100680.047,1006.80048,-1.5219
145200,height_change,30.460,100680.203,1006.80200,-1.5325
145400,height_change,30.450,100680.227,1006.80225,-1.5378
145600,height_change,30.450,100680.375,1006.80377,-1.5484
145800,height_change,30.450,100680.500,1006.80499,-1.5589
146000,height_change,30.440,100680.172,1006.80170,-1.5325
146200,height_change,30.440,100680.289,1006.80292,-1.5431
146400,height_change,30.430,100680.406,1006.80408,-1.5537
146600,height_change,30.430,100680.680,1006.80682,-1.5748
146800,height_change,30.420,100680.383,1006.80383,-1.5484
147000,height_change,30.420,100680.711,1006.80713,-1.5748
147200,height_change,30.410,100680.922,1006.80920,-1.5959
147400,height_change,30.410,100681.219,1006.81219,-1.6224
147600,height_change,30.410,100680.922,1006.80920,-1.5959
147800,height_change,30.400,100680.594,1006.80591,-1.5695
148000,height_change,30.400,100680.563,1006.80560,-1.5642
148200,height_change,30.390,100680.516,1006.80518,-1.5589
148400,height_change,30.390,100680.453,1006.80450,-1.5537
148600,height_change,30.390,100680.359,1006.80359,-1.5484
148800,height_change,30.380,100680.125,1006.80127,-1.5272
149000,height_change,30.380,100679.891,1006.79889,-1.5061
149200,height_change,30.380,100679.797,1006.79797,-1.5008
149400,height_change,30.370,100679.742,1006.79742,-1.4955
149600,height_change,30.370,100680.094,1006.80096,-1.5272
149800,height_change,30.370,100680.016,1006.80017,-1.5167
150000,height_change,30.370,100680.188,1006.80188,-1.5325
150200,height_change,30.370,100679.953,1006.79956,-1.5114
150400,height_change,30.370,100680.125,1006.80127,-1.5272
150600,height_change,30.370,100680.125,1006.80127,-1.5272
150800,height_change,30.370,100680.305,1006.80304,-1.5431
151000,height_change,30.370,100680.305,1006.80304,-1.5431
151200,height_change,30.370,100680.305,1006.80304,-1.5431
151400,height_change,30.370,100680.125,1006.80127,-1.5272
151600,height_change,30.370,100680.125,1006.80127,-1.5272
151800,height_change,30.370,100680.484,1006.80487,-1.5589
152000,height_change,30.370,100680.664,1006.80664,-1.5748
152200,height_change,30.360,100680.422,1006.80420,-1.5537
152400,height_change,30.360,100680.219,1006.80219,-1.5378
152600,height_change,30.360,100680.578,1006.80579,-1.5642
152800,height_change,30.360,100680.750,1006.80750,-1.5801
153000,height_change,30.360,100680.281,1006.80280,-1.5431
153200,height_change,30.350,100680.219,1006.80219,-1.5378
153400,height_change,30.350,100680.398,1006.80396,-1.5484
153600,height_change,30.350,100680.313,1006.80310,-1.5431
153800,height_change,30.350,100680.250,1006.80249,-1.5378
154000,height_change,30.340,100680.219,1006.80219,-1.5378
154200,height_change,30.340,100680.453,1006.80450,-1.5537
154400,height_change,30.330,100680.195,1006.80194,-1.5325
154600,height_change,30.330,100680.313,1006.80310,-1.5431
154800,height_change,30.320,100680.109,1006.80109,-1.5272
155000,height_change,30.320,100680.047,1006.80048,-1.5219
155200,height_change,30.310,100679.781,1006.79779,-1.5008
155400,height_change,30.310,100680.047,1006.80048,-1.5219
155600,height_change,30.300,100679.750,1006.79749,-1.4955
155800,height_change,30.300,100679.688,1006.79688,-1.4902
156000,height_change,30.300,100679.844,1006.79846,-1.5061
156200,height_change,30.290,100679.719,1006.79718,-1.4955
156400,height_change,30.290,100679.516,1006.79517,-1.4797
156600,height_change,30.290,100679.453,1006.79456,-1.4744
156800,height_change,30.290,100679.406,1006.79407,-1.4691
157000,height_change,30.280,100679.164,1006.79163,-1.4480
157200,height_change,30.280,100679.516,1006.79517,-1.4797
157400,height_change,30.280,100679.492,1006.79492,-1.4744
157600,height_change,30.280,100679.250,1006.79248,-1.4533
157800,height_change,30.280,100679.430,1006.79431,-1.4691
158000,height_change,30.280,100679.375,1006.79376,-1.4638
158200,height_change,30.280,100678.984,1006.78986,-1.4321
158400,height_change,30.280,100679.164,1006.79163,-1.4480
158600,height_change,30.270,100679.109,1006.79108,-1.4427
158800,height_change,30.270,100678.875,1006.78876,-1.4215
159000,height_change,30.270,100678.813,1006.78815,-1.4163
159200,height_change,30.260,100678.719,1006.78717,-1.4110
159400,height_change,30.260,100678.656,1006.78656,-1.4057
159600,height_change,30.260,100678.453,1006.78455,-1.3898
159800,height_change,30.260,100678.398,1006.78400,-1.3846
160000,height_change,30.250,100678.281,1006.78284,-1.3740
160200,height_change,30.250,100678.016,1006.78015,-1.3528
160400,height_change,30.240,100678.125,1006.78125,-1.3581
160600,height_change,30.240,100677.984,1006.77985,-1.3476
160800,height_change,30.230,100677.922,1006.77924,-1.3423
161000,height_change,30.230,100677.656,1006.77655,-1.3211
161200,height_change,30.220,100677.688,1006.77686,-1.3211
161400,height_change,30.220,100677.625,1006.77625,-1.3159
161600,height_change,30.220,100677.922,1006.77924,-1.3423
161800,height_change,30.210,100677.953,1006.77954,-1.3476
162000,height_change,30.200,100677.516,1006.77515,-1.3106
162200,height_change,30.200,100677.633,1006.77631,-1.3211
162400,height_change,30.190,100677.664,1006.77661,-1.3211
162600,height_change,30.190,100677.398,1006.77399,-1.3000
162800,height_change,30.190,100677.516,1006.77515,-1.3106
163000,height_change,30.180,100677.375,1006.77374,-1.2947
163200,height_change,30.180,100677.484,1006.77484,-1.3053
163400,height_change,30.170,100677.219,1006.77222,-1.2841
163600,height_change,30.170,100677.336,1006.77338,-1.2947
163800,height_change,30.160,100677.375,1006.77374,-1.2947
164000,height_change,30.160,100677.484,1006.77484,-1.3053
164200,height_change,30.160,100677.430,1006.77429,-1.3000
164400,height_change,30.150,100676.922,1006.76923,-1.2577
164600,height_change,30.150,100676.867,1006.76868,-1.2524
164800,height_change,30.150,100677.398,1006.77399,-1.3000
165000,height_change,30.140,100677.313,1006.77313,-1.2947
165200,height_change,30.140,100677.609,1006.77612,-1.3159
165400,height_change,30.140,100677.766,1006.77765,-1.3317
165600,height_change,30.130,100677.641,1006.77643,-1.3211
165800,height_change,30.130,100677.578,1006.77576,-1.3159
166000,height_change,30.130,100677.734,1006.77734,-1.3264
166200,height_change,30.120,100677.609,1006.77612,-1.3159
166400,height_change,30.120,100677.234,1006.77234,-1.2841
166600,height_change,30.120,100677.172,1006.77173,-1.2789
166800,height_change,30.110,100677.047,1006.77045,-1.2683
167000,height_change,30.110,100677.227,1006.77228,-1.2841
167200,height_change,30.110,100677.195,1006.77197,-1.2841
167400,height_change,30.100,100677.078,1006.77075,-1.2736
167600,height_change,30.100,100676.875,1006.76874,-1.2577
167800,height_change,30.100,100676.813,1006.76813,-1.2524
168000,height_change,30.100,100676.992,1006.76990,-1.2630
168200,height_change,30.090,100677.047,1006.77045,-1.2683
168400,height_change,30.090,100676.844,1006.76843,-1.2524
168600,height_change,30.090,100676.781,1006.76782,-1.2472
168800,height_change,30.090,100676.906,1006.76904,-1.2577
169000,height_change,30.080,100676.875,1006.76874,-1.2577
169200,height_change,30.080,100676.813,1006.76813,-1.2524
169400,height_change,30.080,100677.109,1006.77112,-1.2736
169600,height_change,30.080,100677.047,1006.77045,-1.2683
169800,height_change,30.070,100677.023,1006.77026,-1.2683
170000,height_change,30.070,100676.961,1006.76959,-1.2630
170200,height_change,30.070,100677.078,1006.77075,-1.2736
170400,height_change,30.070,100677.266,1006.77264,-1.2894
170600,height_change,30.060,100677.000,1006.77002,-1.2683
170800,height_change,30.060,100676.938,1006.76935,-1.2630
171000,height_change,30.060,100677.109,1006.77112,-1.2736
171200,height_change,30.060,100676.672,1006.76672,-1.2366
171400,height_change,30.060,100677.203,1006.77203,-1.2841
171600,height_change,30.050,100677.141,1006.77142,-1.2789
171800,height_change,30.050,100677.078,1006.77075,-1.2736
172000,height_change,30.050,100677.172,1006.77173,-1.2789
172200,height_change,30.050,100677.531,1006.77533,-1.3106
172400,height_change,30.040,100677.234,1006.77234,-1.2841
172600,height_change,30.040,100677.734,1006.77734,-1.3264
172800,height_change,30.040,100677.859,1006.77856,-1.3370
173000,height_change,30.030,100677.977,1006.77979,-1.3476
173200,height_change,30.030,100677.891,1006.77893,-1.3423
173400,height_change,30.030,100678.250,1006.78247,-1.3687
173600,height_change,30.030,100678.008,1006.78009,-1.3528
173801,height_change,30.020,100678.297,1006.78296,-1.3740
174000,height_change,30.020,100677.922,1006.77924,-1.3423
174200,height_change,30.020,100677.922,1006.77924,-1.3423
174400,height_change,30.020,100678.031,1006.78033,-1.3528
174600,height_change,30.020,100677.797,1006.77795,-1.3317
174800,height_change,30.020,100677.797,1006.77795,-1.3317
175000,height_change,30.020,100677.977,1006.77979,-1.3476
175200,height_change,30.010,100677.766,1006.77765,-1.3317
175400,height_change,30.010,100677.766,1006.77765,-1.3317
175600,height_change,30.010,100677.945,1006.77948,-1.3476
175800,height_change,30.010,100677.945,1006.77948,-1.3476
176000,height_change,30.020,100678.328,1006.78326,-1.3793
176200,height_change,30.020,100678.328,1006.78326,-1.3793
176400,height_change,30.020,100678.516,1006.78516,-1.3951
176600,height_change,30.020,100678.328,1006.78326,-1.3793
176800,height_change,30.020,100678.328,1006.78326,-1.3793
177000,height_change,30.020,100678.156,1006.78156,-1.3634
177200,height_change,30.020,100677.977,1006.77979,-1.3476
177400,height_change,30.020,100678.156,1006.78156,-1.3634
177600,height_change,30.020,100677.977,1006.77979,-1.3476
177800,height_change,30.020,100677.977,1006.77979,-1.3476
178000,height_change,30.020,100677.977,1006.77979,-1.3476
178200,height_change,30.020,100677.797,1006.77795,-1.3317
178400,height_change,30.020,100677.797,1006.77795,-1.3317
178600,height_change,30.020,100677.977,1006.77979,-1.3476
178800,height_change,30.020,100677.977,1006.77979,-1.3476
179000,height_change,30.020,100678.156,1006.78156,-1.3634
179200,height_change,30.020,100678.156,1006.78156,-1.3634
179400,height_change,30.020,100678.156,1006.78156,-1.3634
179600,height_change,30.020,100678.328,1006.78326,-1.3793
179800,height_change,30.010,100678.125,1006.78125,-1.3581
