# label,static
# sample_hz,5
# duration_s,300
# chip_id,0x58
# sda_gpio,21
# scl_gpio,22
# p0_pa,100677.422
t_ms,label,temp_c,pressure_pa,pressure_hpa,relative_alt_m
1,static,31.020,100678.750,1006.78748,-0.1110
200,static,31.030,100679.484,1006.79486,-0.1744
400,static,31.040,100679.750,1006.79749,-0.1955
600,static,31.050,100681.617,1006.81616,-0.3541
800,static,31.040,100679.297,1006.79297,-0.1585
1000,static,31.040,100680.609,1006.80609,-0.2695
1200,static,31.050,100677.453,1006.77454,-0.0053
1400,static,31.050,100679.750,1006.79749,-0.1955
1600,static,31.040,100676.508,1006.76508,0.0766
1800,static,31.060,100676.266,1006.76263,0.0978
2000,static,31.060,100675.664,1006.75665,0.1480
2200,static,31.060,100677.805,1006.77808,-0.0317
2400,static,31.070,100677.172,1006.77173,0.0211
2600,static,31.070,100678.547,1006.78546,-0.0951
2800,static,31.080,100681.961,1006.81958,-0.3805
3001,static,31.080,100678.094,1006.78094,-0.0581
3200,static,31.080,100679.844,1006.79846,-0.2008
3400,static,31.080,100682.438,1006.82440,-0.4228
3600,static,31.090,100680.625,1006.80627,-0.2695
3800,static,31.090,100679.070,1006.79071,-0.1374
4000,static,31.090,100678.266,1006.78265,-0.0687
4200,static,31.080,100677.266,1006.77264,0.0132
4400,static,31.090,100674.016,1006.74017,0.2854
4601,static,31.090,100678.359,1006.78357,-0.0793
4800,static,31.080,100678.063,1006.78064,-0.0528
5000,static,31.080,100676.102,1006.76099,0.1110
5200,static,31.080,100676.281,1006.76282,0.0951
5400,static,31.090,100678.531,1006.78534,-0.0951
5600,static,31.080,100673.422,1006.73419,0.3356
5800,static,31.090,100675.984,1006.75983,0.1215
6000,static,31.090,100679.375,1006.79376,-0.1638
6200,static,31.090,100677.375,1006.77374,0.0053
6400,static,31.090,100678.266,1006.78265,-0.0687
6600,static,31.100,100678.922,1006.78925,-0.1268
6800,static,31.090,100679.094,1006.79095,-0.1374
7000,static,31.090,100676.656,1006.76654,0.0634
7200,static,31.090,100676.750,1006.76752,0.0555
7400,static,31.090,100679.688,1006.79688,-0.1902
7600,static,31.100,100676.602,1006.76599,0.0687
7801,static,31.110,100679.242,1006.79242,-0.1533
8000,static,31.100,100677.398,1006.77399,0.0026
8200,static,31.110,100676.594,1006.76593,0.0687
8400,static,31.110,100677.281,1006.77283,0.0106
8600,static,31.110,100675.492,1006.75494,0.1612
8800,static,31.110,100674.250,1006.74249,0.2669
9000,static,31.110,100676.234,1006.76233,0.1004
9200,static,31.100,100674.813,1006.74811,0.2193
9400,static,31.120,100678.375,1006.78375,-0.0793
9600,static,31.120,100678.375,1006.78375,-0.0793
9800,static,31.100,100673.469,1006.73468,0.3303
10000,static,31.120,100679.172,1006.79175,-0.1480
10200,static,31.120,100678.453,1006.78455,-0.0846
10401,static,31.120,100677.297,1006.77295,0.0106
10600,static,31.120,100678.453,1006.78455,-0.0846
10800,static,31.130,100678.953,1006.78955,-0.1268
11000,static,31.120,100678.516,1006.78516,-0.0898
11200,static,31.120,100678.156,1006.78156,-0.0634
11400,static,31.120,100673.641,1006.73639,0.3171
11600,static,31.130,100677.172,1006.77173,0.0211
11800,static,31.130,100677.891,1006.77893,-0.0370
12000,static,31.130,100678.898,1006.78900,-0.1215
12200,static,31.130,100675.031,1006.75031,0.2008
12400,static,31.140,100679.961,1006.79962,-0.2114
12600,static,31.140,100678.805,1006.78802,-0.1163
12800,static,31.140,100677.734,1006.77734,-0.0264
13000,static,31.140,100680.656,1006.80658,-0.2695
13200,static,31.140,100678.531,1006.78534,-0.0951
13400,static,31.150,100677.703,1006.77704,-0.0211
13601,static,31.140,100679.250,1006.79248,-0.1533
13800,static,31.140,100677.023,1006.77026,0.0343
14000,static,31.150,100680.344,1006.80347,-0.2431
14200,static,31.160,100679.063,1006.79065,-0.1374
14400,static,31.160,100679.125,1006.79126,-0.1427
14600,static,31.160,100678.141,1006.78143,-0.0581
14800,static,31.170,100681.227,1006.81226,-0.3171
15000,static,31.160,100678.938,1006.78937,-0.1268
15200,static,31.170,100678.375,1006.78375,-0.0793
15400,static,31.180,100678.133,1006.78131,-0.0581
15600,static,31.180,100680.453,1006.80450,-0.2537
15800,static,31.180,100678.578,1006.78577,-0.0951
16000,static,31.180,100677.500,1006.77502,-0.0053
16201,static,31.180,100678.398,1006.78400,-0.0793
16400,static,31.180,100680.125,1006.80127,-0.2272
16600,static,31.180,100679.531,1006.79529,-0.1744
16800,static,31.190,100679.609,1006.79608,-0.1850
17000,static,31.190,100680.477,1006.80475,-0.2589
17200,static,31.180,100677.563,1006.77563,-0.0106
17400,static,31.190,100679.938,1006.79938,-0.2114
17600,static,31.190,100677.797,1006.77795,-0.0317
17801,static,31.190,100681.094,1006.81091,-0.3065
18000,static,31.190,100678.875,1006.78876,-0.1215
18200,static,31.190,100681.813,1006.81812,-0.3699
18400,static,31.190,100679.438,1006.79437,-0.1691
18600,static,31.190,100679.406,1006.79407,-0.1638
18800,static,31.190,100681.688,1006.81689,-0.3593
19000,static,31.190,100678.156,1006.78156,-0.0634
19200,static,31.190,100679.906,1006.79907,-0.2061
19400,static,31.200,100679.219,1006.79218,-0.1533
19600,static,31.200,100678.563,1006.78564,-0.0951
19800,static,31.200,100678.688,1006.78687,-0.1057
20001,static,31.200,100680.766,1006.80768,-0.2801
20200,static,31.200,100680.109,1006.80109,-0.2272
20400,static,31.200,100677.859,1006.77856,-0.0370
20600,static,31.200,100678.563,1006.78564,-0.0951
20800,static,31.200,100678.148,1006.78149,-0.0634
21000,static,31.210,100679.484,1006.79486,-0.1744
21200,static,31.210,100677.813,1006.77814,-0.0317
21400,static,31.210,100678.055,1006.78052,-0.0528
21600,static,31.210,100678.000,1006.78003,-0.0476
21800,static,31.210,100680.500,1006.80499,-0.2589
22000,static,31.200,100681.719,1006.81720,-0.3593
22200,static,31.210,100678.469,1006.78467,-0.0898
22400,static,31.210,100680.016,1006.80017,-0.2167
22600,static,31.210,100679.422,1006.79419,-0.1691
22800,static,31.210,100678.891,1006.78888,-0.1215
23000,static,31.210,100680.375,1006.80377,-0.2484
23200,static,31.210,100681.922,1006.81921,-0.3752
23400,static,31.200,100679.695,1006.79694,-0.1902
23600,static,31.210,100682.781,1006.82782,-0.4492
23800,static,31.210,100680.641,1006.80640,-0.2695
24000,static,31.210,100679.250,1006.79248,-0.1533
24201,static,31.210,100677.641,1006.77643,-0.0159
24400,static,31.210,100680.375,1006.80377,-0.2484
24600,static,31.210,100679.484,1006.79486,-0.1744
24801,static,31.210,100681.531,1006.81531,-0.3435
25000,static,31.210,100680.852,1006.80853,-0.2854
25200,static,31.210,100677.758,1006.77759,-0.0264
25400,static,31.210,100679.656,1006.79657,-0.1850
25600,static,31.210,100679.484,1006.79486,-0.1744
25800,static,31.210,100678.648,1006.78650,-0.1004
26000,static,31.210,100681.742,1006.81744,-0.3646
26200,static,31.200,100679.750,1006.79749,-0.1955
26400,static,31.210,100681.625,1006.81622,-0.3541
26600,static,31.210,100681.086,1006.81085,-0.3065
26800,static,31.210,100680.734,1006.80737,-0.2801
27000,static,31.200,100680.828,1006.80829,-0.2854
27200,static,31.200,100678.797,1006.78796,-0.1163
27400,static,31.210,100681.922,1006.81921,-0.3752
27600,static,31.210,100681.266,1006.81268,-0.3224
27800,static,31.210,100677.695,1006.77698,-0.0211
28000,static,31.210,100681.086,1006.81085,-0.3065
28200,static,31.210,100679.898,1006.79901,-0.2061
28400,static,31.210,100678.703,1006.78705,-0.1057
28600,static,31.210,100680.195,1006.80194,-0.2325
28800,static,31.200,100679.156,1006.79156,-0.1480
29001,static,31.210,100680.852,1006.80853,-0.2854
29200,static,31.210,100677.281,1006.77283,0.0106
29400,static,31.210,100681.625,1006.81622,-0.3541
29600,static,31.210,100680.375,1006.80377,-0.2484
29800,static,31.210,100681.266,1006.81268,-0.3224
30000,static,31.210,100680.555,1006.80554,-0.2642
30200,static,31.210,100682.336,1006.82336,-0.4122
30400,static,31.210,100678.703,1006.78705,-0.1057
30600,static,31.210,100678.234,1006.78235,-0.0687
30800,static,31.200,100677.906,1006.77905,-0.0423
31000,static,31.210,100681.031,1006.81030,-0.3012
31200,static,31.200,100680.109,1006.80109,-0.2272
31400,static,31.210,100679.781,1006.79779,-0.1955
31600,static,31.200,100679.336,1006.79333,-0.1585
31800,static,31.210,100680.500,1006.80499,-0.2589
32000,static,31.200,100682.609,1006.82611,-0.4333
32200,static,31.200,100681.188,1006.81189,-0.3171
32400,static,31.200,100681.836,1006.81836,-0.3699
32600,static,31.190,100680.266,1006.80267,-0.2378
32801,static,31.200,100675.828,1006.75830,0.1348
33000,static,31.200,100683.563,1006.83563,-0.5126
33200,static,31.190,100679.438,1006.79437,-0.1691
33400,static,31.190,100680.625,1006.80627,-0.2695
33600,static,31.190,100675.297,1006.75299,0.1770
33800,static,31.190,100680.328,1006.80328,-0.2431
34000,static,31.190,100678.516,1006.78516,-0.0898
34200,static,31.180,100677.563,1006.77563,-0.0106
34401,static,31.190,100681.016,1006.81018,-0.3012
34600,static,31.190,100679.609,1006.79608,-0.1850
34800,static,31.190,100677.828,1006.77826,-0.0317
35000,static,31.190,100678.719,1006.78717,-0.1110
35200,static,31.190,100680.328,1006.80328,-0.2431
35400,static,31.180,100680.359,1006.80359,-0.2484
35600,static,31.180,100680.594,1006.80591,-0.2642
35800,static,31.180,100677.797,1006.77795,-0.0317
36001,static,31.180,100679.891,1006.79889,-0.2061
36200,static,31.190,100680.734,1006.80737,-0.2801
36400,static,31.170,100677.297,1006.77295,0.0106
36601,static,31.180,100679.227,1006.79224,-0.1533
36800,static,31.170,100678.078,1006.78076,-0.0528
37000,static,31.180,100677.422,1006.77423,0.0000
37200,static,31.180,100680.984,1006.80981,-0.3012
37400,static,31.180,100679.383,1006.79382,-0.1638
37600,static,31.180,100680.477,1006.80475,-0.2589
37800,static,31.170,100678.906,1006.78906,-0.1268
38000,static,31.170,100677.125,1006.77124,0.0238
38201,static,31.170,100675.133,1006.75134,0.1929
38400,static,31.180,100679.406,1006.79407,-0.1638
38600,static,31.180,100679.648,1006.79651,-0.1850
38800,static,31.170,100678.969,1006.78967,-0.1321
39000,static,31.180,100678.336,1006.78339,-0.0740
39200,static,31.180,100679.227,1006.79224,-0.1533
39400,static,31.180,100678.695,1006.78693,-0.1057
39600,static,31.170,100678.172,1006.78174,-0.0634
39800,static,31.170,100678.547,1006.78546,-0.0951
40000,static,31.160,100679.391,1006.79388,-0.1638
40200,static,31.160,100678.938,1006.78937,-0.1268
40400,static,31.160,100675.469,1006.75470,0.1638
40600,static,31.160,100674.688,1006.74689,0.2299
40801,static,31.170,100677.984,1006.77985,-0.0476
41000,static,31.160,100678.438,1006.78436,-0.0846
41200,static,31.160,100676.891,1006.76892,0.0449
41400,static,31.160,100677.961,1006.77960,-0.0476
41600,static,31.150,100679.813,1006.79810,-0.2008
41800,static,31.150,100676.633,1006.76636,0.0661
42000,static,31.150,100675.344,1006.75342,0.1744
42200,static,31.150,100677.766,1006.77765,-0.0317
42400,static,31.150,100677.344,1006.77344,0.0053
42600,static,31.150,100681.211,1006.81213,-0.3171
42800,static,31.150,100677.766,1006.77765,-0.0317
43000,static,31.150,100679.422,1006.79419,-0.1691
43200,static,31.150,100677.641,1006.77643,-0.0159
43400,static,31.150,100679.961,1006.79962,-0.2114
43600,static,31.150,100676.984,1006.76984,0.0370
43800,static,31.140,100678.508,1006.78510,-0.0898
44001,static,31.150,100678.531,1006.78534,-0.0951
44200,static,31.150,100678.742,1006.78741,-0.1110
44400,static,31.150,100676.984,1006.76984,0.0370
44600,static,31.150,100678.203,1006.78204,-0.0634
44800,static,31.160,100678.797,1006.78796,-0.1163
45000,static,31.150,100674.992,1006.74994,0.2035
45200,static,31.160,100678.172,1006.78174,-0.0634
45400,static,31.160,100679.328,1006.79327,-0.1585
45600,static,31.160,100680.016,1006.80017,-0.2167
45800,static,31.160,100677.781,1006.77783,-0.0317
46000,static,31.160,100678.141,1006.78143,-0.0581
46200,static,31.170,100679.234,1006.79236,-0.1533
46400,static,31.170,100680.313,1006.80310,-0.2431
46601,static,31.170,100681.109,1006.81110,-0.3065
46800,static,31.150,100677.641,1006.77643,-0.0159
47000,static,31.160,100677.102,1006.77100,0.0264
47200,static,31.170,100679.625,1006.79626,-0.1850
47400,static,31.170,100679.234,1006.79236,-0.1533
47600,static,31.170,100680.570,1006.80573,-0.2642
47800,static,31.180,100681.188,1006.81189,-0.3171
48000,static,31.180,100676.703,1006.76703,0.0608
48200,static,31.180,100678.313,1006.78314,-0.0740
48400,static,31.180,100678.875,1006.78876,-0.1215
48600,static,31.190,100679.078,1006.79077,-0.1374
48801,static,31.180,100677.391,1006.77393,0.0026
49000,static,31.200,100680.469,1006.80469,-0.2537
49200,static,31.190,100679.609,1006.79608,-0.1850
49400,static,31.190,100679.438,1006.79437,-0.1691
49600,static,31.190,100679.500,1006.79498,-0.1744
49800,static,31.190,100679.500,1006.79498,-0.1744
50000,static,31.190,100679.078,1006.79077,-0.1374
50200,static,31.190,100678.156,1006.78156,-0.0634
50401,static,31.190,100677.625,1006.77625,-0.0159
50600,static,31.190,100680.031,1006.80029,-0.2167
50800,static,31.190,100679.672,1006.79669,-0.1902
51000,static,31.190,100682.703,1006.82703,-0.4439
51200,static,31.190,100679.141,1006.79138,-0.1427
51401,static,31.190,100678.898,1006.78900,-0.1215
51600,static,31.190,100680.563,1006.80560,-0.2642
51800,static,31.190,100678.336,1006.78339,-0.0740
52000,static,31.190,100680.859,1006.80859,-0.2854
52200,static,31.180,100677.031,1006.77032,0.0317
52400,static,31.180,100677.031,1006.77032,0.0317
52600,static,31.190,100674.969,1006.74969,0.2061
52800,static,31.200,100679.219,1006.79218,-0.1533
53001,static,31.190,100679.672,1006.79669,-0.1902
53200,static,31.200,100679.875,1006.79877,-0.2061
53400,static,31.200,100679.758,1006.79761,-0.1955
53600,static,31.200,100677.969,1006.77966,-0.0476
53800,static,31.200,100677.859,1006.77856,-0.0370
54000,static,31.200,100680.828,1006.80829,-0.2854
54200,static,31.200,100679.398,1006.79401,-0.1638
54400,static,31.200,100680.297,1006.80298,-0.2431
54600,static,31.190,100679.906,1006.79907,-0.2061
54800,static,31.210,100678.531,1006.78534,-0.0951
55000,static,31.200,100677.375,1006.77374,0.0053
55201,static,31.200,100679.398,1006.79401,-0.1638
55400,static,31.200,100678.445,1006.78442,-0.0846
55600,static,31.200,100676.484,1006.76483,0.0793
55800,static,31.210,100677.109,1006.77112,0.0264
56000,static,31.210,100678.891,1006.78888,-0.1215
56200,static,31.210,100679.953,1006.79956,-0.2114
56400,static,31.210,100679.359,1006.79358,-0.1638
56600,static,31.210,100679.063,1006.79065,-0.1374
56800,static,31.210,100679.063,1006.79065,-0.1374
57000,static,31.200,100679.219,1006.79218,-0.1533
57200,static,31.210,100679.844,1006.79846,-0.2008
57400,static,31.210,100681.148,1006.81146,-0.3118
57600,static,31.210,100679.063,1006.79065,-0.1374
57801,static,31.210,100679.547,1006.79547,-0.1797
58000,static,31.210,100676.172,1006.76172,0.1057
58200,static,31.210,100679.211,1006.79211,-0.1480
58400,static,31.220,100678.914,1006.78912,-0.1268
58600,static,31.220,100681.234,1006.81232,-0.3224
58800,static,31.210,100680.641,1006.80640,-0.2695
59000,static,31.210,100680.195,1006.80194,-0.2325
59200,static,31.220,100678.203,1006.78204,-0.0634
59401,static,31.210,100676.711,1006.76709,0.0581
59600,static,31.210,100676.531,1006.76532,0.0740
59800,static,31.210,100680.641,1006.80640,-0.2695
60000,static,31.210,100679.359,1006.79358,-0.1638
60200,static,31.210,100681.172,1006.81171,-0.3118
60400,static,31.210,100678.672,1006.78674,-0.1057
60600,static,31.220,100682.305,1006.82306,-0.4069
60800,static,31.220,100679.688,1006.79688,-0.1902
61000,static,31.210,100677.695,1006.77698,-0.0211
61200,static,31.220,100679.984,1006.79987,-0.2167
61400,static,31.210,100676.805,1006.76807,0.0528
61600,static,31.210,100678.703,1006.78705,-0.1057
61800,static,31.200,100679.156,1006.79156,-0.1480
62000,static,31.210,100680.375,1006.80377,-0.2484
62200,static,31.210,100679.484,1006.79486,-0.1744
62400,static,31.210,100679.602,1006.79602,-0.1850
62601,static,31.200,100678.391,1006.78394,-0.0793
62800,static,31.200,100680.344,1006.80347,-0.2431
63000,static,31.200,100682.969,1006.82971,-0.4650
63200,static,31.200,100680.586,1006.80585,-0.2642
63400,static,31.200,100679.578,1006.79578,-0.1797
63600,static,31.200,100677.258,1006.77258,0.0132
63800,static,31.200,100678.328,1006.78326,-0.0740
64000,static,31.210,100678.945,1006.78943,-0.1268
64201,static,31.210,100679.305,1006.79303,-0.1585
64400,static,31.210,100679.305,1006.79303,-0.1585
64600,static,31.220,100679.266,1006.79266,-0.1533
64800,static,31.210,100679.547,1006.79547,-0.1797
65000,static,31.210,100680.641,1006.80640,-0.2695
65200,static,31.220,100680.875,1006.80878,-0.2907
65400,static,31.210,100677.578,1006.77576,-0.0106
65600,static,31.210,100679.031,1006.79028,-0.1374
65800,static,31.210,100680.078,1006.80078,-0.2220
66000,static,31.220,100682.125,1006.82123,-0.3963
66200,static,31.210,100678.055,1006.78052,-0.0528
66400,static,31.210,100677.938,1006.77936,-0.0423
66600,static,31.210,100676.922,1006.76923,0.0423
66800,static,31.220,100678.617,1006.78619,-0.1004
67000,static,31.220,100681.109,1006.81110,-0.3065
67200,static,31.220,100679.563,1006.79565,-0.1797
67400,static,31.220,100681.648,1006.81647,-0.3541
67600,static,31.230,100681.078,1006.81079,-0.3065
67800,static,31.220,100680.453,1006.80450,-0.2537
68001,static,31.210,100676.891,1006.76892,0.0449
68200,static,31.220,100680.641,1006.80640,-0.2695
68400,static,31.220,100679.328,1006.79327,-0.1585
68600,static,31.220,100681.703,1006.81702,-0.3593
68800,static,31.220,100679.328,1006.79327,-0.1585
69000,static,31.220,100682.063,1006.82062,-0.3911
69200,static,31.220,100678.438,1006.78436,-0.0846
69400,static,31.220,100680.164,1006.80164,-0.2272
69600,static,31.220,100679.508,1006.79510,-0.1744
69800,static,31.210,100677.453,1006.77454,-0.0053
70000,static,31.210,100676.984,1006.76984,0.0370
70200,static,31.220,100677.719,1006.77716,-0.0264
70400,static,31.210,100678.945,1006.78943,-0.1268
70600,static,31.210,100676.750,1006.76752,0.0555
70800,static,31.200,100678.148,1006.78149,-0.0634
71000,static,31.200,100677.375,1006.77374,0.0053
71200,static,31.200,100677.859,1006.77856,-0.0370
71400,static,31.200,100679.281,1006.79279,-0.1533
71600,static,31.190,100677.766,1006.77765,-0.0317
71800,static,31.200,100679.281,1006.79279,-0.1533
72000,static,31.210,100681.563,1006.81561,-0.3488
72200,static,31.200,100677.797,1006.77795,-0.0317
72400,static,31.190,100680.031,1006.80029,-0.2167
72600,static,31.200,100680.703,1006.80701,-0.2748
72801,static,31.190,100678.539,1006.78540,-0.0951
73000,static,31.190,100678.063,1006.78064,-0.0528
73200,static,31.200,100680.117,1006.80115,-0.2272
73400,static,31.190,100681.336,1006.81335,-0.3276
73600,static,31.200,100679.938,1006.79938,-0.2114
73800,static,31.190,100680.031,1006.80029,-0.2167
74000,static,31.200,100679.219,1006.79218,-0.1533
74200,static,31.190,100677.984,1006.77985,-0.0476
74400,static,31.190,100677.086,1006.77087,0.0291
74600,static,31.190,100675.391,1006.75391,0.1691
74800,static,31.190,100679.672,1006.79669,-0.1902
75000,static,31.190,100679.375,1006.79376,-0.1638
75200,static,31.180,100678.813,1006.78815,-0.1163
75401,static,31.190,100680.125,1006.80127,-0.2272
75600,static,31.190,100680.297,1006.80298,-0.2431
75800,static,31.180,100681.313,1006.81311,-0.3276
76000,static,31.180,100678.813,1006.78815,-0.1163
76200,static,31.180,100677.742,1006.77740,-0.0264
76400,static,31.180,100680.242,1006.80243,-0.2378
76600,static,31.190,100682.438,1006.82440,-0.4228
76800,static,31.180,100677.984,1006.77985,-0.0476
77000,static,31.180,100679.227,1006.79224,-0.1533
77200,static,31.180,100676.789,1006.76788,0.0528
77400,static,31.170,100680.570,1006.80573,-0.2642
77600,static,31.180,100679.383,1006.79382,-0.1638
77800,static,31.160,100676.719,1006.76721,0.0581
78000,static,31.170,100677.836,1006.77838,-0.0370
78200,static,31.170,100679.063,1006.79065,-0.1374
78400,static,31.160,100678.406,1006.78406,-0.0846
78600,static,31.170,100678.734,1006.78735,-0.1110
78800,static,31.180,100680.273,1006.80273,-0.2378
79000,static,31.170,100676.594,1006.76593,0.0687
79201,static,31.160,100678.047,1006.78046,-0.0528
79400,static,31.180,100677.781,1006.77783,-0.0317
79600,static,31.180,100677.422,1006.77423,0.0000
79800,static,31.170,100677.125,1006.77124,0.0238
80000,static,31.180,100678.578,1006.78577,-0.0951
80200,static,31.180,100678.453,1006.78455,-0.0846
80400,static,31.190,100679.227,1006.79224,-0.1533
80600,static,31.180,100677.391,1006.77393,0.0026
80800,static,31.190,100679.406,1006.79407,-0.1638
81000,static,31.190,100678.156,1006.78156,-0.0634
81200,static,31.190,100678.188,1006.78186,-0.0634
81400,static,31.190,100677.266,1006.77264,0.0132
81600,static,31.190,100678.656,1006.78656,-0.1057
81800,static,31.200,100678.508,1006.78510,-0.0898
82000,static,31.190,100679.313,1006.79315,-0.1585
82200,static,31.200,100680.703,1006.80701,-0.2748
82400,static,31.200,100679.750,1006.79749,-0.1955
82600,static,31.210,100678.766,1006.78766,-0.1110
82800,static,31.210,100681.984,1006.81982,-0.3805
83000,static,31.210,100681.625,1006.81622,-0.3541
83200,static,31.210,100679.656,1006.79657,-0.1850
83400,static,31.210,100681.984,1006.81982,-0.3805
83600,static,31.220,100685.047,1006.85046,-0.6394
83800,static,31.210,100682.578,1006.82581,-0.4333
84000,static,31.210,100676.984,1006.76984,0.0370
84200,static,31.210,100678.828,1006.78827,-0.1163
84400,static,31.220,100681.344,1006.81342,-0.3276
84600,static,31.220,100680.992,1006.80994,-0.3012
84800,static,31.220,100679.453,1006.79456,-0.1691
85000,static,31.230,100681.852,1006.81854,-0.3699
85200,static,31.220,100681.766,1006.81763,-0.3646
85400,static,31.220,100681.555,1006.81555,-0.3435
85601,static,31.220,100679.922,1006.79919,-0.2114
85800,static,31.230,100682.508,1006.82507,-0.4280
86000,static,31.220,100680.305,1006.80304,-0.2431
86200,static,31.230,100682.156,1006.82153,-0.3963
86400,static,31.230,100681.313,1006.81311,-0.3276
86600,static,31.230,100680.063,1006.80060,-0.2220
86800,static,31.230,100681.609,1006.81610,-0.3488
87000,static,31.230,100681.969,1006.81970,-0.3805
87200,static,31.230,100680.250,1006.80249,-0.2378
87400,static,31.240,100683.063,1006.83063,-0.4703
87600,static,31.240,100680.031,1006.80029,-0.2167
87800,static,31.230,100679.078,1006.79077,-0.1374
88000,static,31.240,100678.063,1006.78064,-0.0528
88200,static,31.240,100677.891,1006.77893,-0.0370
88400,static,31.230,100679.617,1006.79614,-0.1850
88600,static,31.240,100679.578,1006.79578,-0.1797
88800,static,31.240,100677.594,1006.77594,-0.0159
89000,static,31.240,100681.188,1006.81189,-0.3171
89200,static,31.240,100682.078,1006.82080,-0.3911
89400,static,31.240,100679.766,1006.79767,-0.1955
89600,static,31.240,100681.961,1006.81958,-0.3805
89801,static,31.250,100679.906,1006.79907,-0.2061
90000,static,31.250,100679.250,1006.79248,-0.1533
90200,static,31.250,100678.828,1006.78827,-0.1163
90400,static,31.250,100682.219,1006.82220,-0.4016
90600,static,31.250,100678.813,1006.78815,-0.1163
90800,static,31.250,100679.430,1006.79431,-0.1691
91000,static,31.250,100679.961,1006.79962,-0.2114
91200,static,31.260,100683.859,1006.83862,-0.5390
91400,static,31.260,100678.500,1006.78497,-0.0898
91600,static,31.250,100680.914,1006.80914,-0.2907
91800,static,31.260,100679.750,1006.79749,-0.1955
92000,static,31.260,100681.953,1006.81952,-0.3805
92200,static,31.260,100680.820,1006.80823,-0.2854
92400,static,31.270,100680.969,1006.80969,-0.2959
92600,static,31.260,100680.617,1006.80615,-0.2695
92800,static,31.260,100681.531,1006.81531,-0.3435
93000,static,31.260,100679.750,1006.79749,-0.1955
93200,static,31.270,100680.969,1006.80969,-0.2959
93400,static,31.260,100682.367,1006.82367,-0.4122
93601,static,31.270,100680.188,1006.80188,-0.2325
93800,static,31.270,100681.680,1006.81677,-0.3593
94000,static,31.270,100682.391,1006.82391,-0.4175
94200,static,31.260,100679.516,1006.79517,-0.1744
94400,static,31.260,100680.578,1006.80579,-0.2642
94600,static,31.260,100680.578,1006.80579,-0.2642
94800,static,31.260,100681.828,1006.81830,-0.3699
95000,static,31.260,100681.656,1006.81659,-0.3541
95201,static,31.270,100683.172,1006.83173,-0.4809
95400,static,31.270,100684.117,1006.84119,-0.5602
95600,static,31.260,100684.508,1006.84509,-0.5919
95800,static,31.260,100680.281,1006.80280,-0.2378
96000,static,31.260,100679.875,1006.79877,-0.2061
96200,static,31.270,100680.844,1006.80841,-0.2854
96400,static,31.260,100680.219,1006.80219,-0.2325
96600,static,31.270,100682.570,1006.82568,-0.4333
96800,static,31.270,100682.281,1006.82281,-0.4069
97000,static,31.260,100680.344,1006.80347,-0.2431
97200,static,31.280,100681.344,1006.81342,-0.3276
97400,static,31.270,100683.820,1006.83820,-0.5337
97600,static,31.270,100681.141,1006.81140,-0.3118
97800,static,31.270,100679.711,1006.79712,-0.1902
98001,static,31.280,100684.531,1006.84534,-0.5972
98200,static,31.280,100682.117,1006.82117,-0.3911
98400,static,31.270,100680.727,1006.80725,-0.2748
98600,static,31.280,100683.367,1006.83368,-0.4967
98800,static,31.290,100682.797,1006.82794,-0.4492
99000,static,31.280,100682.180,1006.82178,-0.3963
99200,static,31.290,100683.688,1006.83685,-0.5232
99400,static,31.290,100680.836,1006.80835,-0.2854
99600,static,31.280,100678.789,1006.78790,-0.1163
99800,static,31.280,100682.922,1006.82922,-0.4598
100000,static,31.290,100682.086,1006.82086,-0.3911
100200,static,31.290,100682.031,1006.82031,-0.3858
100400,static,31.290,100681.016,1006.81018,-0.3012
100600,static,31.290,100682.266,1006.82263,-0.4069
100800,static,31.290,100679.344,1006.79346,-0.1585
101000,static,31.300,100682.648,1006.82648,-0.4386
101200,static,31.300,100682.109,1006.82111,-0.3911
101400,static,31.300,100682.648,1006.82648,-0.4386
101600,static,31.300,100683.359,1006.83362,-0.4967
101800,static,31.290,100680.266,1006.80267,-0.2378
102000,static,31.300,100682.438,1006.82440,-0.4228
102200,static,31.300,100683.719,1006.83716,-0.5285
102400,static,31.290,100681.844,1006.81842,-0.3699
102600,static,31.300,100686.125,1006.86127,-0.7293
102800,static,31.300,100682.703,1006.82703,-0.4439
103000,static,31.300,100681.719,1006.81720,-0.3593
103200,static,31.290,100682.734,1006.82733,-0.4439
103401,static,31.290,100680.359,1006.80359,-0.2484
103600,static,31.290,100680.477,1006.80475,-0.2589
103800,static,31.290,100683.219,1006.83221,-0.4862
104000,static,31.280,100681.141,1006.81140,-0.3118
104200,static,31.280,100684.977,1006.84979,-0.6341
104400,static,31.280,100682.594,1006.82593,-0.4333
104600,static,31.280,100685.516,1006.85516,-0.6764
104800,static,31.280,100685.273,1006.85272,-0.6553
105001,static,31.270,100684.422,1006.84424,-0.5866
105200,static,31.270,100681.203,1006.81201,-0.3171
105400,static,31.270,100680.727,1006.80725,-0.2748
105600,static,31.270,100683.578,1006.83575,-0.5179
105800,static,31.260,100682.547,1006.82544,-0.4280
106000,static,31.270,100682.984,1006.82983,-0.4650
106200,static,31.270,100686.016,1006.86017,-0.7187
106400,static,31.260,100680.344,1006.80347,-0.2431
106600,static,31.260,100679.875,1006.79877,-0.2061
106800,static,31.270,100681.922,1006.81921,-0.3752
107000,static,31.260,100681.117,1006.81116,-0.3118
107200,static,31.260,100683.617,1006.83618,-0.5179
107400,static,31.260,100682.367,1006.82367,-0.4122
107600,static,31.270,100684.180,1006.84180,-0.5654
107800,static,31.260,100683.023,1006.83026,-0.4703
108000,static,31.260,100679.906,1006.79907,-0.2061
108201,static,31.270,100682.578,1006.82581,-0.4333
108400,static,31.260,100681.063,1006.81061,-0.3065
108600,static,31.260,100682.484,1006.82483,-0.4228
108800,static,31.260,100683.023,1006.83026,-0.4703
109000,static,31.260,100680.266,1006.80267,-0.2378
109200,static,31.260,100682.250,1006.82251,-0.4016
109400,static,31.270,100687.156,1006.87158,-0.8138
109600,static,31.260,100682.313,1006.82312,-0.4069
109800,static,31.260,100679.875,1006.79877,-0.2061
110000,static,31.260,100678.828,1006.78827,-0.1163
110200,static,31.260,100681.359,1006.81360,-0.3276
110400,static,31.260,100680.969,1006.80969,-0.2959
110600,static,31.260,100679.930,1006.79932,-0.2114
110800,static,31.260,100682.547,1006.82544,-0.4280
111000,static,31.270,100684.422,1006.84424,-0.5866
111200,static,31.260,100681.469,1006.81470,-0.3382
111400,static,31.260,100682.430,1006.82428,-0.4175
111600,static,31.260,100681.891,1006.81891,-0.3752
111800,static,31.260,100682.547,1006.82544,-0.4280
112001,static,31.260,100680.617,1006.80615,-0.2695
112200,static,31.260,100681.156,1006.81158,-0.3118
112400,static,31.250,100681.094,1006.81091,-0.3065
112600,static,31.260,100682.766,1006.82764,-0.4492
112800,static,31.260,100682.609,1006.82611,-0.4333
113000,static,31.250,100680.078,1006.80078,-0.2220
113200,static,31.250,100678.234,1006.78235,-0.0687
113400,static,31.250,100679.484,1006.79486,-0.1744
113601,static,31.250,100678.297,1006.78296,-0.0740
113800,static,31.250,100679.906,1006.79907,-0.2061
114000,static,31.250,100679.664,1006.79663,-0.1902
114200,static,31.250,100679.313,1006.79315,-0.1585
114400,static,31.250,100680.063,1006.80060,-0.2220
114600,static,31.250,100681.813,1006.81812,-0.3699
114800,static,31.260,100681.156,1006.81158,-0.3118
115000,static,31.250,100679.547,1006.79547,-0.1797
115200,static,31.260,100681.516,1006.81519,-0.3435
115400,static,31.250,100679.133,1006.79132,-0.1427
115600,static,31.260,100679.547,1006.79547,-0.1797
115801,static,31.260,100680.281,1006.80280,-0.2378
116000,static,31.260,100681.063,1006.81061,-0.3065
116200,static,31.260,100682.547,1006.82544,-0.4280
116400,static,31.260,100677.547,1006.77545,-0.0106
116600,static,31.270,100680.484,1006.80487,-0.2589
116800,static,31.260,100679.039,1006.79041,-0.1374
117000,static,31.260,100678.383,1006.78381,-0.0793
117200,static,31.270,100679.180,1006.79181,-0.1480
117400,static,31.270,100680.961,1006.80963,-0.2959
117600,static,31.270,100676.031,1006.76031,0.1163
117800,static,31.270,100677.750,1006.77753,-0.0264
118000,static,31.280,100679.031,1006.79028,-0.1374
118200,static,31.280,100679.438,1006.79437,-0.1691
118400,static,31.280,100677.781,1006.77783,-0.0317
118600,static,31.290,100680.297,1006.80298,-0.2431
118800,static,31.290,100682.977,1006.82977,-0.4650
119000,static,31.290,100682.328,1006.82330,-0.4122
119200,static,31.290,100682.766,1006.82764,-0.4492
119400,static,31.290,100678.992,1006.78992,-0.1321
119600,static,31.290,100679.469,1006.79468,-0.1744
119800,static,31.300,100682.648,1006.82648,-0.4386
120001,static,31.290,100680.180,1006.80182,-0.2325
120200,static,31.290,100680.445,1006.80444,-0.2537
120400,static,31.300,100682.828,1006.82831,-0.4545
120600,static,31.300,100680.680,1006.80682,-0.2748
120800,static,31.300,100680.391,1006.80389,-0.2484
121000,static,31.300,100683.234,1006.83234,-0.4862
121200,static,31.300,100684.313,1006.84314,-0.5760
121400,static,31.300,100680.680,1006.80682,-0.2748
121600,static,31.300,100681.930,1006.81927,-0.3805
121800,static,31.300,100678.805,1006.78802,-0.1163
122000,static,31.300,100680.563,1006.80560,-0.2642
122201,static,31.300,100680.391,1006.80389,-0.2484
122400,static,31.290,100679.547,1006.79547,-0.1797
122600,static,31.300,100682.555,1006.82556,-0.4280
122800,static,31.300,100682.016,1006.82013,-0.3858
123000,static,31.300,100680.586,1006.80585,-0.2642
123200,static,31.300,100679.578,1006.79578,-0.1797
123400,static,31.310,100679.516,1006.79517,-0.1744
123600,static,31.310,100681.148,1006.81146,-0.3118
123801,static,31.300,100680.922,1006.80920,-0.2959
124000,static,31.310,100682.188,1006.82190,-0.4016
124200,static,31.310,100679.250,1006.79248,-0.1533
124400,static,31.310,100683.344,1006.83344,-0.4967
124600,static,31.310,100681.563,1006.81561,-0.3488
124800,static,31.310,100681.328,1006.81329,-0.3276
125000,static,31.310,100680.969,1006.80969,-0.2959
125200,static,31.320,100682.156,1006.82153,-0.3963
125400,static,31.310,100681.203,1006.81201,-0.3171
125600,static,31.310,100681.836,1006.81836,-0.3699
125800,static,31.310,100682.547,1006.82544,-0.4280
126000,static,31.310,100681.742,1006.81744,-0.3646
126200,static,31.310,100679.281,1006.79279,-0.1533
126400,static,31.310,100680.047,1006.80048,-0.2220
126600,static,31.320,100684.477,1006.84479,-0.5919
126800,static,31.320,100681.797,1006.81799,-0.3646
127000,static,31.310,100682.375,1006.82373,-0.4175
127200,static,31.300,100681.359,1006.81360,-0.3276
127400,static,31.310,100682.219,1006.82220,-0.4016
127601,static,31.310,100684.453,1006.84454,-0.5919
127800,static,31.310,100684.094,1006.84094,-0.5602
128000,static,31.310,100682.547,1006.82544,-0.4280
128200,static,31.310,100683.438,1006.83435,-0.5020
128400,static,31.310,100683.563,1006.83563,-0.5126
128600,static,31.310,100683.734,1006.83734,-0.5285
128800,static,31.310,100682.188,1006.82190,-0.4016
129000,static,31.310,100684.094,1006.84094,-0.5602
129201,static,31.300,100682.172,1006.82172,-0.3963
129400,static,31.300,100683.148,1006.83148,-0.4809
129600,static,31.310,100682.313,1006.82312,-0.4069
129800,static,31.310,100684.281,1006.84283,-0.5760
130000,static,31.310,100683.922,1006.83923,-0.5443
130200,static,31.300,100681.008,1006.81006,-0.3012
130400,static,31.300,100682.438,1006.82440,-0.4228
130600,static,31.310,100681.063,1006.81061,-0.3065
130800,static,31.300,100680.766,1006.80768,-0.2801
131000,static,31.320,100683.227,1006.83228,-0.4862
131200,static,31.310,100681.859,1006.81860,-0.3699
131400,static,31.320,100682.875,1006.82874,-0.4545
131600,static,31.320,100681.109,1006.81110,-0.3065
131800,static,31.320,100682.719,1006.82721,-0.4439
132000,static,31.320,100680.047,1006.80048,-0.2220
132200,static,31.320,100681.703,1006.81702,-0.3593
132400,static,31.320,100683.844,1006.83844,-0.5390
132600,static,31.310,100682.813,1006.82813,-0.4492
132800,static,31.320,100680.727,1006.80725,-0.2748
133001,static,31.320,100682.297,1006.82300,-0.4069
133200,static,31.330,100683.453,1006.83453,-0.5073
133400,static,31.330,100680.219,1006.80219,-0.2325
133600,static,31.330,100683.789,1006.83789,-0.5337
133800,static,31.330,100682.742,1006.82739,-0.4439
134000,static,31.320,100677.484,1006.77484,-0.0053
134200,static,31.330,100683.695,1006.83698,-0.5285
134400,static,31.330,100681.469,1006.81470,-0.3382
134600,static,31.330,100682.359,1006.82361,-0.4122
134800,static,31.330,100681.648,1006.81647,-0.3541
135000,static,31.330,100684.055,1006.84058,-0.5549
135200,static,31.330,100684.945,1006.84943,-0.6289
135400,static,31.330,100681.195,1006.81195,-0.3171
135600,static,31.330,100681.078,1006.81079,-0.3065
135800,static,31.340,100681.516,1006.81519,-0.3435
136000,static,31.340,100680.445,1006.80444,-0.2537
136200,static,31.340,100683.188,1006.83185,-0.4809
136400,static,31.340,100680.805,1006.80804,-0.2854
136600,static,31.340,100682.297,1006.82300,-0.4069
136800,static,31.340,100682.531,1006.82532,-0.4280
137000,static,31.350,100682.141,1006.82141,-0.3963
137201,static,31.340,100679.313,1006.79315,-0.1585
137400,static,31.350,100679.703,1006.79706,-0.1902
137600,static,31.350,100680.828,1006.80829,-0.2854
137800,static,31.350,100681.547,1006.81549,-0.3435
138000,static,31.350,100679.453,1006.79456,-0.1691
138200,static,31.350,100680.734,1006.80737,-0.2801
138400,static,31.360,100680.672,1006.80670,-0.2748
138600,static,31.350,100682.523,1006.82526,-0.4280
138801,static,31.360,100682.188,1006.82190,-0.4016
139000,static,31.360,100682.047,1006.82050,-0.3858
139200,static,31.360,100681.625,1006.81622,-0.3541
139400,static,31.370,100682.063,1006.82062,-0.3911
139600,static,31.370,100681.594,1006.81592,-0.3488
139800,static,31.370,100685.781,1006.85779,-0.7028
140000,static,31.370,100681.234,1006.81232,-0.3224
140200,static,31.370,100680.813,1006.80811,-0.2854
140400,static,31.370,100683.461,1006.83459,-0.5073
140600,static,31.370,100681.945,1006.81946,-0.3805
140800,static,31.370,100683.578,1006.83575,-0.5179
141000,static,31.380,100685.922,1006.85919,-0.7134
141200,static,31.380,100682.656,1006.82654,-0.4386
141400,static,31.370,100682.570,1006.82568,-0.4333
141600,static,31.380,100681.914,1006.81915,-0.3752
141800,static,31.370,100682.688,1006.82690,-0.4439
142000,static,31.370,100683.406,1006.83405,-0.5020
142200,static,31.370,100683.375,1006.83374,-0.4967
142400,static,31.370,100684.891,1006.84888,-0.6236
142600,static,31.370,100685.344,1006.85345,-0.6659
142800,static,31.360,100685.016,1006.85016,-0.6341
143000,static,31.370,100682.602,1006.82599,-0.4333
143200,static,31.360,100683.766,1006.83765,-0.5337
143400,static,31.370,100686.352,1006.86353,-0.7504
143600,static,31.360,100683.297,1006.83295,-0.4915
143800,static,31.350,100682.078,1006.82080,-0.3911
144000,static,31.360,100682.992,1006.82990,-0.4650
144201,static,31.360,100684.188,1006.84186,-0.5654
144400,static,31.350,100683.391,1006.83392,-0.5020
144600,static,31.360,100687.813,1006.87811,-0.8720
144800,static,31.350,100686.781,1006.86780,-0.7821
145000,static,31.360,100684.719,1006.84717,-0.6130
145200,static,31.340,100683.547,1006.83545,-0.5126
145400,static,31.340,100684.250,1006.84253,-0.5707
145600,static,31.340,100686.094,1006.86096,-0.7293
145800,static,31.340,100683.063,1006.83063,-0.4703
146000,static,31.330,100683.578,1006.83575,-0.5179
146200,static,31.340,100683.242,1006.83240,-0.4862
146400,static,31.340,100683.961,1006.83960,-0.5496
146600,static,31.330,100681.906,1006.81909,-0.3752
146800,static,31.340,100684.313,1006.84314,-0.5760
147000,static,31.330,100683.344,1006.83344,-0.4967
147200,static,31.330,100681.609,1006.81610,-0.3488
147400,static,31.340,100682.172,1006.82172,-0.3963
147600,static,31.330,100683.695,1006.83698,-0.5285
147800,static,31.330,100681.734,1006.81732,-0.3593
148001,static,31.340,100682.711,1006.82709,-0.4439
148200,static,31.340,100680.391,1006.80389,-0.2484
148400,static,31.330,100680.250,1006.80249,-0.2378
148600,static,31.330,100681.141,1006.81140,-0.3118
148800,static,31.330,100682.859,1006.82861,-0.4545
149000,static,31.330,100681.141,1006.81140,-0.3118
149200,static,31.330,100682.742,1006.82739,-0.4439
149400,static,31.330,100685.547,1006.85547,-0.6817
149601,static,31.330,100682.266,1006.82263,-0.4069
149800,static,31.330,100681.969,1006.81970,-0.3805
150000,static,31.340,100686.813,1006.86810,-0.7874
150200,static,31.320,100681.234,1006.81232,-0.3224
150400,static,31.330,100679.891,1006.79889,-0.2061
150600,static,31.330,100683.609,1006.83612,-0.5179
150800,static,31.330,100683.398,1006.83398,-0.5020
151000,static,31.330,100682.031,1006.82031,-0.3858
151200,static,31.330,100679.531,1006.79529,-0.1744
151400,static,31.330,100682.328,1006.82330,-0.4122
151600,static,31.330,100682.539,1006.82538,-0.4280
151801,static,31.330,100685.125,1006.85126,-0.6447
152000,static,31.330,100683.453,1006.83453,-0.5073
152200,static,31.330,100683.516,1006.83514,-0.5126
152400,static,31.330,100682.391,1006.82391,-0.4175
152600,static,31.330,100684.352,1006.84351,-0.5813
152800,static,31.330,100685.000,1006.84998,-0.6341
153000,static,31.330,100684.828,1006.84827,-0.6183
153200,static,31.330,100682.445,1006.82446,-0.4228
153401,static,31.330,100684.055,1006.84058,-0.5549
153600,static,31.340,100683.359,1006.83362,-0.4967
153800,static,31.330,100683.578,1006.83575,-0.5179
154000,static,31.340,100681.992,1006.81995,-0.3858
154200,static,31.340,100682.891,1006.82892,-0.4598
154400,static,31.330,100681.375,1006.81372,-0.3329
154600,static,31.340,100683.484,1006.83484,-0.5073
154800,static,31.340,100685.625,1006.85626,-0.6870
155001,static,31.350,100683.625,1006.83624,-0.5179
155200,static,31.340,100682.234,1006.82233,-0.4016
155400,static,31.340,100682.234,1006.82233,-0.4016
155600,static,31.330,100681.141,1006.81140,-0.3118
155800,static,31.330,100682.805,1006.82806,-0.4492
156000,static,31.330,100682.445,1006.82446,-0.4228
156200,static,31.320,100679.836,1006.79834,-0.2008
156400,static,31.320,100682.484,1006.82483,-0.4228
156601,static,31.320,100681.586,1006.81586,-0.3488
156800,static,31.320,100679.867,1006.79865,-0.2061
157000,static,31.320,100681.625,1006.81622,-0.3541
157200,static,31.320,100684.203,1006.84204,-0.5707
157400,static,31.330,100684.328,1006.84326,-0.5760
157600,static,31.320,100684.383,1006.84381,-0.5813
157800,static,31.330,100683.789,1006.83789,-0.5337
158000,static,31.330,100683.609,1006.83612,-0.5179
158200,static,31.330,100682.094,1006.82092,-0.3911
158400,static,31.330,100682.742,1006.82739,-0.4439
158600,static,31.330,100684.328,1006.84326,-0.5760
158801,static,31.320,100680.938,1006.80939,-0.2959
159000,static,31.320,100681.828,1006.81830,-0.3699
159200,static,31.320,100681.656,1006.81659,-0.3541
159400,static,31.320,100684.563,1006.84564,-0.5972
159600,static,31.320,100682.906,1006.82904,-0.4598
159800,static,31.310,100680.609,1006.80609,-0.2695
160000,static,31.310,100681.563,1006.81561,-0.3488
160200,static,31.320,100684.203,1006.84204,-0.5707
160400,static,31.320,100682.156,1006.82153,-0.3963
160600,static,31.310,100681.688,1006.81689,-0.3593
160800,static,31.310,100685.250,1006.85248,-0.6553
161000,static,31.310,100681.125,1006.81128,-0.3118
161200,static,31.310,100682.141,1006.82141,-0.3963
161400,static,31.300,100681.281,1006.81281,-0.3224
161600,static,31.300,100682.906,1006.82904,-0.4598
161800,static,31.300,100679.492,1006.79492,-0.1744
162000,static,31.300,100680.828,1006.80829,-0.2854
162200,static,31.300,100682.258,1006.82257,-0.4069
162400,static,31.310,100679.516,1006.79517,-0.1744
162600,static,31.300,100679.398,1006.79401,-0.1638
162800,static,31.310,100682.641,1006.82642,-0.4386
163000,static,31.310,100681.656,1006.81659,-0.3541
163200,static,31.320,100679.328,1006.79327,-0.1585
163400,static,31.310,100681.781,1006.81781,-0.3646
163600,static,31.310,100680.766,1006.80768,-0.2801
163800,static,31.320,100681.266,1006.81268,-0.3224
164000,static,31.320,100683.047,1006.83044,-0.4703
164200,static,31.310,100681.563,1006.81561,-0.3488
164400,static,31.320,100679.203,1006.79205,-0.1480
164600,static,31.320,100679.203,1006.79205,-0.1480
164800,static,31.320,100678.766,1006.78766,-0.1110
165000,static,31.320,100679.922,1006.79919,-0.2114
165200,static,31.320,100679.836,1006.79834,-0.2008
165400,static,31.330,100678.969,1006.78967,-0.1321
165600,static,31.330,100683.281,1006.83282,-0.4915
165800,static,31.310,100681.031,1006.81030,-0.3012
166000,static,31.320,100680.875,1006.80878,-0.2907
166200,static,31.320,100680.641,1006.80640,-0.2695
166400,static,31.320,100681.656,1006.81659,-0.3541
166600,static,31.320,100683.797,1006.83795,-0.5337
166801,static,31.320,100679.797,1006.79797,-0.2008
167000,static,31.320,100678.617,1006.78619,-0.1004
167200,static,31.320,100680.758,1006.80756,-0.2801
167400,static,31.320,100682.125,1006.82123,-0.3963
167600,static,31.320,100679.297,1006.79297,-0.1585
167800,static,31.320,100679.922,1006.79919,-0.2114
168000,static,31.320,100680.938,1006.80939,-0.2959
168200,static,31.320,100681.297,1006.81299,-0.3224
168401,static,31.320,100682.242,1006.82245,-0.4016
168600,static,31.320,100680.906,1006.80908,-0.2907
168800,static,31.320,100680.578,1006.80579,-0.2642
169000,static,31.320,100678.586,1006.78589,-0.0951
169200,static,31.320,100681.828,1006.81830,-0.3699
169400,static,31.330,100685.891,1006.85889,-0.7081
169600,static,31.330,100681.828,1006.81830,-0.3699
169800,static,31.330,100682.563,1006.82562,-0.4280
170000,static,31.330,100682.000,1006.82001,-0.3858
170200,static,31.330,100681.313,1006.81311,-0.3276
170400,static,31.330,100680.250,1006.80249,-0.2378
170601,static,31.330,100681.375,1006.81372,-0.3329
170800,static,31.330,100679.531,1006.79529,-0.1744
171000,static,31.330,100679.172,1006.79175,-0.1480
171200,static,31.330,100679.469,1006.79468,-0.1744
171400,static,31.330,100679.703,1006.79706,-0.1902
171600,static,31.330,100678.938,1006.78937,-0.1268
171800,static,31.340,100681.578,1006.81580,-0.3488
172000,static,31.340,100679.797,1006.79797,-0.2008
172200,static,31.340,100680.984,1006.80981,-0.3012
172400,static,31.350,100679.578,1006.79578,-0.1797
172600,static,31.340,100680.031,1006.80029,-0.2167
172800,static,31.350,100679.344,1006.79346,-0.1585
173000,static,31.350,100678.453,1006.78455,-0.0846
173200,static,31.360,100680.609,1006.80609,-0.2695
173400,static,31.360,100681.922,1006.81921,-0.3752
173600,static,31.370,100682.602,1006.82599,-0.4333
173800,static,31.350,100680.352,1006.80353,-0.2431
174000,static,31.360,100680.406,1006.80408,-0.2484
174200,static,31.360,100677.453,1006.77454,-0.0053
174400,static,31.360,100678.703,1006.78705,-0.1057
174600,static,31.370,100679.211,1006.79211,-0.1480
174800,static,31.370,100681.141,1006.81140,-0.3118
175000,static,31.370,100682.664,1006.82666,-0.4386
175200,static,31.370,100682.242,1006.82245,-0.4016
175400,static,31.360,100678.078,1006.78076,-0.0528
175600,static,31.380,100681.578,1006.81580,-0.3488
175800,static,31.380,100680.125,1006.80127,-0.2272
176001,static,31.370,100679.469,1006.79468,-0.1744
176200,static,31.370,100679.625,1006.79626,-0.1850
176400,static,31.370,100679.000,1006.78998,-0.1321
176600,static,31.370,100681.438,1006.81439,-0.3382
176800,static,31.370,100681.320,1006.81323,-0.3276
177000,static,31.370,100682.156,1006.82153,-0.3963
177200,static,31.370,100681.766,1006.81763,-0.3646
177400,static,31.370,100680.422,1006.80420,-0.2537
177601,static,31.380,100681.047,1006.81049,-0.3012
177800,static,31.370,100679.711,1006.79712,-0.1902
178000,static,31.380,100679.563,1006.79565,-0.1797
178200,static,31.380,100679.266,1006.79266,-0.1533
178400,static,31.380,100683.844,1006.83844,-0.5390
178600,static,31.380,100683.367,1006.83368,-0.4967
178800,static,31.380,100683.547,1006.83545,-0.5126
179000,static,31.380,100683.250,1006.83252,-0.4862
179200,static,31.380,100682.359,1006.82361,-0.4122
179400,static,31.380,100682.000,1006.82001,-0.3858
179600,static,31.380,100681.047,1006.81049,-0.3012
179800,static,31.380,100681.047,1006.81049,-0.3012
180000,static,31.370,100681.500,1006.81500,-0.3435
180200,static,31.370,100680.281,1006.80280,-0.2378
180400,static,31.370,100677.961,1006.77960,-0.0476
180600,static,31.370,100678.914,1006.78912,-0.1268
180800,static,31.370,100681.078,1006.81079,-0.3065
181000,static,31.360,100677.875,1006.77875,-0.0370
181200,static,31.370,100683.734,1006.83734,-0.5285
181401,static,31.360,100678.078,1006.78076,-0.0528
181600,static,31.360,100682.102,1006.82104,-0.3911
181800,static,31.350,100676.547,1006.76544,0.0740
182000,static,31.350,100682.523,1006.82526,-0.4280
182200,static,31.350,100680.352,1006.80353,-0.2431
182400,static,31.360,100683.055,1006.83057,-0.4703
182600,static,31.350,100682.914,1006.82916,-0.4598
182800,static,31.350,100680.953,1006.80951,-0.2959
183000,static,31.350,100681.781,1006.81781,-0.3646
183200,static,31.350,100682.555,1006.82556,-0.4280
183400,static,31.340,100682.703,1006.82703,-0.4439
183600,static,31.340,100682.297,1006.82300,-0.4069
183800,static,31.340,100681.695,1006.81696,-0.3593
184000,static,31.350,100687.078,1006.87079,-0.8085
184200,static,31.340,100684.313,1006.84314,-0.5760
184400,static,31.340,100682.594,1006.82593,-0.4333
184600,static,31.330,100682.328,1006.82330,-0.4122
184800,static,31.330,100682.328,1006.82330,-0.4122
185000,static,31.340,100678.547,1006.78546,-0.0951
185200,static,31.340,100680.391,1006.80389,-0.2484
185400,static,31.340,100681.992,1006.81995,-0.3858
185601,static,31.340,100682.648,1006.82648,-0.4386
185800,static,31.330,100681.258,1006.81256,-0.3224
186000,static,31.330,100683.750,1006.83752,-0.5285
186200,static,31.340,100685.859,1006.85858,-0.7081
186400,static,31.330,100681.555,1006.81555,-0.3435
186600,static,31.330,100680.008,1006.80005,-0.2167
186800,static,31.330,100681.195,1006.81195,-0.3171
187000,static,31.330,100681.797,1006.81799,-0.3646
187201,static,31.340,100679.852,1006.79852,-0.2008
187400,static,31.330,100683.156,1006.83154,-0.4809
187600,static,31.330,100685.000,1006.84998,-0.6341
187800,static,31.330,100682.688,1006.82690,-0.4439
188000,static,31.340,100681.813,1006.81812,-0.3699
188200,static,31.340,100681.641,1006.81641,-0.3541
188400,static,31.340,100680.031,1006.80029,-0.2167
188600,static,31.340,100683.188,1006.83185,-0.4809
188800,static,31.340,100682.344,1006.82343,-0.4122
189000,static,31.340,100681.992,1006.81995,-0.3858
189200,static,31.340,100680.563,1006.80560,-0.2642
189400,static,31.350,100681.242,1006.81244,-0.3224
189600,static,31.350,100681.063,1006.81061,-0.3065
189800,static,31.350,100680.891,1006.80890,-0.2907
190000,static,31.350,100680.375,1006.80377,-0.2484
190200,static,31.350,100681.273,1006.81274,-0.3224
190400,static,31.360,100682.578,1006.82581,-0.4333
190600,static,31.350,100677.875,1006.77875,-0.0370
190800,static,31.360,100680.969,1006.80969,-0.2959
191001,static,31.360,100680.500,1006.80499,-0.2589
191200,static,31.360,100680.219,1006.80219,-0.2325
191400,static,31.360,100680.078,1006.80078,-0.2220
191600,static,31.370,100684.031,1006.84033,-0.5549
191800,static,31.360,100679.688,1006.79688,-0.1902
192000,static,31.360,100681.094,1006.81091,-0.3065
192200,static,31.370,100683.758,1006.83759,-0.5285
192400,static,31.370,100682.422,1006.82422,-0.4175
192601,static,31.370,100679.984,1006.79987,-0.2167
192800,static,31.370,100680.906,1006.80908,-0.2907
193000,static,31.370,100682.922,1006.82922,-0.4598
193200,static,31.370,100680.781,1006.80780,-0.2801
193400,static,31.380,100682.953,1006.82953,-0.4650
193600,static,31.380,100682.891,1006.82892,-0.4598
193800,static,31.390,100685.156,1006.85156,-0.6500
194000,static,31.380,100680.453,1006.80450,-0.2537
194200,static,31.380,100678.422,1006.78424,-0.0846
194400,static,31.390,100680.891,1006.80890,-0.2907
194600,static,31.390,100682.438,1006.82440,-0.4228
194801,static,31.400,100682.172,1006.82172,-0.3963
195000,static,31.400,100681.031,1006.81030,-0.3012
195200,static,31.400,100680.922,1006.80920,-0.2959
195400,static,31.400,100679.313,1006.79315,-0.1585
195600,static,31.400,100682.406,1006.82404,-0.4175
195800,static,31.410,100682.250,1006.82251,-0.4016
196000,static,31.410,100684.570,1006.84570,-0.5972
196200,static,31.410,100684.063,1006.84064,-0.5549
196400,static,31.410,100683.875,1006.83875,-0.5390
196600,static,31.410,100682.633,1006.82635,-0.4386
196800,static,31.410,100680.281,1006.80280,-0.2378
197000,static,31.410,100680.820,1006.80823,-0.2854
197200,static,31.420,100682.570,1006.82568,-0.4333
197401,static,31.420,100681.438,1006.81439,-0.3382
197600,static,31.410,100679.594,1006.79596,-0.1797
197800,static,31.420,100683.164,1006.83167,-0.4809
198000,static,31.420,100681.734,1006.81732,-0.3593
198200,static,31.420,100681.047,1006.81049,-0.3012
198400,static,31.420,100681.563,1006.81561,-0.3488
198600,static,31.430,100682.594,1006.82593,-0.4333
198800,static,31.430,100681.969,1006.81970,-0.3805
199000,static,31.430,100684.375,1006.84375,-0.5813
199200,static,31.430,100680.750,1006.80750,-0.2801
199400,static,31.430,100684.141,1006.84143,-0.5654
199600,static,31.430,100681.883,1006.81885,-0.3752
199800,static,31.430,100682.180,1006.82178,-0.3963
200000,static,31.430,100683.672,1006.83673,-0.5232
200200,static,31.420,100683.016,1006.83014,-0.4703
200400,static,31.430,100681.469,1006.81470,-0.3382
200601,static,31.430,100682.891,1006.82892,-0.4598
200800,static,31.420,100678.938,1006.78937,-0.1268
201000,static,31.410,100680.484,1006.80487,-0.2589
201200,static,31.420,100682.328,1006.82330,-0.4122
201400,static,31.410,100681.117,1006.81116,-0.3118
201600,static,31.410,100684.922,1006.84924,-0.6289
201800,static,31.400,100681.391,1006.81390,-0.3329
202000,static,31.400,100684.125,1006.84125,-0.5602
202200,static,31.400,100680.859,1006.80859,-0.2854
202400,static,31.400,100681.328,1006.81329,-0.3276
202600,static,31.400,100681.633,1006.81635,-0.3541
202800,static,31.400,100681.813,1006.81812,-0.3699
203000,static,31.400,100683.594,1006.83594,-0.5179
203201,static,31.400,100683.594,1006.83594,-0.5179
203400,static,31.390,100681.719,1006.81720,-0.3593
203600,static,31.390,100679.703,1006.79706,-0.1902
203800,static,31.390,100679.883,1006.79883,-0.2061
204000,static,31.390,100678.453,1006.78455,-0.0846
204200,static,31.400,100684.844,1006.84845,-0.6236
204400,static,31.400,100683.656,1006.83655,-0.5232
204600,static,31.400,100681.453,1006.81451,-0.3382
204800,static,31.400,100682.938,1006.82935,-0.4650
205000,static,31.400,100681.219,1006.81219,-0.3171
205200,static,31.400,100682.523,1006.82526,-0.4280
205401,static,31.390,100682.969,1006.82971,-0.4650
205600,static,31.390,100680.688,1006.80688,-0.2748
205800,static,31.400,100684.430,1006.84430,-0.5866
206000,static,31.390,100682.320,1006.82318,-0.4122
206200,static,31.390,100680.414,1006.80414,-0.2484
206400,static,31.390,100683.211,1006.83209,-0.4862
206600,static,31.390,100680.531,1006.80530,-0.2589
206800,static,31.390,100680.297,1006.80298,-0.2431
207000,static,31.380,100682.234,1006.82233,-0.4016
207200,static,31.380,100682.891,1006.82892,-0.4598
207400,static,31.380,100679.859,1006.79858,-0.2061
207600,static,31.380,100680.688,1006.80688,-0.2748
207800,static,31.380,100681.164,1006.81165,-0.3118
208000,static,31.390,100682.469,1006.82471,-0.4228
208200,static,31.390,100686.961,1006.86963,-0.7980
208400,static,31.380,100682.453,1006.82452,-0.4228
208600,static,31.380,100683.016,1006.83014,-0.4703
208800,static,31.380,100681.047,1006.81049,-0.3012
209000,static,31.370,100681.055,1006.81055,-0.3065
209200,static,31.380,100679.766,1006.79767,-0.1955
209400,static,31.380,100679.797,1006.79797,-0.2008
209601,static,31.390,100682.828,1006.82831,-0.4545
209800,static,31.380,100683.609,1006.83612,-0.5179
210000,static,31.380,100683.070,1006.83069,-0.4756
210200,static,31.380,100680.625,1006.80627,-0.2695
210400,static,31.380,100680.984,1006.80981,-0.3012
210600,static,31.380,100680.211,1006.80212,-0.2325
210800,static,31.390,100678.547,1006.78546,-0.0951
211000,static,31.390,100680.859,1006.80859,-0.2854
211200,static,31.390,100680.953,1006.80951,-0.2959
211400,static,31.390,100681.430,1006.81427,-0.3382
211600,static,31.400,100679.609,1006.79608,-0.1850
211801,static,31.400,100681.219,1006.81219,-0.3171
212000,static,31.400,100682.523,1006.82526,-0.4280
212200,static,31.410,100684.273,1006.84271,-0.5760
212400,static,31.390,100681.016,1006.81018,-0.3012
212600,static,31.400,100679.719,1006.79718,-0.1902
212800,static,31.400,100682.641,1006.82642,-0.4386
213000,static,31.400,100679.547,1006.79547,-0.1797
213200,static,31.410,100683.344,1006.83344,-0.4967
213400,static,31.410,100684.031,1006.84033,-0.5549
213600,static,31.410,100682.367,1006.82367,-0.4122
213800,static,31.410,100683.617,1006.83618,-0.5179
214000,static,31.420,100685.367,1006.85370,-0.6659
214200,static,31.410,100681.563,1006.81561,-0.3488
214400,static,31.420,100684.531,1006.84534,-0.5972
214600,static,31.420,100681.977,1006.81976,-0.3805
214800,static,31.420,100686.016,1006.86017,-0.7187
215000,static,31.410,100683.172,1006.83173,-0.4809
215200,static,31.420,100682.867,1006.82867,-0.4545
215401,static,31.420,100682.930,1006.82928,-0.4598
215600,static,31.410,100684.063,1006.84064,-0.5549
215800,static,31.420,100683.641,1006.83643,-0.5232
216000,static,31.410,100683.703,1006.83704,-0.5285
216200,static,31.400,100679.602,1006.79602,-0.1850
216400,static,31.410,100682.984,1006.82983,-0.4650
216600,static,31.410,100680.703,1006.80701,-0.2748
216800,static,31.410,100679.516,1006.79517,-0.1744
217000,static,31.410,100683.172,1006.83173,-0.4809
217200,static,31.410,100682.547,1006.82544,-0.4280
217400,static,31.400,100682.047,1006.82050,-0.3858
217600,static,31.410,100681.656,1006.81659,-0.3541
217800,static,31.410,100684.031,1006.84033,-0.5549
218000,static,31.410,100681.594,1006.81592,-0.3488
218200,static,31.410,100681.203,1006.81201,-0.3171
218400,static,31.410,100681.000,1006.81000,-0.3012
218601,static,31.410,100680.641,1006.80640,-0.2695
218800,static,31.410,100682.633,1006.82635,-0.4386
219000,static,31.410,100682.813,1006.82813,-0.4492
219200,static,31.420,100681.797,1006.81799,-0.3646
219400,static,31.410,100680.406,1006.80408,-0.2484
219600,static,31.420,100682.453,1006.82452,-0.4228
219800,static,31.420,100680.719,1006.80719,-0.2748
220000,static,31.420,100680.906,1006.80908,-0.2907
220200,static,31.420,100680.781,1006.80780,-0.2801
220400,static,31.420,100680.844,1006.80841,-0.2854
220600,static,31.420,100681.320,1006.81323,-0.3276
220800,static,31.420,100681.203,1006.81201,-0.3171
221000,static,31.430,100682.359,1006.82361,-0.4122
221200,static,31.430,100682.234,1006.82233,-0.4016
221400,static,31.430,100680.031,1006.80029,-0.2167
221600,static,31.420,100681.023,1006.81024,-0.3012
221800,static,31.420,100681.500,1006.81500,-0.3435
222000,static,31.420,100679.953,1006.79956,-0.2114
222201,static,31.430,100685.813,1006.85815,-0.7028
222400,static,31.420,100678.641,1006.78638,-0.1004
222600,static,31.420,100681.375,1006.81372,-0.3329
222800,static,31.430,100681.820,1006.81818,-0.3699
223000,static,31.430,100679.578,1006.79578,-0.1797
223200,static,31.430,100680.273,1006.80273,-0.2378
223400,static,31.430,100679.563,1006.79565,-0.1797
223600,static,31.430,100680.125,1006.80127,-0.2272
223800,static,31.430,100682.422,1006.82422,-0.4175
224000,static,31.430,100681.469,1006.81470,-0.3382
224200,static,31.430,100681.969,1006.81970,-0.3805
224401,static,31.430,100679.578,1006.79578,-0.1797
224600,static,31.430,100679.500,1006.79498,-0.1744
224800,static,31.430,100680.656,1006.80658,-0.2695
225000,static,31.430,100678.133,1006.78131,-0.0581
225200,static,31.430,100680.453,1006.80450,-0.2537
225401,static,31.430,100678.484,1006.78485,-0.0898
225600,static,31.430,100678.250,1006.78247,-0.0687
225800,static,31.440,100681.188,1006.81189,-0.3171
226000,static,31.430,100679.641,1006.79639,-0.1850
226200,static,31.440,100681.672,1006.81671,-0.3541
226401,static,31.430,100682.078,1006.82080,-0.3911
226600,static,31.440,100681.844,1006.81842,-0.3699
226800,static,31.440,100681.313,1006.81311,-0.3276
227000,static,31.440,100682.344,1006.82343,-0.4122
227200,static,31.430,100681.188,1006.81189,-0.3171
227400,static,31.440,100680.297,1006.80298,-0.2431
227600,static,31.430,100679.766,1006.79767,-0.1955
227800,static,31.440,100682.203,1006.82202,-0.4016
228000,static,31.430,100680.031,1006.80029,-0.2167
228200,static,31.440,100680.953,1006.80951,-0.2959
228400,static,31.430,100681.188,1006.81189,-0.3171
228601,static,31.440,100682.617,1006.82617,-0.4333
228800,static,31.430,100678.664,1006.78662,-0.1057
229000,static,31.430,100679.578,1006.79578,-0.1797
229200,static,31.430,100679.227,1006.79224,-0.1533
229400,static,31.430,100679.563,1006.79565,-0.1797
229601,static,31.430,100682.977,1006.82977,-0.4650
229800,static,31.430,100683.484,1006.83484,-0.5073
230000,static,31.420,100681.766,1006.81763,-0.3646
230200,static,31.430,100684.734,1006.84735,-0.6130
230400,static,31.420,100683.727,1006.83728,-0.5285
230600,static,31.420,100683.875,1006.83875,-0.5390
230800,static,31.420,100680.516,1006.80518,-0.2589
231000,static,31.420,100682.930,1006.82928,-0.4598
231200,static,31.410,100681.734,1006.81732,-0.3593
231400,static,31.410,100684.211,1006.84210,-0.5707
231600,static,31.400,100682.578,1006.82581,-0.4333
231800,static,31.410,100682.719,1006.82721,-0.4439
232000,static,31.400,100682.641,1006.82642,-0.4386
232200,static,31.400,100681.273,1006.81274,-0.3224
232400,static,31.400,100680.438,1006.80438,-0.2537
232600,static,31.400,100681.563,1006.81561,-0.3488
232800,static,31.400,100681.984,1006.81982,-0.3805
233000,static,31.400,100681.094,1006.81091,-0.3065
233200,static,31.390,100677.734,1006.77734,-0.0264
233400,static,31.400,100679.430,1006.79431,-0.1691
233600,static,31.400,100679.719,1006.79718,-0.1902
233800,static,31.400,100679.719,1006.79718,-0.1902
234000,static,31.410,100681.234,1006.81232,-0.3224
234200,static,31.400,100683.469,1006.83472,-0.5073
234400,static,31.400,100684.430,1006.84430,-0.5866
234600,static,31.400,100682.219,1006.82220,-0.4016
234800,static,31.400,100682.344,1006.82343,-0.4122
235000,static,31.400,100680.078,1006.80078,-0.2220
235200,static,31.400,100678.594,1006.78595,-0.1004
235401,static,31.410,100680.344,1006.80347,-0.2431
235600,static,31.400,100680.313,1006.80310,-0.2431
235800,static,31.410,100680.938,1006.80939,-0.2959
236000,static,31.410,100680.047,1006.80048,-0.2220
236200,static,31.400,100681.031,1006.81030,-0.3012
236401,static,31.400,100681.031,1006.81030,-0.3012
236600,static,31.400,100679.961,1006.79962,-0.2114
236800,static,31.400,100682.047,1006.82050,-0.3858
237000,static,31.390,100678.719,1006.78717,-0.1110
237200,static,31.390,100679.344,1006.79346,-0.1585
237400,static,31.390,100681.133,1006.81134,-0.3118
237600,static,31.390,100681.719,1006.81720,-0.3593
237800,static,31.390,100679.883,1006.79883,-0.2061
238000,static,31.400,100679.070,1006.79071,-0.1374
238200,static,31.400,100679.070,1006.79071,-0.1374
238400,static,31.390,100680.297,1006.80298,-0.2431
238600,static,31.400,100678.594,1006.78595,-0.1004
238800,static,31.400,100682.172,1006.82172,-0.3963
239000,static,31.400,100681.453,1006.81451,-0.3382
239200,static,31.410,100681.953,1006.81952,-0.3805
239400,static,31.400,100678.891,1006.78888,-0.1215
239600,static,31.400,100682.281,1006.82281,-0.4069
239800,static,31.400,100681.633,1006.81635,-0.3541
240000,static,31.400,100680.320,1006.80322,-0.2431
240200,static,31.390,100679.164,1006.79163,-0.1480
240400,static,31.390,100680.953,1006.80951,-0.2959
240600,static,31.390,100680.297,1006.80298,-0.2431
240800,static,31.390,100680.594,1006.80591,-0.2642
241000,static,31.390,100678.633,1006.78632,-0.1004
241200,static,31.400,100680.859,1006.80859,-0.2854
241400,static,31.390,100682.078,1006.82080,-0.3911
241600,static,31.400,100680.078,1006.80078,-0.2220
241801,static,31.390,100678.094,1006.78094,-0.0581
242000,static,31.400,100681.633,1006.81635,-0.3541
242200,static,31.400,100682.641,1006.82642,-0.4386
242400,static,31.400,100678.891,1006.78888,-0.1215
242600,static,31.400,100682.102,1006.82104,-0.3911
242800,static,31.390,100683.094,1006.83093,-0.4756
243000,static,31.400,100681.219,1006.81219,-0.3171
243200,static,31.400,100682.344,1006.82343,-0.4122
243400,static,31.400,100679.672,1006.79669,-0.1902
243600,static,31.400,100680.859,1006.80859,-0.2854
243800,static,31.400,100680.969,1006.80969,-0.2959
244000,static,31.400,100681.391,1006.81390,-0.3329
244200,static,31.400,100680.203,1006.80200,-0.2325
244401,static,31.390,100681.719,1006.81720,-0.3593
244600,static,31.390,100679.641,1006.79639,-0.1850
244800,static,31.390,100681.719,1006.81720,-0.3593
245000,static,31.390,100682.828,1006.82831,-0.4545
245200,static,31.390,100683.750,1006.83752,-0.5285
245400,static,31.380,100681.766,1006.81763,-0.3646
245600,static,31.380,100679.563,1006.79565,-0.1797
245800,static,31.380,100680.273,1006.80273,-0.2378
246001,static,31.380,100681.523,1006.81525,-0.3435
246200,static,31.380,100677.594,1006.77594,-0.0159
246400,static,31.390,100681.938,1006.81940,-0.3805
246601,static,31.390,100680.711,1006.80713,-0.2748
246800,static,31.380,100680.984,1006.80981,-0.3012
247000,static,31.380,100681.047,1006.81049,-0.3012
247200,static,31.380,100679.859,1006.79858,-0.2061
247400,static,31.380,100681.109,1006.81110,-0.3065
247600,static,31.370,100679.172,1006.79175,-0.1480
247800,static,31.380,100681.281,1006.81281,-0.3224
248000,static,31.380,100682.711,1006.82709,-0.4439
248201,static,31.380,100683.188,1006.83185,-0.4809
248400,static,31.380,100680.688,1006.80688,-0.2748
248600,static,31.370,100679.828,1006.79828,-0.2008
248800,static,31.380,100682.414,1006.82416,-0.4175
249000,static,31.380,100678.906,1006.78906,-0.1268
249200,static,31.380,100679.859,1006.79858,-0.2061
249400,static,31.380,100683.313,1006.83313,-0.4915
249600,static,31.380,100681.641,1006.81641,-0.3541
249801,static,31.390,100682.297,1006.82300,-0.4069
250000,static,31.380,100678.703,1006.78705,-0.1057
250200,static,31.380,100679.969,1006.79968,-0.2114
250400,static,31.380,100681.219,1006.81219,-0.3171
250600,static,31.390,100681.781,1006.81781,-0.3646
250800,static,31.380,100678.906,1006.78906,-0.1268
251000,static,31.380,100680.664,1006.80664,-0.2695
251200,static,31.380,100681.344,1006.81342,-0.3276
251400,static,31.380,100682.063,1006.82062,-0.3911
251600,static,31.390,100682.680,1006.82678,-0.4386
251800,static,31.380,100682.063,1006.82062,-0.3911
252000,static,31.380,100680.844,1006.80841,-0.2854
252200,static,31.380,100677.125,1006.77124,0.0238
252400,static,31.380,100683.313,1006.83313,-0.4915
252600,static,31.380,100679.859,1006.79858,-0.2061
252800,static,31.390,100684.461,1006.84460,-0.5919
253000,static,31.390,100679.438,1006.79437,-0.1691
253200,static,31.390,100679.641,1006.79639,-0.1850
253400,static,31.390,100682.320,1006.82318,-0.4122
253601,static,31.380,100679.023,1006.79022,-0.1321
253800,static,31.380,100681.164,1006.81165,-0.3118
254000,static,31.390,100680.711,1006.80713,-0.2748
254200,static,31.380,100680.625,1006.80627,-0.2695
254400,static,31.390,100683.273,1006.83276,-0.4915
254600,static,31.390,100681.070,1006.81073,-0.3065
254800,static,31.390,100682.320,1006.82318,-0.4122
255000,static,31.390,100681.430,1006.81427,-0.3382
255200,static,31.390,100678.547,1006.78546,-0.0951
255400,static,31.390,100681.609,1006.81610,-0.3488
255600,static,31.390,100677.828,1006.77826,-0.0317
255800,static,31.390,100678.367,1006.78369,-0.0793
256000,static,31.390,100681.250,1006.81250,-0.3224
256201,static,31.380,100680.813,1006.80811,-0.2854
256400,static,31.380,100680.031,1006.80029,-0.2167
256600,static,31.390,100683.719,1006.83716,-0.5285
256800,static,31.390,100681.250,1006.81250,-0.3224
257000,static,31.390,100682.680,1006.82678,-0.4386
257200,static,31.380,100681.406,1006.81409,-0.3329
257400,static,31.390,100679.797,1006.79797,-0.2008
257600,static,31.390,100683.719,1006.83716,-0.5285
257801,static,31.380,100679.969,1006.79968,-0.2114
258000,static,31.380,100680.211,1006.80212,-0.2325
258200,static,31.370,100679.469,1006.79468,-0.1744
258400,static,31.380,100681.938,1006.81940,-0.3805
258600,static,31.370,100680.375,1006.80377,-0.2484
258800,static,31.370,100678.461,1006.78461,-0.0898
259000,static,31.380,100680.156,1006.80157,-0.2272
259200,static,31.380,100678.875,1006.78876,-0.1215
259400,static,31.370,100681.141,1006.81140,-0.3118
259600,static,31.380,100681.766,1006.81763,-0.3646
259800,static,31.380,100681.523,1006.81525,-0.3435
260001,static,31.380,100678.781,1006.78784,-0.1163
260200,static,31.380,100677.094,1006.77094,0.0264
260400,static,31.380,100679.672,1006.79669,-0.1902
260600,static,31.390,100680.688,1006.80688,-0.2748
260800,static,31.380,100677.594,1006.77594,-0.0159
261001,static,31.390,100678.633,1006.78632,-0.1004
261200,static,31.390,100681.313,1006.81311,-0.3276
261400,static,31.390,100680.180,1006.80182,-0.2325
261600,static,31.390,100680.328,1006.80328,-0.2431
261800,static,31.400,100680.680,1006.80682,-0.2748
262000,static,31.390,100681.781,1006.81781,-0.3646
262200,static,31.400,100680.320,1006.80322,-0.2431
262400,static,31.390,100678.188,1006.78186,-0.0634
262601,static,31.400,100680.320,1006.80322,-0.2431
262800,static,31.390,100677.563,1006.77563,-0.0106
263000,static,31.400,100680.141,1006.80139,-0.2272
263200,static,31.400,100678.891,1006.78888,-0.1215
263400,static,31.390,100677.500,1006.77502,-0.0053
263600,static,31.400,100681.453,1006.81451,-0.3382
263800,static,31.400,100681.859,1006.81860,-0.3699
264000,static,31.400,100680.141,1006.80139,-0.2272
264200,static,31.410,100678.563,1006.78564,-0.0951
264400,static,31.410,100682.313,1006.82312,-0.4069
264600,static,31.410,100681.469,1006.81470,-0.3382
264800,static,31.400,100681.031,1006.81030,-0.3012
265000,static,31.410,100683.078,1006.83081,-0.4756
265200,static,31.410,100679.875,1006.79877,-0.2061
265400,static,31.400,100679.016,1006.79016,-0.1321
265600,static,31.410,100681.891,1006.81891,-0.3752
265801,static,31.410,100679.570,1006.79572,-0.1797
266000,static,31.410,100681.773,1006.81775,-0.3646
266200,static,31.410,100683.531,1006.83533,-0.5126
266400,static,31.410,100683.531,1006.83533,-0.5126
266600,static,31.410,100681.359,1006.81360,-0.3276
266800,static,31.410,100681.172,1006.81171,-0.3118
267000,static,31.420,100681.977,1006.81976,-0.3805
267200,static,31.410,100685.844,1006.85846,-0.7081
267400,static,31.410,100682.070,1006.82068,-0.3911
267600,static,31.410,100682.016,1006.82013,-0.3858
267800,static,31.420,100682.391,1006.82391,-0.4175
268000,static,31.420,100681.672,1006.81671,-0.3541
268200,static,31.420,100681.859,1006.81860,-0.3699
268400,static,31.420,100682.813,1006.82813,-0.4492
268600,static,31.420,100681.320,1006.81323,-0.3276
268800,static,31.420,100680.422,1006.80420,-0.2537
269000,static,31.420,100680.250,1006.80249,-0.2378
269200,static,31.430,100679.500,1006.79498,-0.1744
269401,static,31.420,100679.977,1006.79974,-0.2167
269600,static,31.430,100680.453,1006.80450,-0.2537
269800,static,31.430,100679.320,1006.79321,-0.1585
270000,static,31.420,100682.297,1006.82300,-0.4069
270200,static,31.430,100679.859,1006.79858,-0.2061
270400,static,31.430,100679.383,1006.79382,-0.1638
270600,static,31.430,100678.664,1006.78662,-0.1057
270800,static,31.430,100678.961,1006.78961,-0.1268
271000,static,31.430,100679.680,1006.79681,-0.1902
271200,static,31.420,100678.906,1006.78906,-0.1268
271400,static,31.420,100677.273,1006.77271,0.0132
271600,static,31.420,100675.781,1006.75781,0.1374
271800,static,31.420,100679.977,1006.79974,-0.2167
272000,static,31.420,100679.234,1006.79236,-0.1533
272200,static,31.420,100680.422,1006.80420,-0.2537
272400,static,31.420,100679.531,1006.79529,-0.1744
272601,static,31.420,100682.477,1006.82477,-0.4228
272800,static,31.420,100680.422,1006.80420,-0.2537
273000,static,31.420,100681.375,1006.81372,-0.3329
273200,static,31.420,100681.938,1006.81940,-0.3805
273400,static,31.420,100679.891,1006.79889,-0.2061
273600,static,31.420,100679.531,1006.79529,-0.1744
273800,static,31.420,100683.578,1006.83575,-0.5179
274000,static,31.410,100679.516,1006.79517,-0.1744
274200,static,31.420,100678.820,1006.78821,-0.1163
274400,static,31.420,100680.547,1006.80548,-0.2589
274600,static,31.420,100678.703,1006.78705,-0.1057
274800,static,31.410,100680.766,1006.80768,-0.2801
275000,static,31.410,100679.953,1006.79956,-0.2114
275200,static,31.410,100679.094,1006.79095,-0.1374
275400,static,31.420,100680.547,1006.80548,-0.2589
275600,static,31.410,100681.469,1006.81470,-0.3382
275800,static,31.410,100680.047,1006.80048,-0.2220
276000,static,31.410,100680.313,1006.80310,-0.2431
276200,static,31.410,100676.531,1006.76532,0.0740
276400,static,31.420,100682.328,1006.82330,-0.4122
276600,static,31.410,100681.422,1006.81421,-0.3329
276800,static,31.410,100679.242,1006.79242,-0.1533
277000,static,31.400,100681.750,1006.81750,-0.3646
277200,static,31.410,100681.234,1006.81232,-0.3224
277400,static,31.410,100681.234,1006.81232,-0.3224
277600,static,31.400,100680.313,1006.80310,-0.2431
277800,static,31.410,100681.234,1006.81232,-0.3224
278000,static,31.400,100679.781,1006.79779,-0.1955
278200,static,31.400,100679.422,1006.79419,-0.1691
278400,static,31.400,100680.500,1006.80499,-0.2589
278600,static,31.410,100679.992,1006.79993,-0.2167
278800,static,31.410,100680.578,1006.80579,-0.2642
279000,static,31.410,100679.633,1006.79633,-0.1850
279200,static,31.400,100678.063,1006.78064,-0.0528
279401,static,31.420,100680.719,1006.80719,-0.2748
279600,static,31.400,100676.156,1006.76154,0.1057
279800,static,31.410,100681.656,1006.81659,-0.3541
280000,static,31.410,100681.359,1006.81360,-0.3276
280200,static,31.410,100679.594,1006.79596,-0.1797
280400,static,31.410,100681.172,1006.81171,-0.3118
280600,static,31.410,100680.406,1006.80408,-0.2484
280800,static,31.420,100681.320,1006.81323,-0.3276
281000,static,31.410,100679.750,1006.79749,-0.1955
281200,static,31.410,100682.313,1006.82312,-0.4069
281400,static,31.410,100680.406,1006.80408,-0.2484
281600,static,31.400,100682.219,1006.82220,-0.4016
281800,static,31.400,100679.063,1006.79065,-0.1374
282000,static,31.410,100680.523,1006.80524,-0.2589
282200,static,31.410,100684.688,1006.84686,-0.6077
282400,static,31.410,100681.172,1006.81171,-0.3118
282600,static,31.410,100681.359,1006.81360,-0.3276
282800,static,31.400,100679.781,1006.79779,-0.1955
283000,static,31.410,100679.633,1006.79633,-0.1850
283200,static,31.410,100681.953,1006.81952,-0.3805
283400,static,31.410,100681.656,1006.81659,-0.3541
283601,static,31.410,100679.813,1006.79810,-0.2008
283800,static,31.400,100678.359,1006.78357,-0.0793
284000,static,31.410,100681.828,1006.81830,-0.3699
284200,static,31.410,100680.844,1006.80841,-0.2854
284400,static,31.410,100683.172,1006.83173,-0.4809
284600,static,31.410,100681.172,1006.81171,-0.3118
284800,static,31.420,100682.031,1006.82031,-0.3858
285000,static,31.410,100681.203,1006.81201,-0.3171
285200,static,31.420,100680.719,1006.80719,-0.2748
285400,static,31.420,100682.453,1006.82452,-0.4228
285600,static,31.410,100682.070,1006.82068,-0.3911
285800,static,31.410,100680.578,1006.80579,-0.2642
286000,static,31.410,100677.188,1006.77185,0.0185
286200,static,31.420,100681.078,1006.81079,-0.3065
286400,static,31.410,100680.844,1006.80841,-0.2854
286600,static,31.420,100680.906,1006.80908,-0.2907
286800,static,31.410,100679.875,1006.79877,-0.2061
287000,static,31.410,100679.688,1006.79688,-0.1902
287201,static,31.420,100679.469,1006.79468,-0.1744
287400,static,31.410,100680.461,1006.80463,-0.2537
287600,static,31.410,100681.383,1006.81384,-0.3329
287801,static,31.410,100682.070,1006.82068,-0.3911
288000,static,31.410,100679.688,1006.79688,-0.1902
288200,static,31.420,100677.813,1006.77814,-0.0317
288400,static,31.410,100678.141,1006.78143,-0.0581
288600,static,31.410,100681.359,1006.81360,-0.3276
288800,static,31.420,100680.188,1006.80188,-0.2325
289000,static,31.420,100679.000,1006.78998,-0.1321
289200,static,31.430,100681.820,1006.81818,-0.3699
289400,static,31.420,100681.734,1006.81732,-0.3593
289600,static,31.420,100681.578,1006.81580,-0.3488
289800,static,31.430,100682.359,1006.82361,-0.4122
290000,static,31.430,100680.391,1006.80389,-0.2484
290200,static,31.430,100683.125,1006.83124,-0.4756
290400,static,31.420,100681.227,1006.81226,-0.3171
290600,static,31.430,100683.672,1006.83673,-0.5232
290800,static,31.430,100682.063,1006.82062,-0.3911
291000,static,31.430,100679.563,1006.79565,-0.1797
291200,static,31.430,100680.750,1006.80750,-0.2801
291401,static,31.430,100684.375,1006.84375,-0.5813
291600,static,31.430,100682.891,1006.82892,-0.4598
291800,static,31.430,100682.797,1006.82794,-0.4492
292000,static,31.430,100683.070,1006.83069,-0.4756
292200,static,31.430,100685.813,1006.85815,-0.7028
292400,static,31.430,100684.500,1006.84497,-0.5919
292600,static,31.420,100684.617,1006.84619,-0.6024
292800,static,31.420,100682.570,1006.82568,-0.4333
293000,static,31.430,100685.391,1006.85388,-0.6659
293200,static,31.420,100681.203,1006.81201,-0.3171
293400,static,31.420,100682.984,1006.82983,-0.4650
293600,static,31.420,100679.977,1006.79974,-0.2167
293800,static,31.420,100679.656,1006.79657,-0.1850
294000,static,31.420,100681.375,1006.81372,-0.3329
294200,static,31.430,100681.281,1006.81281,-0.3224
294400,static,31.430,100681.188,1006.81189,-0.3171
294600,static,31.430,100681.523,1006.81525,-0.3435
294800,static,31.420,100679.797,1006.79797,-0.2008
295000,static,31.430,100679.406,1006.79407,-0.1638
295200,static,31.430,100679.563,1006.79565,-0.1797
295400,static,31.430,100679.203,1006.79205,-0.1480
295600,static,31.440,100679.766,1006.79767,-0.1955
295800,static,31.430,100679.109,1006.79108,-0.1427
296000,static,31.430,100680.000,1006.79999,-0.2167
296200,static,31.440,100682.703,1006.82703,-0.4439
296400,static,31.440,100679.703,1006.79706,-0.1902
296600,static,31.430,100681.547,1006.81549,-0.3435
296800,static,31.430,100680.828,1006.80829,-0.2854
297000,static,31.440,100681.016,1006.81018,-0.3012
297201,static,31.430,100682.680,1006.82678,-0.4386
297400,static,31.430,100680.094,1006.80096,-0.2220
297600,static,31.440,100680.125,1006.80127,-0.2272
297800,static,31.430,100680.828,1006.80829,-0.2854
298000,static,31.430,100680.984,1006.80981,-0.3012
298200,static,31.430,100681.883,1006.81885,-0.3752
298400,static,31.430,100683.391,1006.83392,-0.5020
298600,static,31.430,100683.156,1006.83154,-0.4809
298800,static,31.430,100681.367,1006.81366,-0.3329
299000,static,31.430,100681.109,1006.81110,-0.3065
299200,static,31.430,100681.172,1006.81171,-0.3118
299400,static,31.430,100680.477,1006.80475,-0.2589
299600,static,31.430,100682.594,1006.82593,-0.4333
299800,static,31.430,100680.984,1006.80981,-0.3012
