t,roll_deg,pitch_deg,roll_acc_deg,pitch_acc_deg,gx_dps,gy_dps,temp_c
2.248,-0.17,-0.0,-0.23,-0.01,0.001,0.05,27.41
2.298,-0.07,0.01,1.47,-0.12,-0.014,0.02,27.4
2.348,-0.37,0.01,-1.26,0.18,-0.083,0.012,27.36
2.398,-0.61,0.01,-1.63,-0.03,-0.029,0.18,27.41
2.448,-0.62,0.01,-1.13,-0.04,0.039,-0.095,27.39
2.498,-0.51,0.02,4.09,0.05,0.047,0.004,27.38
2.548,-0.55,0.04,0.61,0.27,0.055,0.035,27.4
2.598,-0.58,0.03,0.51,-0.13,0.123,0.104,27.42
2.648,-0.45,0.01,1.77,-0.15,0.001,-0.003,27.4
2.698,-0.53,0.01,-0.85,-0.23,-0.014,0.065,27.4
2.748,-0.42,-0.0,-1.61,0.04,0.001,0.012,27.39
2.798,-0.48,-0.01,-2.29,0.09,-0.029,-0.049,27.42
2.848,-0.33,-0.0,0.84,-0.01,0.055,-0.019,27.4
2.898,-0.33,0.0,-2.95,0.12,0.085,-0.019,27.39
2.948,-0.14,-0.01,-1.36,0.02,0.039,-0.026,27.39
2.998,-0.24,-0.02,0.06,-0.25,0.047,0.104,27.39
3.048,-0.24,-0.02,-0.18,-0.01,0.024,0.027,27.37
3.098,-0.26,-0.01,-0.34,0.18,0.009,0.012,27.38
3.148,-0.16,0.0,3.42,0.13,-0.014,0.05,27.39
3.198,-0.03,-0.0,3.22,-0.09,0.169,-0.011,27.39
3.248,-0.07,0.01,-1.74,0.05,-0.014,-0.003,27.39
3.298,0.21,-0.01,0.72,0.21,0.016,-0.095,27.39
3.348,0.06,-0.01,2.16,0.04,-0.014,0.02,27.38
3.398,0.17,0.0,0.17,-0.1,0.093,-0.003,27.38
3.448,0.27,-0.01,0.1,0.14,0.001,0.004,27.41
3.498,0.3,-0.0,1.21,-0.04,-0.037,0.126,27.39
3.548,0.4,0.01,0.1,-0.22,0.039,-0.041,27.38
3.598,0.33,0.02,1.33,0.27,-0.029,-0.003,27.38
3.648,0.2,0.02,-0.47,-0.13,-0.075,-0.026,27.39
3.698,0.17,0.02,2.02,-0.16,0.039,-0.011,27.4
3.748,0.23,-0.0,-2.77,-0.3,-0.022,0.065,27.36
3.798,0.12,-0.0,-1.44,-0.04,0.055,-0.118,27.39
3.848,0.07,-0.01,-0.55,0.24,0.039,0.012,27.34
3.898,-0.07,-0.01,-0.52,-0.18,0.039,-0.049,27.4
3.948,-0.13,-0.01,-2.82,0.07,0.1,-0.057,27.38
3.998,-0.14,-0.02,0.83,-0.26,0.009,0.027,27.36
4.048,-0.12,-0.02,0.89,0.2,-0.006,-0.049,27.39
4.098,-0.05,-0.01,0.77,0.01,0.016,0.035,27.39
4.148,0.21,-0.0,0.73,-0.09,-0.098,0.05,27.4
4.198,0.35,-0.01,1.73,-0.09,0.055,-0.064,27.36
4.248,0.29,-0.01,3.4,-0.09,0.009,-0.011,27.41
4.298,0.37,0.0,-0.13,0.03,-0.052,-0.041,27.39
4.348,0.45,-0.01,0.85,0.13,-0.014,0.02,27.36
4.398,0.41,-0.01,2.9,0.29,0.016,0.05,27.37
4.448,0.41,0.01,2.57,0.12,-0.067,0.065,27.4
4.498,0.31,0.02,2.01,-0.26,0.047,0.065,27.37
4.548,0.27,0.02,-0.07,-0.04,0.009,-0.026,27.41
4.598,0.17,0.03,-1.23,0.35,0.024,-0.049,27.4
4.648,0.06,0.03,1.25,-0.12,0.009,0.004,27.39
4.698,-0.03,0.03,-1.85,0.15,-0.029,0.035,27.38
4.748,0.13,0.03,2.16,0.08,-0.075,0.043,27.38
4.798,0.13,0.03,-2.25,-0.08,0.039,-0.064,27.39
4.848,-0.03,0.02,-0.5,-0.01,0.001,0.073,27.37
4.898,-0.01,0.01,-2.42,-0.23,-0.014,-0.019,27.38
4.948,0.14,0.01,1.63,-0.34,-0.006,-0.034,27.39
4.998,0.05,0.01,-0.35,-0.08,0.009,0.111,27.37
5.048,0.12,0.01,1.08,-0.06,0.062,0.027,27.36
5.098,0.18,0.01,1.22,0.04,0.039,0.027,27.41
5.148,-0.05,0.01,0.37,0.16,0.07,0.073,27.38
5.198,-0.01,0.03,-2.12,0.11,-0.037,-0.034,27.37
5.248,0.05,0.01,3.19,-0.12,0.009,0.05,27.39
5.298,0.03,0.0,1.66,-0.08,0.047,0.104,27.37
5.348,0.18,0.02,0.98,0.07,0.039,-0.041,27.35
5.398,0.18,0.01,-2.4,-0.11,0.001,-0.003,27.36
5.448,0.37,0.0,1.9,-0.05,0.062,0.027,27.39
5.498,0.33,0.03,1.47,-0.22,-0.006,-0.041,27.38
5.548,0.14,0.02,0.9,0.14,0.093,0.012,27.39
5.598,0.21,0.02,-1.28,-0.14,-0.006,0.111,27.39
5.648,0.21,0.02,-1.4,-0.04,-0.029,-0.057,27.37
5.698,-0.12,0.01,-4.49,0.22,0.093,0.05,27.39
5.748,0.03,-0.0,-1.51,-0.1,-0.075,-0.034,27.39
5.798,0.03,0.01,4.9,-0.16,0.055,-0.057,27.39
5.848,0.01,0.0,-2.26,0.06,0.039,-0.08,27.39
5.898,0.18,0.02,2.84,0.14,0.024,-0.087,27.41
5.948,0.22,0.01,1.59,-0.05,-0.098,-0.087,27.4
5.998,0.08,0.01,-1.57,0.14,-0.014,0.02,27.38
6.048,0.06,0.02,-0.77,0.11,-0.029,0.119,27.39
6.098,-0.11,0.01,0.88,-0.02,0.001,0.05,27.39
6.148,-0.08,0.02,0.77,0.2,0.047,-0.064,27.38
6.198,-0.01,0.0,1.02,-0.18,-0.052,0.058,27.37
6.248,-0.14,0.0,-0.34,-0.15,0.016,-0.011,27.37
6.298,-0.17,-0.01,-1.09,-0.03,-0.029,0.02,27.4
6.348,0.05,-0.01,3.44,-0.08,0.108,0.012,27.38
6.398,0.15,-0.02,-0.01,-0.14,-0.098,-0.034,27.39
6.448,0.1,-0.02,1.8,-0.07,0.009,-0.003,27.38
6.498,0.0,-0.02,5.67,-0.06,0.001,-0.095,27.41
6.548,-0.01,-0.01,-0.35,-0.11,-0.052,-0.064,27.37
6.598,-0.15,-0.01,1.12,0.32,-0.045,0.027,27.41
6.648,-0.26,-0.04,1.55,-0.32,0.001,-0.125,27.39
6.698,-0.18,-0.04,-1.06,0.01,-0.052,-0.034,27.39
6.748,-0.23,-0.04,-0.43,-0.07,0.016,-0.003,27.39
6.798,-0.2,-0.03,1.0,0.2,-0.083,-0.003,27.37
6.848,-0.36,-0.01,1.02,-0.12,0.032,-0.118,27.38
6.898,-0.28,-0.01,-0.05,0.01,0.016,-0.003,27.39
6.948,-0.17,-0.02,-1.01,0.18,0.032,-0.034,27.39
6.998,-0.32,0.0,1.47,-0.13,-0.06,0.027,27.39
7.048,-0.49,0.01,-1.09,0.12,-0.083,0.035,27.39
7.098,-0.32,0.01,-0.23,0.31,-0.098,0.088,27.4
7.148,-0.28,0.02,-1.07,0.23,-0.052,0.027,27.39
7.198,-0.0,0.01,-3.03,0.39,0.001,0.035,27.38
7.248,-0.16,0.01,2.5,0.21,-0.014,-0.011,27.36
7.298,-0.13,0.01,-0.99,0.12,-0.006,0.02,27.36
7.348,-0.3,0.0,1.54,-0.27,-0.052,0.027,27.38
7.398,-0.34,0.0,0.95,0.4,-0.06,-0.034,27.39
7.448,-0.11,0.0,1.0,-0.04,-0.006,-0.08,27.36
7.498,-0.01,-0.01,1.16,0.1,-0.045,-0.057,27.39
7.548,-0.22,-0.01,0.58,0.02,0.009,0.081,27.37
7.598,-0.12,-0.03,-1.11,0.12,0.047,-0.011,27.39
7.648,-0.18,-0.02,1.88,0.3,0.024,-0.11,27.37
7.698,-0.19,-0.01,2.33,0.09,0.001,-0.011,27.37
7.748,-0.33,-0.0,-2.19,-0.01,0.001,-0.049,27.35
7.798,-0.32,0.0,0.12,-0.01,-0.029,-0.141,27.38
7.848,-0.25,-0.0,-0.62,0.1,0.085,-0.057,27.38
7.898,-0.15,0.01,1.25,-0.03,0.047,-0.003,27.38
7.948,-0.11,0.0,-3.62,-0.1,0.001,-0.064,27.38
7.998,0.02,0.01,4.42,0.3,-0.014,0.081,27.38
8.048,0.0,0.01,-1.57,0.34,0.001,-0.003,27.36
8.098,-0.1,0.02,-3.09,0.25,-0.022,0.012,27.38
8.148,-0.05,0.02,-0.69,0.15,0.024,-0.095,27.36
8.198,0.09,0.01,2.19,0.06,0.055,0.081,27.38
8.248,-0.11,0.01,-2.58,0.2,-0.022,0.081,27.39
8.298,0.02,0.0,1.33,0.1,-0.067,-0.08,27.38
8.348,0.09,0.02,1.47,0.3,-0.052,0.073,27.37
8.398,0.18,0.02,-0.68,0.19,-0.006,-0.019,27.37
8.448,0.19,-0.0,1.85,-0.43,0.024,-0.103,27.37
8.498,0.06,-0.0,-1.68,-0.2,0.009,0.081,27.37
8.548,0.07,-0.0,-0.32,0.11,0.001,0.073,27.37
8.598,0.03,0.01,1.71,-0.26,0.032,-0.026,27.37
8.648,-0.07,-0.0,-0.39,-0.11,0.047,0.081,27.37
8.698,-0.12,-0.01,-0.61,-0.22,0.047,0.012,27.37
8.748,-0.3,-0.01,-0.36,-0.01,0.047,-0.019,27.39
8.798,-0.2,-0.01,-1.45,0.1,0.024,-0.019,27.38
8.848,-0.27,-0.01,1.07,0.04,0.016,0.043,27.36
8.898,-0.16,-0.03,2.72,-0.09,-0.052,-0.072,27.36
8.948,-0.14,-0.04,1.11,-0.19,0.032,0.096,27.37
8.998,-0.24,-0.04,-0.94,-0.08,0.039,-0.034,27.36
9.048,-0.29,-0.04,-1.19,-0.2,-0.006,-0.148,27.36
9.098,-0.19,-0.02,5.15,-0.09,0.009,-0.041,27.39
9.148,-0.08,-0.01,-0.38,-0.07,-0.06,0.027,27.36
9.198,0.07,-0.02,2.38,-0.34,0.039,-0.049,27.37
9.248,0.23,-0.02,0.83,0.08,-0.022,-0.041,27.37
9.298,0.27,-0.03,-0.24,0.06,0.047,0.065,27.35
9.348,0.24,-0.02,1.47,-0.17,-0.029,-0.087,27.35
9.398,0.17,-0.03,1.85,0.03,0.016,-0.041,27.36
9.448,0.05,-0.01,-0.43,0.38,-0.006,0.004,27.39
9.498,-0.1,0.01,-0.44,0.07,-0.052,0.111,27.35
9.548,-0.2,0.02,0.82,-0.1,-0.052,-0.08,27.36
9.598,-0.07,0.02,0.56,0.2,0.047,-0.11,27.37
9.648,0.13,0.0,1.26,-0.16,0.001,0.02,27.36
9.698,0.23,0.02,-0.48,0.06,0.001,-0.049,27.38
9.748,0.19,0.01,-1.04,-0.13,-0.006,-0.011,27.37
9.798,0.25,0.01,4.2,-0.13,-0.052,-0.08,27.36
9.848,0.13,0.02,-0.42,0.08,-0.09,0.027,27.35
9.898,0.1,0.03,0.27,0.04,-0.098,-0.049,27.37
9.948,0.19,0.03,1.17,0.05,0.009,-0.095,27.36
9.998,0.14,0.02,-1.33,-0.13,0.055,0.02,27.37
10.048,0.16,0.01,1.1,-0.08,0.009,-0.095,27.37
10.098,0.17,0.01,1.46,0.0,0.009,-0.064,27.36
10.148,0.06,0.01,-1.11,-0.07,0.039,-0.034,27.36
10.198,0.15,0.01,0.95,0.03,0.009,-0.019,27.36
10.248,0.09,0.01,2.66,-0.28,-0.098,-0.011,27.36
10.298,0.12,0.02,-3.55,0.12,-0.022,0.035,27.38
10.348,-0.13,0.01,-1.81,0.15,0.062,0.012,27.38
10.398,-0.04,0.01,0.54,-0.29,-0.006,0.081,27.36
10.448,0.08,-0.01,2.29,-0.21,-0.06,-0.064,27.37
10.498,0.08,-0.02,0.44,0.16,0.001,-0.034,27.35
10.548,0.22,-0.03,0.55,0.24,0.039,0.058,27.37
10.598,0.28,-0.04,-0.31,0.05,-0.022,-0.041,27.39
10.648,0.09,-0.03,-1.34,0.06,0.001,-0.049,27.36
10.698,0.1,-0.02,1.57,-0.07,-0.06,0.104,27.34
10.748,-0.07,-0.01,-1.45,0.03,-0.067,0.065,27.36
10.798,-0.23,-0.0,-0.35,-0.12,0.047,-0.064,27.38
10.848,-0.26,-0.01,-2.18,-0.13,-0.006,0.012,27.37
10.898,-0.17,-0.01,-1.18,-0.0,-0.006,-0.057,27.36
10.948,-0.31,0.01,-0.04,-0.12,0.024,0.027,27.39
10.998,-0.26,0.01,1.51,-0.29,-0.052,-0.125,27.37
11.048,-0.22,-0.01,0.48,-0.18,-0.067,0.119,27.36
11.098,-0.08,-0.01,1.68,0.22,-0.083,-0.087,27.36
11.148,0.15,-0.02,1.07,-0.2,-0.029,-0.049,27.36
11.198,0.16,0.0,-0.19,-0.3,0.009,-0.072,27.37
11.248,0.07,0.0,0.6,0.15,-0.045,-0.041,27.36
11.298,0.12,0.02,-1.75,0.13,-0.014,-0.011,27.36
11.348,0.04,0.02,0.09,0.04,0.085,-0.019,27.36
11.398,-0.02,0.03,-3.04,0.34,-0.014,0.119,27.35
11.448,-0.03,0.04,2.14,-0.11,0.001,0.035,27.36
11.498,-0.11,0.05,0.34,0.31,-0.075,0.02,27.36
11.548,-0.19,0.05,-1.22,-0.02,-0.045,0.073,27.35
11.598,-0.26,0.04,-1.34,0.2,0.009,0.004,27.37
11.648,-0.19,0.05,-1.32,0.04,-0.022,0.02,27.36
11.698,-0.29,0.06,0.09,0.09,-0.029,0.004,27.36
11.748,-0.17,0.04,0.19,0.1,-0.052,-0.08,27.37
11.798,-0.09,0.03,1.43,0.1,0.07,0.035,27.39
11.848,-0.14,0.02,-0.5,0.04,-0.029,-0.034,27.35
11.898,-0.18,0.02,-0.06,-0.14,-0.052,0.043,27.36
11.948,-0.21,0.03,-0.35,0.12,-0.006,0.081,27.38
11.998,-0.24,0.02,-0.85,0.01,-0.037,0.043,27.36
12.048,-0.38,0.03,-4.99,-0.03,-0.014,-0.003,27.36
12.098,-0.4,0.03,1.05,0.01,-0.045,0.035,27.35
12.148,-0.42,0.03,3.43,-0.22,0.032,-0.011,27.34
12.198,-0.29,0.01,3.25,-0.31,-0.045,-0.011,27.35
12.248,-0.22,-0.0,-1.1,-0.13,-0.037,0.165,27.36
12.298,-0.18,-0.01,0.26,0.1,0.001,-0.057,27.36
12.348,-0.09,-0.01,0.94,-0.15,0.001,-0.057,27.33
12.398,-0.01,0.01,2.02,0.18,-0.014,0.05,27.35
12.448,0.04,0.02,-1.32,0.1,-0.022,-0.057,27.35
12.498,-0.12,0.02,-3.18,0.06,0.07,0.012,27.37
12.548,0.08,0.01,-0.64,-0.07,-0.052,0.012,27.38
12.598,0.09,0.0,1.85,-0.12,0.055,-0.011,27.35
12.648,0.1,0.02,-2.5,0.31,-0.006,0.073,27.36
12.698,0.06,0.02,0.85,0.08,-0.022,-0.072,27.37
12.748,-0.0,0.02,-0.71,-0.23,-0.052,-0.026,27.3
12.798,-0.01,0.05,-2.68,0.07,0.016,-0.095,27.35
12.848,-0.01,0.04,-0.52,0.11,0.039,0.043,27.33
12.898,0.01,0.03,-0.61,-0.1,-0.029,0.027,27.35
12.948,0.06,0.03,3.15,0.0,-0.075,0.05,27.33
12.998,0.11,0.02,0.32,0.1,0.016,-0.064,27.34
13.048,0.25,0.02,1.88,0.12,0.055,0.119,27.34
13.098,0.37,0.01,0.45,-0.1,-0.098,0.05,27.38
13.148,0.33,0.02,-0.1,0.19,0.047,0.058,27.32
13.198,0.14,-0.0,-3.98,0.09,-0.014,-0.019,27.34
13.248,0.07,0.02,-1.36,0.13,0.062,-0.064,27.34
13.298,0.21,0.02,1.35,0.04,0.123,-0.026,27.34
13.348,0.07,0.04,-0.23,-0.1,-0.083,0.004,27.35
13.398,0.29,0.03,2.27,0.06,0.009,0.004,27.34
13.448,0.22,0.03,-1.49,-0.19,-0.029,0.035,27.32
13.498,-0.01,0.05,-1.76,0.08,0.032,0.02,27.34
13.548,0.12,0.05,1.16,0.12,0.085,-0.003,27.34
13.598,0.13,0.05,0.94,-0.18,-0.022,-0.034,27.34
13.648,-0.17,0.05,-2.77,0.3,0.001,0.058,27.32
13.698,-0.1,0.04,-0.95,0.03,-0.067,0.012,27.34
13.748,-0.13,0.04,-1.76,-0.05,-0.052,-0.019,27.33
13.798,-0.15,0.02,-2.57,0.04,-0.052,0.004,27.34
13.848,-0.33,0.03,-2.52,0.1,-0.022,-0.087,27.34
13.898,-0.41,0.02,-1.62,-0.39,-0.083,0.012,27.3
13.948,-0.35,0.01,-1.84,-0.05,-0.037,-0.064,27.34
13.998,-0.19,0.01,0.12,-0.01,-0.006,-0.019,27.33
14.048,-0.26,0.02,1.01,-0.08,0.032,0.004,27.31
14.098,-0.23,0.01,-4.07,-0.12,0.07,-0.011,27.33
14.148,-0.37,-0.01,0.25,0.03,-0.098,0.02,27.33
14.198,-0.34,-0.0,3.53,-0.17,0.001,0.012,27.33
14.248,-0.18,-0.0,-4.67,0.14,0.062,-0.049,27.34
14.298,-0.33,0.0,0.7,0.07,-0.006,0.088,27.33
14.348,-0.23,-0.01,-1.06,0.2,0.055,0.02,27.32
14.398,-0.18,0.0,-0.66,0.18,-0.098,-0.095,27.33
14.448,-0.09,0.01,1.17,0.07,-0.037,-0.011,27.33
14.498,-0.23,0.0,1.03,-0.23,-0.029,-0.019,27.33
14.548,-0.18,0.0,-0.38,-0.02,0.047,0.104,27.36
14.598,-0.24,-0.01,-1.24,0.11,0.055,0.004,27.35
14.648,-0.23,0.0,0.73,0.02,-0.022,-0.064,27.35
14.698,-0.13,-0.01,-0.35,0.13,-0.014,-0.11,27.33
14.748,0.05,-0.0,1.19,0.14,-0.045,-0.011,27.34
14.798,0.06,0.01,-3.47,0.39,-0.083,0.058,27.35
14.848,0.07,0.01,0.36,0.15,0.032,0.043,27.33
14.898,0.07,0.01,-0.55,-0.31,-0.06,-0.125,27.36
14.948,-0.02,0.01,-0.12,-0.05,-0.006,-0.003,27.33
14.998,-0.04,0.02,1.35,0.25,-0.037,-0.026,27.31
15.048,0.06,0.01,3.63,-0.1,-0.022,0.027,27.32
15.098,-0.07,0.03,-2.07,0.15,-0.037,-0.011,27.34
15.148,-0.05,0.01,0.98,-0.07,0.001,0.027,27.32
15.198,0.02,-0.02,-0.87,0.12,-0.014,0.004,27.33
15.248,-0.04,-0.01,-1.74,0.17,0.047,-0.034,27.33
15.298,-0.14,0.0,3.49,-0.04,0.123,-0.064,27.34
15.348,-0.16,-0.01,0.41,-0.11,-0.075,-0.072,27.33
15.398,0.15,-0.01,4.16,0.12,0.062,0.096,27.31
15.448,0.19,-0.02,1.04,-0.08,-0.006,-0.019,27.32
15.498,0.06,-0.02,-2.48,0.3,0.032,-0.003,27.33
15.548,-0.03,0.0,2.23,0.16,0.07,-0.095,27.33
15.598,-0.03,-0.0,2.33,-0.23,0.024,0.012,27.3
15.648,-0.06,-0.0,0.36,0.15,-0.052,-0.026,27.33
15.698,-0.19,0.01,-1.33,0.07,0.039,0.096,27.33
15.748,-0.15,0.03,-1.08,0.15,-0.083,0.043,27.34
15.798,0.06,0.02,1.05,-0.19,-0.014,0.043,27.34
15.848,0.01,0.02,1.97,-0.29,-0.022,0.05,27.33
15.898,-0.13,0.02,1.65,-0.16,-0.06,-0.141,27.33
15.948,-0.19,0.02,1.4,-0.1,0.055,0.081,27.33
15.998,-0.15,-0.0,-0.1,-0.25,0.055,0.096,27.3
16.048,-0.02,-0.01,0.58,-0.18,-0.136,0.096,27.32
16.098,-0.12,-0.01,-0.11,0.21,-0.006,-0.202,27.33
16.148,-0.06,-0.0,3.45,0.39,-0.052,-0.026,27.35
16.198,-0.01,-0.0,-2.59,0.27,-0.037,0.05,27.33
16.248,-0.02,-0.02,0.84,-0.32,0.016,0.012,27.32
16.298,-0.16,-0.01,-1.88,0.14,0.032,-0.019,27.36
16.348,-0.02,-0.03,1.61,-0.26,-0.022,0.004,27.32
16.398,-0.12,-0.02,-1.57,0.16,0.047,-0.011,27.33
16.448,-0.12,0.02,-2.32,0.3,-0.022,0.043,27.33
16.498,-0.2,0.03,-1.56,0.08,0.055,0.012,27.34
16.548,-0.14,0.02,1.65,-0.24,-0.052,0.004,27.32
16.598,-0.17,0.01,-2.88,0.12,0.016,-0.003,27.32
16.648,-0.12,0.01,-1.34,-0.0,0.016,0.004,27.33
16.698,-0.06,0.0,2.22,-0.22,0.039,0.081,27.34
16.748,-0.19,-0.0,1.53,0.12,-0.022,-0.087,27.32
16.798,-0.21,0.0,0.37,-0.11,0.032,0.012,27.35
16.848,-0.24,0.0,1.51,-0.04,-0.006,-0.034,27.33
16.898,-0.15,-0.01,3.13,-0.18,0.032,0.05,27.33
16.948,-0.2,-0.03,-0.44,-0.25,0.001,-0.034,27.35
16.998,-0.09,-0.02,1.0,-0.21,0.039,0.065,27.34
17.048,-0.13,-0.03,0.65,0.01,-0.006,-0.003,27.3
17.098,0.03,-0.03,0.35,-0.37,0.009,-0.041,27.34
17.148,-0.0,-0.01,-2.42,0.25,-0.052,0.004,27.33
17.198,0.15,-0.01,-0.14,0.08,-0.014,0.004,27.33
17.248,0.21,-0.01,-0.04,-0.23,0.001,-0.003,27.33
17.298,0.13,-0.01,-0.65,0.1,-0.037,0.05,27.34
17.348,0.16,-0.02,-0.01,0.12,0.07,-0.041,27.31
17.398,0.08,-0.01,-1.93,0.29,0.009,-0.156,27.31
17.448,0.02,-0.02,0.55,-0.01,0.055,-0.034,27.33
17.498,-0.14,-0.0,-1.24,0.2,0.062,0.035,27.36
17.548,-0.1,0.0,-2.17,0.22,0.009,-0.011,27.31
17.598,-0.09,0.02,-0.33,0.38,0.108,-0.049,27.32
17.648,0.03,0.0,2.44,0.04,-0.052,-0.003,27.33
17.698,0.04,-0.0,2.06,-0.11,0.07,0.05,27.35
17.748,0.02,-0.01,-2.64,0.19,-0.014,0.05,27.33
17.798,0.11,0.0,-0.77,0.16,0.009,-0.026,27.31
17.848,0.15,0.0,1.45,0.03,0.001,-0.026,27.33
17.898,0.17,0.0,0.15,0.12,-0.06,0.035,27.33
17.948,0.11,0.03,-0.82,0.08,-0.037,-0.019,27.31
17.998,0.13,0.04,1.41,0.07,0.001,-0.049,27.33
18.048,-0.11,0.04,0.32,0.08,-0.052,0.05,27.33
18.098,-0.21,0.05,-3.16,0.02,-0.029,0.065,27.34
18.148,-0.24,0.04,-2.43,0.11,0.032,0.027,27.33
18.198,-0.23,0.04,-3.07,0.03,0.032,-0.034,27.32
18.248,-0.21,0.05,1.18,0.13,-0.037,-0.003,27.33
18.298,-0.2,0.03,-2.4,-0.15,0.07,0.027,27.32
18.348,-0.15,0.02,0.01,0.2,0.001,-0.041,27.33
18.398,-0.06,0.01,0.74,0.04,0.032,0.004,27.32
18.448,0.11,0.01,2.05,0.11,-0.029,-0.064,27.32
18.498,0.24,0.01,2.81,0.07,-0.014,0.027,27.31
18.548,0.16,-0.01,-1.85,0.12,-0.029,0.02,27.34
18.598,0.12,-0.02,1.38,-0.07,-0.06,-0.103,27.3
18.648,-0.01,-0.0,-1.69,0.06,0.024,0.035,27.35
18.698,0.1,0.0,2.19,0.1,0.055,0.035,27.33
18.748,-0.08,0.02,-0.66,0.02,-0.014,0.058,27.31
18.798,0.08,0.01,1.54,0.21,0.062,0.065,27.31
18.848,-0.03,0.01,0.85,0.13,0.024,-0.08,27.32
18.898,-0.1,0.01,-0.79,0.11,-0.075,-0.041,27.29
18.948,-0.12,-0.02,-0.07,-0.44,0.009,-0.049,27.3
18.998,-0.26,-0.01,-1.63,-0.09,0.062,0.043,27.35
19.048,-0.21,-0.03,0.31,0.09,0.024,-0.019,27.32
19.098,-0.29,-0.02,0.58,-0.05,0.07,0.004,27.32
19.148,-0.24,0.0,-0.02,0.38,-0.006,0.05,27.34
19.198,-0.37,0.02,0.51,-0.33,0.001,-0.026,27.35
19.248,-0.19,0.02,0.13,-0.19,0.055,-0.034,27.34
19.298,-0.23,0.02,-1.6,-0.05,-0.006,-0.057,27.33
19.348,-0.16,0.01,0.67,-0.26,-0.022,0.073,27.32
19.398,-0.15,0.01,-0.11,0.03,0.016,0.096,27.33
19.448,-0.04,0.01,-5.33,0.14,-0.022,-0.026,27.35
19.498,-0.11,0.02,-2.8,-0.12,0.085,0.035,27.3
19.548,-0.12,0.01,-0.39,0.13,0.032,0.035,27.33
19.598,-0.1,0.0,-0.04,-0.3,-0.022,0.065,27.32
19.648,-0.12,0.01,-2.27,0.02,-0.029,0.073,27.3
19.698,-0.3,0.02,-1.56,0.05,-0.06,-0.156,27.32
19.748,-0.18,0.01,2.69,-0.12,0.016,0.027,27.36
19.798,-0.0,0.01,2.16,-0.07,0.047,0.088,27.33
19.848,0.15,0.0,0.96,-0.32,-0.022,0.058,27.31
19.898,0.3,-0.0,4.97,-0.23,0.047,-0.08,27.33
19.948,0.24,-0.0,1.56,-0.44,0.047,-0.064,27.33
19.998,0.46,-0.01,2.1,-0.06,0.062,-0.186,27.33
20.048,0.21,-0.01,-4.03,0.19,0.108,-0.049,27.33
20.098,0.09,-0.01,-2.27,-0.21,0.009,-0.118,27.33
20.148,-0.1,-0.0,-1.09,-0.25,0.016,0.05,27.29
20.198,-0.17,-0.01,-0.06,-0.12,0.032,0.012,27.31
20.248,-0.29,-0.01,-0.89,-0.04,-0.045,-0.003,27.32
20.298,-0.38,-0.01,-0.6,-0.19,0.009,-0.041,27.32
20.348,-0.35,-0.01,-2.8,-0.19,0.062,-0.003,27.3
20.398,-0.46,-0.01,1.42,-0.03,-0.067,-0.011,27.34
20.448,-0.35,-0.0,3.11,-0.0,-0.037,-0.064,27.36
20.498,-0.14,-0.01,3.44,-0.38,-0.045,-0.003,27.3
20.548,-0.17,0.0,-1.33,0.07,0.016,0.043,27.3
20.598,-0.09,-0.01,1.41,0.07,-0.083,-0.103,27.32
20.648,-0.21,-0.01,-1.35,-0.22,0.078,0.043,27.33
20.698,-0.04,-0.02,0.47,-0.05,0.055,-0.034,27.31
20.748,-0.06,-0.01,0.55,0.1,-0.045,-0.011,27.3
20.798,0.04,-0.01,-2.33,0.05,0.078,-0.041,27.33
20.848,0.11,-0.0,0.08,-0.07,-0.006,-0.011,27.33
20.898,-0.06,-0.0,1.53,-0.03,0.016,0.004,27.34
20.948,-0.15,-0.01,-2.96,-0.14,0.016,0.05,27.32
20.998,0.03,-0.01,1.45,-0.12,0.016,-0.011,27.32
21.048,-0.06,-0.01,2.33,0.14,-0.09,0.05,27.33
21.098,-0.01,-0.0,0.76,0.02,0.001,0.035,27.33
21.148,0.06,-0.02,-2.43,-0.19,0.001,0.027,27.32
21.198,0.19,-0.04,1.4,-0.23,0.016,-0.026,27.29
21.248,0.28,-0.02,2.13,0.1,0.001,0.119,27.29
21.298,0.24,-0.03,0.69,0.09,0.062,-0.019,27.32
21.348,0.13,-0.03,2.82,-0.15,0.039,-0.125,27.29
21.398,0.11,-0.03,-0.3,0.13,-0.037,0.043,27.32
21.448,0.19,-0.02,0.28,0.3,0.047,0.035,27.32
21.498,0.15,0.01,-0.74,0.05,0.1,-0.011,27.31
21.548,-0.01,0.01,0.05,-0.07,-0.06,0.043,27.3
21.598,0.03,-0.01,2.07,-0.06,-0.067,-0.003,27.32
21.648,-0.21,-0.03,0.64,0.04,-0.037,-0.041,27.33
21.698,0.04,-0.02,1.87,-0.0,0.047,0.043,27.31
21.748,0.17,-0.04,0.1,0.12,-0.045,0.073,27.28
21.798,-0.09,-0.02,-1.3,0.24,-0.014,0.035,27.3
21.848,-0.08,-0.02,-0.92,0.1,-0.006,-0.087,27.34
21.898,-0.07,-0.01,-4.44,-0.13,0.039,-0.019,27.35
21.948,0.04,-0.02,2.16,0.03,-0.067,0.05,27.33
21.998,0.23,-0.02,0.51,0.38,-0.022,0.073,27.32
22.048,0.04,-0.0,2.85,-0.13,-0.022,0.035,27.29
22.098,0.08,-0.01,1.44,-0.01,0.032,0.043,27.3
22.148,-0.02,0.01,-2.02,0.11,0.009,0.088,27.3
22.198,0.05,0.02,-0.18,0.12,-0.006,0.096,27.31
22.248,0.07,0.02,0.09,0.14,0.032,0.081,27.3
22.298,-0.01,0.02,-1.73,0.03,0.001,-0.064,27.31
22.348,-0.02,0.03,1.56,0.26,0.1,0.004,27.31
22.398,-0.04,0.03,1.37,0.19,-0.022,-0.034,27.29
22.448,-0.07,0.02,-0.1,0.22,-0.06,0.027,27.3
22.498,-0.02,0.02,2.28,-0.06,-0.075,0.126,27.33
22.548,0.18,0.03,2.82,-0.1,-0.029,-0.026,27.33
22.598,0.12,0.04,-0.56,0.01,-0.075,-0.026,27.3
22.648,0.1,0.04,-1.13,-0.21,-0.045,0.035,27.34
22.698,0.21,0.03,-2.57,0.29,0.001,0.02,27.31
22.748,0.41,0.02,-0.61,-0.27,-0.022,-0.049,27.32
22.798,0.38,0.03,0.65,0.21,0.055,-0.003,27.33
22.848,0.14,0.02,-3.28,0.25,0.016,-0.011,27.3
22.898,0.09,0.04,1.81,0.01,-0.022,-0.08,27.31
22.948,0.04,0.03,-1.3,0.05,-0.045,-0.041,27.31
22.998,0.17,0.02,1.93,-0.09,-0.06,-0.049,27.29
23.048,0.35,-0.0,-0.98,0.04,0.085,0.004,27.31
23.098,0.16,0.0,0.85,-0.13,0.085,0.058,27.31
23.148,-0.03,0.02,-1.52,0.08,-0.037,0.073,27.31
23.198,-0.07,0.04,-0.98,0.41,0.001,-0.057,27.31
23.248,-0.13,0.04,2.58,0.47,-0.037,0.088,27.31
23.298,-0.25,0.03,2.42,-0.25,0.032,0.035,27.32
23.348,-0.12,0.03,2.3,-0.26,-0.045,0.004,27.31
23.398,-0.15,0.03,0.06,-0.13,0.039,0.004,27.31
23.448,0.0,0.03,-0.08,0.1,0.009,0.012,27.31
23.498,0.17,0.04,2.03,-0.07,0.047,-0.072,27.32
23.548,0.08,0.05,0.78,0.12,-0.067,-0.156,27.29
23.598,0.09,0.05,-1.36,-0.02,0.1,-0.148,27.31
23.648,0.24,0.04,0.89,0.18,0.032,0.012,27.33
23.698,0.21,0.01,0.32,-0.21,0.062,-0.034,27.31
23.748,0.32,0.02,1.49,0.02,-0.022,-0.011,27.3
23.798,0.12,0.02,-1.55,-0.02,0.024,0.065,27.33
23.848,0.26,0.01,1.82,-0.34,0.001,0.104,27.34
23.898,0.35,-0.0,-0.1,0.15,0.001,-0.103,27.32
23.948,0.33,-0.0,-1.79,-0.02,0.039,-0.118,27.32
23.998,0.31,-0.01,1.0,-0.12,-0.037,0.058,27.31
24.048,0.28,-0.01,-1.48,-0.17,0.055,-0.034,27.31
24.098,-0.03,-0.02,-2.96,-0.12,0.047,-0.026,27.31
24.148,0.17,-0.03,-1.61,0.03,-0.06,0.096,27.3
24.198,0.06,-0.02,-0.02,0.03,-0.045,-0.049,27.3
24.248,0.09,-0.01,1.86,-0.23,-0.014,0.088,27.31
24.298,0.04,-0.0,-4.06,0.19,0.032,0.02,27.32
24.348,-0.19,-0.01,-2.06,-0.17,0.039,-0.003,27.35
24.398,-0.15,0.01,0.26,0.06,-0.022,-0.019,27.33
24.448,-0.37,-0.0,-0.36,-0.0,0.085,0.02,27.33
24.498,-0.28,-0.0,-2.2,0.0,0.016,0.058,27.31
24.548,-0.31,0.0,-2.79,-0.01,0.016,0.058,27.31
24.598,-0.24,-0.01,1.69,-0.21,0.055,0.02,27.32
24.648,0.09,0.0,1.81,0.33,-0.014,-0.003,27.3
24.698,0.12,0.02,3.05,0.03,0.047,0.035,27.35
24.748,0.09,0.03,-0.5,0.18,0.085,-0.041,27.31
24.798,0.05,0.02,-1.31,0.11,0.039,0.088,27.32
24.848,0.09,0.01,-1.9,-0.35,-0.083,-0.049,27.29
24.898,0.02,0.03,1.37,0.05,0.055,-0.041,27.31
24.948,0.05,0.02,1.58,-0.21,-0.029,0.142,27.33
24.998,-0.1,0.02,2.53,0.18,-0.037,0.027,27.31
25.048,0.27,-0.0,6.95,-0.17,-0.083,0.004,27.3
25.098,0.36,-0.01,2.6,-0.14,-0.014,-0.064,27.3
25.148,0.14,0.0,-1.22,-0.1,0.016,-0.003,27.33
25.198,0.21,-0.0,1.97,-0.42,0.016,-0.011,27.33
25.248,0.14,-0.0,-2.49,-0.15,-0.037,0.027,27.29
25.298,0.09,0.02,1.11,0.2,-0.029,0.035,27.32
25.348,0.2,0.0,2.09,-0.17,0.009,0.073,27.32
25.398,0.24,-0.0,2.05,-0.02,0.062,0.043,27.32
25.448,0.19,0.01,-1.15,0.15,-0.014,0.096,27.3
25.498,0.29,0.01,1.11,0.03,-0.067,-0.011,27.31
25.548,0.2,0.0,1.45,0.09,0.047,-0.125,27.33
25.598,-0.03,-0.01,-2.67,-0.34,-0.006,-0.156,27.33
25.648,0.01,-0.01,3.43,0.01,0.001,0.142,27.32
25.698,0.0,-0.01,-2.91,-0.01,-0.029,0.027,27.31
25.748,0.01,-0.0,-2.62,0.01,0.009,0.065,27.3
25.798,0.04,-0.0,1.41,-0.15,-0.045,-0.026,27.32
25.848,0.05,0.01,2.36,0.23,0.016,0.02,27.3
25.898,0.04,-0.0,-0.83,0.14,0.009,0.104,27.28
25.948,-0.12,0.0,-1.07,-0.17,-0.067,0.043,27.3
25.998,-0.06,-0.0,2.75,-0.31,-0.029,0.004,27.32
26.048,-0.06,-0.01,0.13,-0.02,0.039,-0.026,27.29
26.098,-0.12,-0.02,-3.87,-0.26,0.001,0.02,27.3
26.148,-0.02,-0.01,1.71,-0.08,-0.006,0.119,27.27
26.198,-0.25,0.0,0.1,0.18,0.001,-0.125,27.3
26.248,-0.15,0.01,1.72,0.28,-0.006,-0.064,27.31
26.298,-0.22,0.02,1.55,0.11,-0.029,-0.133,27.3
26.348,-0.32,0.03,-1.05,0.15,-0.029,-0.103,27.29
26.398,-0.19,0.02,0.65,-0.04,0.093,-0.011,27.3
26.448,-0.02,-0.0,0.26,-0.06,-0.151,0.111,27.32
26.498,-0.2,0.01,-0.71,0.16,0.039,-0.087,27.3
26.548,-0.22,0.0,-0.59,-0.33,-0.014,-0.041,27.3
26.598,-0.24,-0.0,-0.37,-0.06,0.001,-0.064,27.31
26.648,-0.2,0.01,-0.61,0.32,-0.014,0.027,27.31
26.698,-0.09,0.01,-1.44,0.11,-0.006,0.004,27.31
26.748,-0.04,0.01,2.16,-0.02,-0.006,-0.057,27.3
26.798,-0.16,0.02,-2.48,0.08,0.039,0.004,27.29
26.848,-0.15,-0.0,-0.75,-0.03,0.047,-0.087,27.3
26.898,0.05,-0.01,0.38,-0.02,0.009,-0.041,27.29
26.948,-0.06,0.01,-0.85,0.25,-0.052,-0.049,27.3
26.998,-0.03,0.02,-0.87,0.26,0.055,0.043,27.31
27.048,0.07,0.01,3.52,0.05,0.001,0.081,27.29
27.098,-0.06,0.02,0.64,0.17,-0.029,0.02,27.3
27.148,-0.07,0.02,0.48,0.35,-0.029,0.004,27.3
27.198,0.08,0.01,1.7,0.07,-0.022,0.027,27.3
27.248,0.03,0.01,1.76,-0.03,-0.029,0.134,27.28
27.298,0.09,0.02,0.1,0.14,0.001,-0.087,27.29
27.348,0.06,0.02,2.29,-0.32,-0.006,-0.08,27.31
27.398,-0.08,0.02,-1.17,-0.2,0.001,0.065,27.28
27.448,-0.35,0.03,-1.75,0.3,0.016,0.004,27.3
27.498,-0.39,0.02,-0.22,0.17,0.001,0.004,27.28
27.548,-0.29,0.03,0.44,-0.1,0.024,0.126,27.29
27.598,-0.17,0.01,-0.27,0.31,0.009,0.035,27.27
27.648,-0.14,0.02,-1.14,0.09,0.039,-0.011,27.31
27.698,-0.11,0.02,0.03,0.17,0.009,-0.019,27.3
27.748,-0.08,0.02,0.54,0.04,0.024,-0.019,27.3
27.798,0.03,0.03,-0.08,-0.18,-0.022,0.058,27.3
27.848,0.18,0.01,-1.04,0.02,-0.029,-0.087,27.32
27.898,0.1,0.02,-1.59,0.07,-0.006,-0.019,27.27
27.948,0.34,0.01,1.51,-0.05,0.039,-0.164,27.31
27.998,0.49,0.01,2.21,0.02,0.07,-0.164,27.29
28.048,0.39,0.01,-0.19,-0.09,-0.014,0.088,27.32
28.098,0.34,-0.01,-2.68,-0.27,-0.06,0.081,27.3
28.148,0.17,-0.0,-3.04,0.44,0.078,-0.041,27.31
28.198,0.14,-0.0,1.48,0.07,0.032,-0.011,27.32
28.248,0.4,-0.02,2.94,-0.24,0.062,0.058,27.29
28.298,0.3,-0.02,1.91,-0.3,0.032,0.073,27.3
28.348,0.46,-0.01,2.69,-0.05,-0.022,0.043,27.29
28.398,0.35,-0.01,-0.67,0.16,0.032,0.043,27.32
28.448,0.34,-0.01,0.75,0.17,-0.045,0.027,27.33
28.498,0.28,0.0,1.06,-0.09,0.032,0.004,27.29
28.548,0.3,0.02,2.05,0.1,0.093,0.065,27.32
28.598,0.24,0.0,-1.59,-0.29,0.009,0.05,27.31
28.648,13.53,-0.03,347.98,-0.25,-0.594,0.149,27.32
28.698,27.9,-0.08,-5.53,-0.18,-1.869,0.775,27.3
28.748,22.27,-0.08,-6.75,-0.09,-2.052,0.119,27.27
28.798,18.17,-0.04,0.58,-0.08,-1.991,0.592,27.3
28.848,14.4,-0.01,2.99,0.21,-2.067,1.76,27.29
28.898,12.56,0.18,7.27,-0.02,-1.113,4.104,27.3
28.948,11.2,0.35,0.52,-0.57,-0.388,6.05,27.3
28.998,10.12,0.56,8.01,-0.53,0.032,8.424,27.28
29.048,9.74,0.76,5.6,-0.69,0.459,10.752,27.28
29.098,10.29,0.9,8.09,-1.57,1.009,11.768,27.32
29.148,11.86,1.04,30.35,-1.7,1.108,14.63,27.27
29.198,16.82,1.14,38.98,-2.29,1.223,16.287,27.32
29.248,25.53,1.25,65.64,-2.47,1.055,16.676,27.31
29.298,36.96,1.41,110.23,-2.16,0.635,18.859,27.28
29.348,51.03,1.69,116.52,-1.57,0.268,20.844,27.3
29.398,63.74,2.17,121.59,-0.52,0.391,21.203,27.33
29.448,74.61,2.73,122.22,0.31,1.276,22.997,27.32
29.498,85.33,3.46,138.65,1.41,2.116,22.035,27.32
29.548,96.02,4.19,142.71,2.65,1.329,24.691,27.3
29.598,104.96,5.11,143.37,3.95,1.36,23.355,27.31
29.648,112.83,6.05,149.06,4.99,1.1,22.142,27.33
29.698,119.32,6.99,146.33,6.6,0.803,22.89,27.3
29.748,124.65,7.94,150.42,7.36,1.085,21.981,27.31
29.798,129.29,8.95,149.43,8.81,1.085,22.027,27.31
29.848,133.11,9.92,149.05,9.46,1.482,20.844,27.31
29.898,136.31,10.87,150.87,10.75,1.444,20.76,27.29
29.948,139.08,11.91,151.85,11.98,1.276,19.653,27.3
29.998,141.54,12.86,152.07,12.52,0.749,20.134,27.32
30.048,143.56,13.86,153.79,13.97,0.742,19.355,27.3
30.098,145.22,14.81,152.36,14.56,0.49,20.073,27.29
30.148,146.38,15.78,151.43,15.43,0.902,21.256,27.29
30.198,147.53,16.85,153.23,16.5,1.299,20.974,27.32
30.248,148.59,17.95,152.89,18.5,1.322,22.203,27.3
30.298,149.39,19.09,153.52,19.21,1.139,21.981,27.29
30.348,150.07,20.31,152.1,21.17,1.276,20.249,27.29
30.398,150.68,21.4,153.13,22.16,2.009,17.806,27.3
30.448,151.42,22.38,154.6,22.71,1.337,15.508,27.3
30.498,152.08,23.21,154.35,23.74,0.452,15.31,27.29
30.548,152.36,24.01,153.56,24.08,0.62,14.546,27.31
30.598,152.7,24.78,154.08,24.95,0.505,13.768,27.31
30.648,152.87,25.47,153.31,25.26,0.726,13.523,27.3
30.698,152.99,26.15,154.18,26.26,1.673,13.401,27.31
30.748,153.21,26.84,154.71,27.29,1.329,13.897,27.32
30.798,153.45,27.59,153.88,27.57,1.154,13.806,27.28
30.848,153.49,28.3,153.35,28.65,1.803,14.081,27.3
30.898,153.64,29.02,153.91,28.68,1.971,14.18,27.3
30.948,153.73,29.79,154.13,30.12,2.307,14.791,27.29
30.998,153.83,30.53,153.64,30.72,2.581,15.294,27.32
31.048,154.07,31.5,155.19,32.06,1.558,13.699,27.3
31.098,154.25,32.27,155.68,33.28,0.497,15.386,27.29
31.148,154.26,33.18,153.1,32.85,-0.594,13.562,27.3
31.198,154.1,34.07,152.74,35.82,-0.93,11.73,27.29
31.248,153.96,34.69,153.91,34.85,-0.197,10.195,27.28
31.298,153.91,35.31,154.21,35.96,-0.38,8.203,27.3
31.348,153.81,35.71,153.24,36.07,-0.503,8.989,27.3
31.398,153.74,36.16,153.35,35.86,-0.823,8.272,27.32
31.448,153.66,36.6,153.47,37.0,-0.9,8.936,27.32
31.498,153.56,37.07,152.88,37.01,-0.747,8.149,27.3
31.548,153.47,37.57,154.01,38.86,-0.38,7.05,27.3
31.598,153.48,37.9,153.45,37.53,-1.151,7.455,27.29
31.648,153.46,38.34,153.79,38.57,-1.495,7.21,27.3
31.698,153.25,38.64,151.92,38.58,-0.984,7.92,27.31
31.748,153.11,39.08,153.01,39.13,-0.09,6.844,27.29
31.798,153.16,39.5,153.31,40.14,-0.243,6.21,27.3
31.848,153.13,39.81,153.43,39.82,-0.106,5.363,27.3
31.898,153.16,40.15,153.3,41.34,-0.205,5.119,27.3
31.948,153.18,40.39,152.82,40.46,-0.587,4.226,27.3
31.998,153.28,40.74,154.11,41.14,-1.503,2.668,27.31
32.048,153.13,40.85,152.21,41.04,-1.503,3.241,27.29
32.098,152.93,41.03,152.49,40.6,-0.19,0.752,27.28
32.148,152.96,41.07,153.0,41.17,-0.136,0.867,27.33
32.198,152.99,41.09,152.95,40.43,-0.144,-0.332,27.29
32.248,153.01,41.02,153.05,40.75,-0.113,0.279,27.31
32.298,153.01,41.05,153.15,41.17,0.032,-0.27,27.29
32.348,153.03,40.98,153.06,40.95,-0.113,0.844,27.3
32.398,153.02,41.07,152.88,41.3,0.024,-0.889,27.33
32.448,153.04,40.98,153.44,40.81,-0.235,0.478,27.3
32.498,153.02,41.04,152.85,41.04,-0.045,-0.98,27.3
32.548,153.0,40.89,153.05,40.42,-0.083,-0.064,27.28
32.598,152.98,40.91,152.83,41.12,-0.067,-0.645,27.29
32.648,152.96,40.82,153.16,40.5,-0.129,0.363,27.3
32.698,152.95,40.85,153.22,40.88,0.047,-0.278,27.31
32.748,152.95,40.8,152.83,40.57,-0.075,0.959,27.31
32.798,152.95,40.9,153.09,40.87,-0.052,0.165,27.28
32.848,152.94,40.89,152.86,41.08,-0.067,1.249,27.27
32.898,152.94,41.01,153.0,41.15,-0.022,0.043,27.3
32.948,152.94,40.98,153.25,41.04,-0.029,0.401,27.28
32.998,152.94,41.0,152.99,41.3,-0.06,0.501,27.32
33.048,152.95,41.06,152.96,41.18,-0.006,-0.515,27.33
33.098,152.93,41.01,152.92,40.74,-0.029,-0.545,27.3
33.148,152.93,41.02,152.9,41.39,-0.113,-0.141,27.28
33.198,152.9,40.92,152.87,40.13,0.016,-0.538,27.3
33.248,152.88,40.85,152.73,40.55,0.062,1.31,27.3
33.298,152.88,40.9,152.82,40.8,0.062,1.791,27.29
33.348,152.9,41.01,152.83,41.31,-0.106,2.485,27.29
33.398,152.88,41.18,152.64,41.67,-0.235,2.539,27.29
33.448,152.85,41.35,152.6,41.87,-0.014,1.462,27.3
33.498,152.84,41.45,152.94,41.5,0.055,1.287,27.3
33.548,152.85,41.52,152.98,41.5,-0.045,1.653,27.31
33.598,152.84,41.59,152.95,41.24,-0.106,1.775,27.29
33.648,152.83,41.72,152.56,41.93,-0.045,1.653,27.31
33.698,152.82,41.79,153.01,42.11,-0.029,2.126,27.3
33.748,152.79,41.91,152.46,41.85,0.1,1.142,27.3
33.798,152.8,41.97,152.75,41.94,0.024,1.913,27.29
33.848,152.77,42.05,152.52,41.76,0.078,1.615,27.29
33.898,152.79,42.13,152.62,42.58,-0.083,3.043,27.27
33.948,152.77,42.33,152.62,42.85,0.139,2.317,27.29
33.998,152.77,42.45,152.66,42.57,-0.006,2.249,27.28
34.048,152.76,42.59,152.55,42.96,0.055,2.058,27.28
34.098,152.71,42.76,152.75,43.08,0.345,0.943,27.28
34.148,152.69,42.86,152.42,43.35,0.597,0.806,27.26
34.198,152.79,42.86,153.14,42.15,0.2,0.317,27.29
34.248,152.77,42.89,152.73,43.34,0.009,1.592,27.27
34.298,152.75,42.92,152.76,42.54,0.131,0.684,27.28
34.348,152.73,42.95,152.61,43.39,0.093,1.981,27.28
34.398,152.72,43.03,152.42,43.19,0.162,1.585,27.27
34.448,152.7,43.23,152.87,43.6,0.436,-0.293,27.3
34.498,152.79,43.22,153.25,42.85,-0.06,-0.645,27.29
34.548,152.72,43.23,152.61,43.93,-0.121,-0.782,27.3
34.598,152.7,43.14,152.68,42.92,0.001,-1.118,27.29
34.648,152.67,43.03,152.65,42.9,-0.09,-0.461,27.28
34.698,152.65,42.96,152.43,42.14,0.146,-0.751,27.29
34.748,152.63,42.89,152.73,42.6,0.009,0.272,27.3
34.798,152.64,42.91,152.67,42.74,-0.06,0.638,27.29
34.848,152.62,42.98,152.31,42.93,0.162,-0.103,27.29
34.898,152.64,43.0,152.45,43.43,-0.067,0.386,27.3
34.948,152.6,43.09,152.53,43.56,0.039,-1.217,27.28
34.998,152.62,42.97,152.48,42.86,-0.029,-1.057,27.27
35.048,152.59,42.89,152.95,42.32,0.116,-1.019,27.29
35.098,152.59,42.82,152.37,42.84,-0.083,-0.125,27.3
35.148,152.56,42.77,152.63,42.24,0.116,-0.041,27.29
35.198,152.55,42.75,152.48,43.04,0.016,0.791,27.27
35.248,152.53,42.82,152.44,42.79,-0.037,0.287,27.28
35.298,152.51,42.87,152.44,42.95,0.032,-0.194,27.3
35.348,152.53,42.93,152.61,43.3,-0.067,-0.614,27.28
35.398,152.51,42.86,152.48,42.67,-0.014,-1.316,27.28
35.448,152.53,42.84,152.81,42.54,-0.106,-1.69,27.3
35.498,152.53,42.71,152.65,42.45,0.009,-1.423,27.29
35.548,152.51,42.58,152.5,41.91,-0.029,-0.874,27.26
35.598,152.51,42.49,152.85,42.43,-0.144,0.585,27.29
35.648,152.5,42.54,152.73,42.53,0.055,0.096,27.3
35.698,152.51,42.59,152.32,43.11,-0.022,-0.019,27.29
35.748,152.5,42.58,152.5,42.35,-0.022,-0.347,27.3
35.798,152.52,42.59,152.71,42.46,-0.06,-0.522,27.28
35.848,152.52,42.56,152.44,42.29,-0.067,-0.698,27.28
35.898,152.52,42.53,152.4,42.57,-0.083,-0.675,27.27
35.948,152.51,42.42,152.23,41.81,-0.06,-0.309,27.25
35.998,152.49,42.37,152.61,42.4,-0.022,0.371,27.28
36.048,152.5,42.38,152.27,42.09,-0.121,0.691,27.26
36.098,152.5,42.49,152.58,42.74,-0.006,0.355,27.27
36.148,152.48,42.54,152.62,42.68,0.131,-0.11,27.3
36.198,152.49,42.55,152.57,42.82,-0.121,-0.171,27.28
36.248,152.49,42.57,152.39,42.52,0.001,-0.858,27.29
36.298,152.48,42.52,152.56,42.43,0.047,-0.255,27.25
36.348,152.47,42.45,152.28,41.77,0.085,-0.515,27.28
36.398,152.47,42.39,152.33,42.75,-0.09,1.439,27.29
36.448,152.46,42.48,152.47,42.47,-0.029,1.058,27.27
36.498,152.45,42.54,152.17,42.93,-0.136,1.6,27.27
36.548,152.46,42.66,152.51,42.86,0.039,0.256,27.3
36.598,152.48,42.72,152.04,43.1,-0.029,0.05,27.27
36.648,152.46,42.75,152.58,43.12,-0.006,-0.431,27.26
36.698,152.46,42.78,152.53,42.75,-0.006,-1.507,27.26
36.748,152.46,42.64,152.58,42.09,-0.029,-1.545,27.28
36.798,152.46,42.53,152.41,42.11,0.085,-1.156,27.27
36.848,152.48,42.43,152.77,42.38,0.016,0.272,27.25
36.898,152.48,42.43,152.43,42.12,0.1,-0.332,27.27
36.948,152.48,42.4,152.24,42.41,-0.121,0.592,27.29
36.998,152.44,42.46,152.29,42.77,-0.006,0.34,27.28
37.048,152.42,42.46,152.61,42.2,0.009,-0.011,27.28
37.098,152.43,42.48,152.65,42.55,0.024,0.157,27.27
37.148,152.42,42.49,152.31,42.63,-0.045,0.676,27.27
37.198,152.4,42.49,152.26,42.47,-0.052,0.432,27.27
37.248,152.41,42.54,152.43,42.78,-0.052,0.638,27.27
37.298,152.38,42.55,152.44,42.49,0.116,-0.049,27.27
37.348,152.37,42.59,152.51,42.75,0.047,-0.087,27.25
37.398,152.36,42.6,152.26,42.69,0.032,0.058,27.28
37.448,152.38,42.61,152.38,42.77,-0.067,-0.339,27.28
37.498,152.37,42.57,151.96,42.87,-0.106,0.439,27.27
37.548,152.36,42.59,152.2,42.12,0.085,-0.675,27.28
37.598,152.36,42.56,152.3,42.81,-0.06,0.172,27.22
37.648,152.36,42.6,152.43,42.55,-0.022,0.21,27.26
37.698,152.36,42.57,152.62,42.5,0.016,0.34,27.26
37.748,152.37,42.62,152.32,42.67,0.062,0.119,27.28
37.798,152.37,42.59,152.69,42.74,-0.067,0.852,27.25
37.848,152.35,42.64,152.22,42.62,0.032,0.294,27.27
37.898,152.36,42.68,152.71,42.96,-0.083,0.34,27.27
37.948,152.37,42.71,152.71,42.42,0.085,-0.812,27.27
37.998,152.37,42.65,152.03,42.46,-0.006,-0.179,27.29
38.048,152.36,42.64,152.36,42.56,-0.113,0.294,27.23
38.098,152.35,42.65,152.13,42.85,-0.037,0.287,27.27
38.148,152.33,42.67,152.14,42.83,-0.037,-0.049,27.27
38.198,152.34,42.7,152.49,42.98,0.032,-0.248,27.24
38.248,152.33,42.71,152.31,42.77,-0.022,-0.797,27.26
38.298,152.34,42.63,152.01,42.15,-0.022,-0.446,27.26
38.348,152.34,42.57,152.58,42.71,-0.006,-0.461,27.27
38.398,152.33,42.57,152.37,42.44,0.032,-0.561,27.27
38.448,152.32,42.46,152.11,42.44,-0.006,0.531,27.26
38.498,152.3,42.56,152.36,42.58,0.2,-0.408,27.28
38.548,152.24,42.54,151.84,42.82,0.475,0.081,27.27
38.598,152.3,42.55,152.15,42.44,0.726,-1.186,27.26
38.648,152.37,42.47,152.75,42.32,0.177,-0.896,27.27
38.698,152.37,42.44,152.32,42.81,0.024,-0.553,27.27
38.748,152.37,42.38,152.11,41.98,-0.006,-0.79,27.27
38.798,152.35,42.35,152.22,42.09,0.016,-0.576,27.27
38.848,152.33,42.24,152.19,42.21,0.062,0.775,27.26
38.898,152.32,42.3,152.39,42.46,-0.022,0.814,27.25
38.948,152.31,42.36,152.29,42.45,0.07,1.035,27.26
38.998,152.29,42.46,152.07,42.31,-0.006,0.21,27.26
39.048,152.28,42.51,152.2,42.82,-0.06,-0.339,27.26
39.098,152.27,42.44,152.36,41.93,0.001,-0.698,27.28
39.148,152.26,42.4,152.26,41.97,0.07,-0.324,27.28
39.198,152.26,42.37,152.48,42.34,-0.067,0.523,27.27
39.248,152.26,42.41,152.11,42.33,0.009,0.485,27.26
39.298,152.26,42.47,152.44,42.92,-0.045,0.47,27.27
39.348,152.26,42.55,152.36,42.89,0.016,-0.347,27.24
39.398,152.27,42.51,152.61,42.55,-0.006,-0.767,27.27
39.448,152.27,42.43,152.71,42.09,-0.006,-0.477,27.24
39.498,152.26,42.4,152.46,42.43,-0.014,-0.438,27.25
39.548,152.27,42.32,152.45,42.16,-0.067,0.111,27.26
39.598,152.27,42.31,152.59,42.45,-0.09,0.63,27.27
39.648,152.24,42.37,152.02,42.57,-0.006,0.523,27.25
39.698,152.24,42.44,152.08,42.9,-0.052,0.249,27.27
39.748,152.21,42.43,151.96,42.1,0.085,-0.103,27.27
39.798,152.22,42.45,151.95,42.68,-0.106,-0.362,27.27
39.848,152.2,42.4,151.9,42.14,-0.06,-0.53,27.26
39.898,152.19,42.36,152.14,42.26,0.009,-0.248,27.28
39.948,152.2,42.33,151.85,42.29,0.001,-0.171,27.27
39.998,152.2,42.33,152.5,42.51,-0.052,-0.011,27.29
40.048,152.18,42.38,152.02,42.31,-0.037,-0.614,27.27
40.098,152.22,42.31,152.25,42.16,-0.106,-0.248,27.29
40.148,152.18,42.34,152.28,42.15,0.024,-0.622,27.28
40.198,152.21,42.3,152.08,42.54,-0.022,-0.011,27.26
40.248,152.2,42.33,152.21,42.6,-0.045,-0.209,27.27
40.298,152.21,42.27,152.52,41.67,-0.06,-0.53,27.28
40.348,152.19,42.25,152.04,42.03,0.039,-0.133,27.24
40.398,152.18,42.24,151.91,42.09,0.016,-0.049,27.25
40.448,152.2,42.23,152.36,42.6,-0.022,0.76,27.27
40.498,152.18,42.26,152.1,42.23,-0.098,0.814,27.27
40.548,152.17,42.29,151.96,42.46,-0.045,0.455,27.27
40.598,152.16,42.34,152.34,42.75,0.116,0.004,27.29
40.648,152.15,42.35,152.01,42.14,0.223,-0.393,27.26
40.698,152.21,42.36,152.44,42.65,0.116,-0.652,27.27
40.748,152.2,42.3,152.01,41.79,0.032,-0.629,27.25
40.798,152.2,42.33,151.79,42.84,-0.029,-0.133,27.25
40.848,152.21,42.26,152.44,41.94,-0.006,0.394,27.25
40.898,152.19,42.29,152.16,42.26,0.085,-0.08,27.28
40.948,152.19,42.3,151.98,42.39,0.039,-0.072,27.26
40.998,152.17,42.33,152.13,42.55,0.093,-0.561,27.29
41.048,152.18,42.28,152.2,42.02,0.085,-0.553,27.26
41.098,152.18,42.27,152.01,41.92,-0.022,-0.576,27.26
41.148,152.18,42.24,152.24,42.14,-0.136,-0.103,27.29
41.198,152.17,42.2,151.95,42.17,-0.029,-0.248,27.24
41.248,152.18,42.17,152.39,42.15,0.032,0.31,27.28
41.298,152.18,42.17,152.43,41.8,0.009,0.63,27.27
41.348,152.17,42.26,151.97,42.46,-0.045,0.821,27.26
41.398,152.16,42.31,152.21,42.32,-0.06,0.73,27.28
41.448,152.17,42.37,152.24,42.57,0.016,0.088,27.25
41.498,152.16,42.38,151.92,42.36,-0.014,-0.072,27.26
41.548,152.16,42.36,152.24,41.98,-0.075,-0.209,27.26
41.598,152.13,42.33,151.75,42.32,0.047,0.119,27.26
41.648,152.13,42.34,151.82,42.48,0.001,-0.034,27.25
41.698,152.14,42.32,152.22,42.45,0.016,0.279,27.27
41.748,152.15,42.34,152.03,42.22,0.009,0.134,27.25
41.798,152.13,42.38,151.92,42.61,0.047,0.058,27.26
41.848,152.15,42.41,152.13,42.52,-0.006,-0.301,27.24
41.898,152.15,42.39,152.27,42.29,-0.09,-0.469,27.27
41.948,152.12,42.33,152.0,42.07,0.055,-0.385,27.26
41.998,152.12,42.29,152.12,42.13,0.062,0.279,27.26
42.048,152.12,42.27,151.85,41.85,-0.09,0.21,27.27
42.098,152.13,42.3,152.08,42.56,-0.022,0.279,27.26
42.148,152.14,42.3,152.24,42.76,-0.045,0.798,27.25
42.198,152.13,42.37,152.04,42.27,0.032,-0.263,27.25
42.248,152.13,42.38,151.92,42.89,0.039,-0.103,27.27
42.298,152.1,42.34,152.25,42.27,-0.129,-0.194,27.26
42.348,152.11,42.36,152.1,42.49,-0.075,-0.507,27.27
42.398,152.1,42.28,151.52,41.75,-0.045,-0.362,27.25
42.448,152.09,42.24,151.92,42.18,0.146,0.348,27.27
42.498,152.1,42.26,152.08,42.19,0.032,0.814,27.26
42.548,152.09,42.34,151.96,42.41,-0.083,1.02,27.23
42.598,152.08,42.44,152.16,43.1,-0.006,0.668,27.27
42.648,152.08,42.53,152.06,42.48,-0.045,-0.385,27.27
42.698,152.1,42.46,152.12,42.3,0.009,0.012,27.26
42.748,152.09,42.46,152.0,42.42,0.009,-0.27,27.27
42.798,152.11,42.44,152.19,42.26,-0.098,0.272,27.25
42.848,152.1,42.46,152.03,42.59,0.062,0.363,27.24
42.898,152.12,42.46,152.06,42.04,0.001,0.241,27.28
42.948,152.13,42.51,152.43,43.02,-0.037,-0.164,27.26
42.998,152.1,42.51,151.95,42.8,-0.029,-0.148,27.29
43.048,152.1,42.49,152.38,42.38,0.032,-0.469,27.25
43.098,152.09,42.48,152.01,42.8,0.047,-0.164,27.27
43.148,152.1,42.45,152.02,42.2,-0.06,0.401,27.27
43.198,152.08,42.46,152.08,42.55,0.001,0.264,27.25
43.248,152.08,42.47,151.73,42.6,-0.113,0.165,27.26
43.298,152.08,42.43,152.6,41.89,-0.045,0.577,27.26
43.348,152.06,42.51,152.24,42.76,0.001,0.104,27.27
43.398,152.05,42.54,152.11,42.94,-0.029,-0.103,27.27
43.448,152.05,42.5,152.33,42.34,0.016,0.043,27.26
43.498,152.06,42.48,151.95,42.38,-0.06,0.126,27.26
43.548,152.05,42.47,151.97,42.57,-0.014,0.05,27.27
43.598,152.06,42.48,151.92,42.3,0.093,-0.24,27.27
43.648,152.06,42.44,151.85,42.34,-0.083,0.501,27.26
43.698,152.06,42.45,152.12,42.07,0.009,0.18,27.27
43.748,152.06,42.48,151.89,42.77,-0.075,0.325,27.26
43.798,152.07,42.52,151.84,42.7,0.131,-0.156,27.27
43.848,152.05,42.51,152.12,42.71,-0.045,-0.27,27.27
43.898,152.05,42.54,152.08,42.89,-0.006,-0.186,27.28
43.948,152.02,42.53,152.07,42.47,0.039,-0.904,27.27
43.998,152.02,42.47,151.97,42.12,0.009,-0.576,27.29
44.048,152.04,42.43,152.31,42.2,-0.029,-0.332,27.24
44.098,152.05,42.4,152.15,42.38,0.024,-0.019,27.27
44.148,152.05,42.39,152.1,42.17,0.085,-0.614,27.28
44.198,152.02,42.38,151.76,42.33,0.024,-0.324,27.29
44.248,152.03,42.38,152.18,42.34,-0.052,0.134,27.29
44.298,152.01,42.37,152.16,42.38,0.047,-0.148,27.25
44.348,152.03,42.34,151.96,42.36,0.001,0.02,27.27
44.398,152.03,42.33,152.07,42.42,-0.029,0.432,27.28
44.448,152.01,42.37,151.9,42.32,-0.022,0.462,27.25
44.498,151.99,42.4,151.98,42.34,0.009,0.363,27.25
44.548,151.99,42.44,151.92,42.58,0.032,-0.087,27.26
44.598,151.97,42.44,151.88,42.65,-0.098,0.065,27.27
44.648,151.97,42.43,151.93,42.29,0.032,0.065,27.28
44.698,151.98,42.43,152.36,42.77,-0.014,0.142,27.29
44.748,151.98,42.42,151.91,42.56,-0.106,0.043,27.27
44.798,151.98,42.44,152.09,42.47,-0.136,-0.103,27.25
44.848,151.99,42.43,152.03,42.5,-0.121,-0.324,27.27
44.898,152.0,42.4,152.32,41.99,0.009,-0.263,27.26
44.948,152.02,42.37,152.33,42.1,-0.06,0.157,27.27
44.998,152.01,42.37,152.16,42.11,-0.09,0.302,27.26
45.048,152.02,42.42,151.77,42.65,-0.067,0.485,27.25
45.098,152.01,42.45,152.13,42.58,-0.045,0.172,27.26
45.148,151.99,42.47,151.67,42.57,-0.121,-0.019,27.27
45.198,152.01,42.49,151.96,42.5,0.093,-0.522,27.27
45.248,152.01,42.43,151.85,42.13,0.024,-0.095,27.25
45.298,152.02,42.41,151.97,41.87,0.032,-0.041,27.27
45.348,152.02,42.37,152.04,42.48,-0.06,0.554,27.28
45.398,152.02,42.41,152.13,42.35,0.024,0.157,27.25
45.448,152.01,42.46,151.8,42.64,0.085,-0.332,27.26
45.498,152.01,42.44,151.67,42.19,0.154,-0.645,27.26
45.548,152.01,42.42,152.01,42.67,0.055,-0.347,27.26
45.598,151.98,42.36,151.62,42.21,0.245,-0.11,27.24
45.648,151.98,42.34,151.88,41.81,0.139,-0.064,27.28
45.698,152.01,42.33,152.3,42.26,0.078,-0.133,27.28
45.748,152.0,42.36,151.83,42.66,0.085,0.119,27.26
45.798,152.0,42.39,151.87,42.62,0.162,-0.728,27.26
45.848,152.0,42.33,151.98,42.03,0.039,-0.561,27.27
45.898,152.01,42.33,152.34,42.44,0.039,-0.805,27.27
45.948,151.98,42.28,151.96,42.47,-0.067,-0.316,27.25
45.998,152.0,42.23,152.47,41.96,0.009,0.508,27.27
46.048,152.01,42.3,152.24,42.24,-0.098,0.241,27.27
46.098,151.99,42.26,152.18,41.58,0.047,0.844,27.26
46.148,152.01,42.35,151.82,42.5,-0.06,0.417,27.27
46.198,152.0,42.36,152.12,42.36,0.07,0.424,27.27
46.248,151.98,42.39,151.52,41.95,0.024,-0.27,27.26
46.298,152.01,42.37,151.86,42.38,0.055,-0.064,27.27
46.348,152.01,42.35,152.02,41.77,0.009,0.478,27.24
46.398,152.0,42.38,151.87,42.39,0.009,1.142,27.27
46.448,151.99,42.47,151.5,42.83,-0.159,1.058,27.26
46.498,151.99,42.56,152.02,43.07,-0.159,0.791,27.26
46.548,151.97,42.64,152.04,43.17,0.108,-0.812,27.27
46.598,151.98,42.63,152.02,43.1,-0.083,-1.637,27.24
46.648,151.97,42.5,152.07,42.09,-0.037,-1.408,27.26
46.698,151.93,42.42,151.43,42.68,0.093,-1.66,27.28
46.748,151.89,42.28,151.6,41.87,0.329,-2.171,27.26
46.798,151.9,42.19,152.43,42.37,0.635,-2.568,27.26
46.848,151.98,41.97,152.52,41.33,0.177,-1.24,27.27
46.898,151.98,41.89,151.78,41.5,0.024,-1.324,27.27
46.948,151.97,41.77,152.47,41.63,0.1,0.875,27.25
46.998,151.96,41.8,151.94,41.61,0.047,1.63,27.24
47.048,151.94,41.88,152.02,41.94,0.047,2.134,27.24
47.098,151.93,42.02,151.95,42.33,-0.014,2.05,27.26
47.148,151.95,42.18,152.15,42.62,-0.022,1.928,27.24
47.198,151.94,42.37,151.89,42.87,0.032,-0.034,27.24
47.248,151.96,42.35,152.02,42.61,-0.205,-0.011,27.28
47.298,151.93,42.34,152.04,41.96,0.039,-1.057,27.26
47.348,151.93,42.3,151.82,42.24,-0.06,-1.133,27.25
47.398,151.94,42.23,152.02,41.83,0.055,-1.194,27.25
47.448,151.92,42.15,151.58,42.04,0.07,-0.942,27.28
47.498,151.93,42.05,151.84,41.66,-0.029,-0.553,27.25
47.548,151.92,42.03,151.72,42.3,-0.022,-0.507,27.26
47.598,151.94,41.99,152.27,42.13,0.001,-0.08,27.27
47.648,151.92,42.0,151.45,42.2,0.062,-0.66,27.26
47.698,151.94,41.96,152.31,42.2,0.001,-0.507,27.26
47.748,151.92,41.9,151.94,41.47,-0.045,0.119,27.25
47.798,151.92,41.91,151.8,42.0,0.001,0.325,27.27
47.848,151.92,41.95,152.1,42.48,0.039,0.157,27.26
47.898,151.92,41.98,152.07,42.14,0.024,-0.622,27.27
47.948,151.93,41.93,151.88,41.6,-0.006,-0.4,27.26
47.998,151.91,41.93,151.67,42.03,0.1,-0.66,27.27
48.048,151.92,41.88,151.77,41.77,0.016,-0.446,27.25
48.098,151.91,41.84,151.72,41.57,0.039,-0.309,27.26
48.148,151.91,41.82,151.64,41.49,0.078,-0.454,27.26
48.198,151.89,41.81,151.69,42.26,-0.083,0.233,27.26
48.248,151.9,41.83,152.07,41.74,0.024,-0.362,27.27
48.298,151.89,41.82,151.54,42.24,-0.083,-0.141,27.24
48.348,151.89,41.82,151.8,41.85,0.001,-0.484,27.26
48.398,151.88,41.8,151.76,41.79,0.085,-0.889,27.26
48.448,151.88,41.73,151.88,41.51,0.024,-0.507,27.27
48.498,151.89,41.71,152.11,41.56,-0.045,-0.728,27.25
48.548,151.89,41.65,151.96,41.58,0.024,-0.408,27.27
48.598,151.9,41.62,151.99,41.43,0.009,-0.186,27.25
48.648,151.87,41.59,151.75,41.62,-0.037,0.409,27.26
48.698,151.87,41.65,151.81,41.9,-0.006,0.02,27.27
48.748,151.88,41.66,151.56,41.75,-0.045,-0.538,27.28
48.798,151.88,41.64,151.96,41.68,-0.014,-0.835,27.25
48.848,151.87,41.6,151.68,41.42,0.001,-0.957,27.27
48.898,151.86,41.53,151.49,41.68,-0.098,-0.24,27.26
48.948,151.85,41.55,151.75,42.09,0.032,-0.667,27.26
48.998,151.85,41.5,151.71,41.28,-0.006,-0.881,27.25
49.048,151.85,41.41,151.81,41.23,0.016,-0.11,27.28
49.098,151.85,41.37,151.59,40.88,0.055,0.348,27.27
49.148,151.88,41.43,151.85,41.78,-0.06,0.333,27.24
49.198,151.88,41.45,151.88,40.97,0.032,0.432,27.25
49.248,151.88,41.47,152.11,41.65,0.009,0.096,27.24
49.298,151.89,41.46,152.06,41.34,-0.106,0.165,27.23
49.348,151.9,41.5,151.96,41.49,-0.045,-0.171,27.21
49.398,151.89,41.47,151.65,41.4,0.085,0.05,27.27
49.448,151.89,41.46,151.84,41.46,-0.106,0.447,27.25
49.498,151.88,41.47,151.63,41.4,0.062,0.333,27.24
49.548,151.86,41.49,151.96,41.47,0.154,0.249,27.25
49.598,151.81,41.52,151.29,41.79,0.429,-0.034,27.25
49.648,151.77,41.55,151.77,42.0,0.986,-1.003,27.26
49.698,151.87,41.52,151.99,41.17,0.826,-1.637,27.24
49.748,151.97,41.37,152.45,41.33,0.238,-0.293,27.27
49.798,151.99,41.33,151.8,41.26,0.001,-0.019,27.27
49.848,151.97,41.32,151.61,41.39,-0.022,0.989,27.25
49.898,151.93,41.43,151.81,41.26,0.085,0.302,27.23
49.948,151.93,41.48,152.13,42.0,0.032,0.607,27.25
49.998,151.92,41.5,152.04,41.29,0.024,0.21,27.25
50.048,151.92,41.52,151.98,41.74,0.078,0.432,27.22
50.098,151.9,41.53,151.99,41.39,0.032,0.126,27.24
50.148,151.88,41.53,151.77,41.61,0.024,0.585,27.24
50.198,151.85,41.57,151.59,41.44,-0.022,0.539,27.24
50.248,151.85,41.62,151.81,41.91,-0.06,0.409,27.24
50.298,151.85,41.66,151.58,41.82,-0.029,-0.545,27.25
50.348,151.85,41.61,151.67,41.65,-0.022,-0.484,27.25
50.398,151.85,41.6,152.02,41.62,-0.052,-0.507,27.24
50.448,151.88,41.57,151.55,41.06,0.001,-0.79,27.24
50.498,151.88,41.53,151.65,41.61,-0.113,-0.248,27.27
50.548,151.85,41.53,151.93,41.55,-0.006,-0.477,27.24
50.598,151.88,41.48,152.0,41.58,-0.014,0.18,27.27
50.648,151.86,41.5,151.86,41.26,0.032,-0.332,27.26
50.698,151.88,41.5,151.72,41.38,0.062,-0.278,27.24
50.748,151.88,41.48,152.12,41.49,0.039,-0.186,27.21
50.798,151.85,41.44,151.88,41.3,-0.014,0.165,27.26
50.848,151.85,41.44,151.75,41.51,-0.022,0.104,27.25
50.898,151.83,41.42,151.79,41.2,-0.006,0.439,27.23
50.948,151.83,41.45,151.69,41.7,0.024,0.417,27.26
50.998,151.85,41.48,151.83,41.1,0.032,0.31,27.25
51.048,151.83,41.5,152.07,41.3,0.016,0.012,27.24
51.098,151.8,41.48,151.78,41.41,-0.075,0.226,27.26
51.148,151.81,41.49,152.01,41.46,-0.045,0.401,27.26
51.198,151.81,41.52,151.62,41.83,0.039,0.798,27.24
51.248,151.83,41.59,151.98,41.83,-0.06,-0.041,27.26
51.298,151.83,41.6,151.78,41.99,0.062,-0.08,27.28
51.348,151.84,41.6,152.12,41.52,0.009,-0.492,27.24
51.398,151.84,41.58,152.21,41.63,0.07,-0.645,27.26
51.448,151.84,41.57,151.7,41.86,-0.098,-0.645,27.25
51.498,151.8,41.5,151.93,41.06,0.001,-0.942,27.25
51.548,151.82,41.48,151.6,41.77,-0.029,-1.087,27.25
51.598,151.82,41.4,151.53,41.22,-0.06,-0.957,27.25
51.648,151.81,41.34,151.97,41.06,0.009,-1.034,27.27
51.698,151.81,41.26,151.6,41.03,-0.136,-0.522,27.27
51.748,151.8,41.29,151.57,41.32,0.001,-1.561,27.24
51.798,151.79,41.26,151.67,41.56,-0.113,-2.515,27.26
51.848,151.78,41.14,151.52,40.68,0.001,-3.904,27.26
51.898,151.79,40.78,151.57,39.8,0.108,-2.217,27.25
51.948,151.81,40.48,152.12,39.22,-0.014,0.913,27.28
51.998,151.79,40.46,152.0,40.1,-0.029,3.111,27.25
52.048,151.79,40.63,151.86,40.68,-0.022,4.249,27.27
52.098,151.81,40.92,151.47,41.22,-0.159,4.424,27.26
52.148,151.78,41.29,151.47,42.23,0.139,3.065,27.27
52.198,151.79,41.52,151.78,42.31,-0.067,1.966,27.24
52.248,151.78,41.72,151.41,42.09,0.055,0.172,27.23
52.298,151.81,41.77,151.94,42.18,0.009,-0.606,27.23
52.348,151.79,41.75,151.45,41.45,-0.129,-2.171,27.25
52.398,151.8,41.71,151.59,42.88,-0.06,-3.209,27.23
52.448,151.79,41.54,151.92,41.77,-0.136,-4.522,27.25
52.498,151.8,41.39,151.79,42.15,-0.197,-7.286,27.25
52.548,151.77,41.13,151.65,42.27,-0.266,-10.232,27.25
52.598,151.78,40.71,152.29,41.63,-0.426,-14.522,27.24
52.648,151.75,40.11,151.39,41.33,-0.464,-19.843,27.24
52.698,151.72,39.01,151.92,38.71,-0.846,-23.965,27.26
52.748,152.1,37.53,158.13,30.94,-0.373,-27.125,27.23
52.798,151.88,36.02,151.9,33.61,-1.709,-28.942,27.25
52.848,151.77,34.13,151.24,32.31,-1.35,-30.721,27.24
52.898,151.55,32.13,151.51,29.92,-1.159,-31.27,27.24
52.948,151.57,30.3,153.57,29.89,-1.8,-31.019,27.23
52.998,151.37,28.6,150.82,27.51,-1.716,-36.003,27.22
53.048,151.04,26.56,148.35,26.04,-2.06,-34.454,27.21
53.098,150.71,24.41,150.74,22.35,-1.434,-34.186,27.23
53.148,150.45,22.36,150.71,20.89,-1.243,-35.225,27.26
53.198,150.24,20.38,148.73,19.49,-1.846,-31.248,27.24
53.248,149.84,18.58,148.78,17.02,-1.067,-32.858,27.26
53.298,149.47,16.88,147.73,17.18,-1.38,-32.041,27.26
53.348,149.05,15.11,146.51,14.31,-0.854,-34.553,27.21
53.398,148.64,13.29,149.7,13.26,-0.587,-35.706,27.23
53.448,148.08,11.26,145.08,10.04,-0.701,-31.675,27.23
53.498,147.77,9.55,146.35,8.73,-0.571,-33.24,27.24
53.548,147.25,7.82,149.59,5.31,-1.403,-28.278,27.23
53.598,146.02,6.34,136.35,6.28,-1.136,-25.209,27.24
53.648,143.81,5.15,133.77,5.05,0.406,-24.82,27.25
53.698,142.14,3.92,126.96,4.64,0.093,-25.217,27.27
53.748,139.24,2.78,140.67,2.79,0.673,-29.965,27.24
53.798,135.56,1.4,110.53,2.04,-0.075,-28.255,27.23
53.848,132.37,0.26,107.27,0.23,-1.678,-20.553,27.24
53.898,127.62,-0.46,109.86,-0.11,-3.403,-13.79,27.23
53.948,122.2,-0.75,86.22,1.48,-4.579,-9.721,27.27
53.998,116.49,-0.79,108.53,0.25,-3.426,-12.324,27.26
54.048,111.16,-1.17,73.66,1.56,-2.884,-21.896,27.24
54.098,103.4,-1.79,66.43,0.8,-8.808,-20.797,27.24
54.148,94.61,-2.29,48.67,0.9,-12.06,-19.324,27.24
54.198,85.03,-1.57,44.7,6.3,-11.594,-9.041,27.23
54.248,78.6,-0.47,50.57,6.11,-9.518,-4.385,27.24
54.298,72.96,1.03,51.82,9.24,-5.823,-3.522,27.24
54.348,67.87,2.06,38.58,6.05,-0.991,1.21,27.22
54.398,63.38,3.22,40.55,10.13,6.627,-1.003,27.22
54.448,61.62,3.65,42.2,5.35,7.513,-6.736,27.22
54.498,58.73,3.79,52.17,5.98,6.2,-8.843,27.24
54.548,57.31,3.95,47.66,4.38,4.719,-4.576,27.25
54.598,56.69,4.22,50.9,6.34,1.169,-1.095,27.23
54.648,55.17,4.22,45.13,4.82,0.36,-3.622,27.22
54.698,53.05,3.92,45.8,3.15,0.085,-4.935,27.23
54.748,50.42,3.51,35.57,3.04,0.734,-5.576,27.23
54.798,57.71,3.69,43.37,5.15,-1.136,5.928,27.25
54.848,52.38,3.68,18.24,1.75,0.192,-4.797,27.21
54.898,46.54,3.37,19.74,0.04,-0.144,2.478,27.25
54.948,41.02,3.02,18.83,1.34,0.093,1.18,27.24
54.998,35.52,2.61,14.9,0.43,0.757,1.546,27.23
55.048,30.95,2.37,10.6,1.73,-0.602,0.691,27.24
55.098,31.66,2.03,0.03,0.25,-0.167,0.806,27.24
55.148,25.6,1.68,0.57,-0.19,0.07,0.027,27.23
55.198,20.4,1.37,-1.42,0.04,-0.159,0.195,27.23
55.248,16.08,1.1,-4.78,-0.43,-0.213,0.043,27.24
55.298,42.55,0.83,3.64,0.68,-0.365,-1.606,27.24
55.348,35.1,0.66,-2.2,0.17,-1.77,-2.706,27.2
55.398,31.52,0.69,30.07,1.86,-2.396,-0.438,27.22
55.448,30.28,0.9,29.55,2.42,-1.533,-1.385,27.25
55.498,30.08,1.24,28.81,2.95,-0.739,-1.087,27.24
55.548,30.24,1.62,31.9,3.73,-0.327,-0.148,27.24
55.598,30.2,1.88,30.45,2.95,-0.556,1.272,27.21
55.648,35.55,2.05,29.18,3.83,-2.106,4.378,27.27
55.698,33.41,2.26,10.1,1.47,1.612,1.111,27.23
55.748,71.37,1.99,267.56,1.19,2.261,-5.477,27.23
55.798,77.39,1.77,7.9,0.56,-0.426,0.905,27.24
55.848,70.01,1.62,256.11,4.18,1.467,-3.835,27.23
55.898,84.08,1.41,343.39,-0.05,0.1,-1.011,27.25
55.948,82.1,1.18,0.98,0.44,-0.457,1.6,27.23
55.998,66.87,0.98,0.59,0.36,-0.075,0.417,27.23
56.048,54.48,0.79,0.71,0.03,0.093,-0.27,27.22
56.098,44.05,0.63,0.29,0.26,-0.121,0.226,27.25
56.148,65.92,0.39,304.56,-1.96,-2.037,-0.202,27.22
56.198,59.74,0.32,-8.62,-1.35,-2.869,-0.706,27.21
56.248,60.55,0.32,3.39,1.99,-2.51,-0.393,27.2
56.298,49.27,0.45,-1.71,-0.02,-0.045,0.272,27.24
56.348,39.97,0.37,-0.83,0.17,0.047,0.585,27.24
56.398,34.26,0.49,6.6,1.51,2.177,-0.293,27.22
56.448,28.51,0.59,-9.44,0.93,4.352,-0.37,27.21
56.498,40.75,0.57,1.23,-0.31,2.391,0.325,27.21
56.548,72.16,0.3,345.34,-1.07,1.047,0.531,27.22
56.598,95.53,0.06,0.17,-0.17,0.024,-0.103,27.22
56.648,78.05,0.06,2.33,-0.23,0.108,0.012,27.21
56.698,63.63,0.08,-2.12,0.03,0.093,0.035,27.22
56.748,52.1,0.07,0.46,0.18,0.131,-0.103,27.21
56.798,42.57,0.07,0.0,0.19,0.039,0.065,27.23
56.848,41.45,0.07,0.1,0.04,-0.197,0.989,27.2
56.898,34.05,0.06,2.75,-0.08,0.055,-0.011,27.2
56.948,27.55,0.05,-2.01,-0.02,0.146,-0.332,27.23
56.998,22.53,0.04,-3.09,0.02,0.162,-0.561,27.22
57.048,18.16,0.04,1.66,0.08,-0.121,0.241,27.21
57.098,14.66,0.05,-0.69,0.12,-0.022,0.371,27.2
57.148,11.9,0.02,-3.55,-0.1,-0.037,0.142,27.22
57.198,9.69,0.02,-2.49,0.18,0.062,-0.263,27.22
57.248,7.86,0.01,-0.49,-0.1,0.062,-0.377,27.21
57.298,6.27,0.01,2.97,-0.15,0.07,0.012,27.21
57.348,5.06,0.01,2.49,0.08,-0.006,0.218,27.21
57.398,3.9,0.01,0.3,-0.06,0.078,0.188,27.23
57.448,3.03,0.01,-1.14,0.27,-0.014,-0.11,27.19
57.498,2.31,0.01,1.55,-0.13,0.085,-0.148,27.2
57.548,1.91,-0.0,-0.12,0.06,0.016,-0.125,27.19
57.598,1.24,0.01,1.24,0.07,0.009,0.058,27.18
57.648,0.8,0.02,-4.26,0.3,0.016,0.195,27.21
57.698,0.63,0.03,-0.94,-0.17,0.016,0.043,27.21
57.748,0.43,0.01,0.93,0.03,0.001,-0.125,27.22
57.798,0.14,0.02,-3.43,0.0,-0.014,-0.049,27.21
57.848,0.23,0.02,-0.53,-0.0,-0.029,0.004,27.21
57.898,0.03,0.02,-1.85,0.07,-0.052,0.05,27.21
57.948,-0.15,0.01,0.89,0.34,0.009,0.027,27.25
57.998,-0.26,0.02,-0.89,0.26,-0.045,-0.019,27.22
58.048,-0.49,0.02,-1.84,0.03,0.016,-0.003,27.21
58.098,-0.75,0.03,-3.08,0.21,-0.029,0.035,27.21
58.148,-0.69,0.01,-5.63,0.0,0.009,0.05,27.22
58.198,-0.86,0.01,-1.59,0.1,-0.106,0.104,27.23
58.248,-0.9,-0.0,0.09,0.03,0.039,0.035,27.19
58.298,-0.94,0.0,-0.23,0.32,0.055,-0.034,27.22
58.348,-1.06,-0.01,-1.62,-0.31,-0.022,-0.049,27.23
58.398,-0.99,0.0,1.63,0.06,0.001,0.088,27.21
58.448,-1.05,0.01,-4.43,0.17,0.016,0.104,27.2
58.498,-1.07,0.01,-1.19,0.03,0.016,0.004,27.2
58.548,-0.95,-0.0,-3.56,-0.17,0.001,-0.11,27.19
58.598,-1.13,0.02,-0.8,0.08,0.039,-0.003,27.19
58.648,-0.89,0.0,-0.51,-0.18,0.07,0.058,27.21
58.698,-0.85,-0.01,-0.73,0.12,-0.052,0.104,27.2
58.748,-0.9,0.0,2.45,-0.07,-0.029,0.058,27.21
58.798,-1.16,0.01,-2.56,0.12,0.047,-0.057,27.2
58.848,-1.08,0.02,0.67,0.06,0.078,-0.057,27.21
58.898,-1.12,0.01,0.89,0.18,0.009,0.043,27.19
58.948,-1.03,0.0,-2.0,0.16,0.024,0.065,27.19
58.998,-0.95,-0.0,-0.29,0.03,0.024,0.05,27.2
59.048,-0.96,-0.01,1.51,-0.24,0.009,-0.026,27.2
59.098,-0.78,-0.01,-4.44,0.13,0.078,-0.049,27.19
59.148,-0.88,0.01,-0.39,-0.03,0.016,-0.026,27.19
59.198,-0.96,-0.0,-2.2,0.16,-0.06,-0.041,27.19
59.248,-0.94,0.01,-2.51,0.1,-0.029,-0.011,27.2
59.298,-0.92,0.02,-0.32,0.22,-0.037,0.043,27.19
59.348,-1.11,0.04,-0.21,0.36,-0.037,-0.011,27.19
59.398,-1.08,0.04,-0.99,0.2,0.001,-0.011,27.19
59.448,-1.08,0.03,-1.4,-0.19,0.078,-0.003,27.19
59.498,-0.98,0.03,0.55,-0.21,0.009,-0.064,27.17
59.548,-0.97,0.03,0.66,0.18,-0.014,0.126,27.19
59.598,-0.8,0.04,-0.18,0.04,-0.006,-0.049,27.2
59.648,-0.77,0.03,1.48,0.08,0.001,-0.08,27.21
59.698,-0.75,0.02,-2.95,0.19,0.085,-0.049,27.2
59.748,-0.8,0.02,-2.62,0.01,0.024,-0.095,27.2
59.798,-1.07,0.04,-4.23,0.21,-0.037,-0.041,27.19
59.848,-1.06,0.04,-3.1,-0.04,-0.014,0.058,27.17
59.898,-1.02,0.02,-3.13,-0.1,0.07,0.012,27.17
59.948,-0.93,0.01,-2.36,0.21,0.009,0.05,27.18
59.998,-1.19,-0.0,-4.0,-0.07,0.1,-0.103,27.16
60.048,-1.2,0.02,2.56,-0.05,-0.045,-0.049,27.17
60.098,-0.96,0.02,2.09,-0.14,-0.083,-0.064,27.19
60.148,-0.96,0.02,-0.37,-0.03,0.047,-0.049,27.19
60.198,-1.1,0.04,1.33,0.13,-0.06,0.043,27.18
60.248,-1.24,0.03,-4.04,0.2,-0.006,-0.003,27.19
60.298,-1.22,0.03,-2.51,-0.29,-0.022,0.05,27.2
60.348,-1.23,0.01,0.11,-0.22,0.039,-0.034,27.18
60.398,-1.17,0.01,-1.23,0.27,0.016,-0.034,27.19
60.448,-0.98,-0.01,0.41,-0.17,-0.022,-0.095,27.19
60.498,-1.25,0.01,-1.22,0.14,-0.006,0.004,27.2
60.548,-1.11,0.02,-1.72,-0.21,-0.029,-0.095,27.17
60.598,-1.22,0.02,-1.51,0.06,-0.075,-0.041,27.18
60.648,-1.33,0.02,-0.85,0.09,0.009,-0.049,27.17
60.698,-1.39,0.01,-0.18,-0.02,-0.014,0.012,27.19
60.748,-1.32,0.0,0.45,-0.36,-0.052,0.027,27.21
60.798,-1.31,0.02,-4.75,0.28,0.009,0.081,27.16
60.848,-1.45,0.02,0.23,-0.15,-0.014,-0.072,27.16
60.898,-1.36,0.02,0.32,0.09,0.062,-0.019,27.17
60.948,-1.38,0.01,-1.8,-0.01,-0.098,-0.087,27.18
60.998,-1.19,0.01,-0.4,-0.13,0.024,0.157,27.18
61.048,-1.06,0.01,0.05,0.23,-0.052,-0.08,27.17
61.098,-0.98,0.02,2.11,-0.14,-0.022,0.073,27.15
61.148,-1.06,0.01,-5.24,-0.05,-0.037,-0.057,27.16
61.198,-1.09,0.01,-2.97,-0.14,-0.014,-0.003,27.17
61.248,-1.08,0.01,-1.22,0.08,-0.006,-0.08,27.16
61.298,-1.1,0.02,-4.96,-0.07,0.039,-0.034,27.16
61.348,-1.27,0.02,-4.0,-0.15,0.024,0.065,27.18
61.398,-1.27,0.02,-1.67,-0.14,-0.006,0.027,27.16
61.448,-1.44,0.02,-1.21,-0.08,0.024,-0.057,27.17
61.498,-1.46,0.02,0.29,-0.09,0.039,-0.019,27.18
61.548,-1.35,0.03,-1.04,0.12,0.009,-0.072,27.18
61.598,-1.37,0.03,-4.39,0.1,0.039,-0.064,27.18
61.648,-1.4,0.03,-3.1,-0.23,0.001,-0.095,27.16
61.698,-1.43,0.03,-0.92,-0.22,-0.106,-0.026,27.15
61.748,-1.5,0.03,-1.11,-0.01,0.039,-0.034,27.19
61.798,-1.71,0.02,-1.69,-0.11,-0.014,-0.011,27.17
61.848,-1.74,0.02,1.71,-0.22,-0.045,-0.041,27.17
61.898,-1.79,0.02,-2.75,0.23,-0.06,0.065,27.18
61.948,-1.75,0.02,-0.01,0.15,0.001,-0.087,27.17
61.998,-1.62,0.03,2.56,0.27,-0.029,-0.064,27.17
62.048,-1.63,0.03,-2.39,-0.09,-0.022,0.012,27.19
62.098,-1.68,0.03,-0.17,0.14,0.016,0.081,27.17
62.148,-1.6,0.04,1.25,-0.01,0.009,0.05,27.18
62.198,-1.49,0.03,-1.63,0.43,-0.014,0.035,27.18
62.248,-1.45,0.04,-3.25,0.38,0.039,-0.011,27.2
62.298,-1.38,0.05,-0.96,-0.15,-0.014,-0.011,27.16
62.348,-1.49,0.03,-6.23,0.22,0.001,-0.064,27.19
62.398,-1.55,0.01,-3.82,-0.0,0.001,0.05,27.17
62.448,-1.59,-0.0,-2.77,-0.45,0.009,-0.064,27.17
62.498,-1.48,0.01,-0.35,0.08,0.07,0.058,27.17
62.548,-1.41,0.02,0.25,0.11,-0.006,-0.026,27.16
62.598,-1.43,0.0,-1.06,-0.05,0.016,-0.064,27.16
62.648,-1.4,0.02,-0.6,0.07,-0.09,0.027,27.17
62.698,-1.64,0.03,-2.78,-0.02,-0.014,0.05,27.16
62.748,-1.5,0.01,-3.28,0.14,0.009,-0.072,27.16
62.798,-1.47,-0.0,-0.98,-0.15,-0.106,0.081,27.19
62.848,-1.4,0.0,3.53,-0.48,0.001,-0.064,27.17
62.898,-1.41,-0.01,0.17,0.04,0.039,0.081,27.19
62.948,-1.43,0.0,-3.97,-0.04,-0.037,-0.049,27.17
62.998,-1.56,-0.0,-1.08,0.17,-0.014,0.012,27.17
63.048,-1.54,-0.0,-1.45,0.05,0.009,-0.003,27.17
63.098,-1.55,-0.0,-1.2,-0.11,0.009,0.02,27.19
63.148,-1.3,-0.0,0.65,-0.17,0.093,0.004,27.16
63.198,-1.54,-0.01,-3.89,-0.19,0.024,0.035,27.18
63.248,-1.39,-0.01,4.12,-0.47,-0.022,-0.034,27.16
63.298,-1.33,0.0,-2.96,0.14,-0.037,-0.019,27.17
63.348,-1.53,0.03,-3.12,0.37,-0.037,0.02,27.19
63.398,-1.55,0.03,-0.11,-0.0,0.055,-0.019,27.17
63.448,-1.49,0.04,-2.68,0.09,-0.106,0.073,27.17
63.498,-1.65,0.04,-1.02,-0.22,0.009,0.02,27.16
63.548,-1.67,0.05,-1.71,0.08,-0.006,0.035,27.16
63.598,-1.64,0.04,-0.42,-0.04,-0.09,0.004,27.18
63.648,-1.84,0.05,-1.73,-0.06,0.062,0.004,27.2
63.698,-1.74,0.04,0.23,-0.13,-0.022,-0.072,27.16
63.748,-1.72,0.02,1.21,-0.18,0.016,0.012,27.16
63.798,-1.74,0.0,-1.63,0.37,0.009,0.142,27.17
63.848,-1.75,0.0,-3.39,-0.11,0.024,0.104,27.17
63.898,-1.59,-0.01,-1.94,-0.09,0.016,-0.118,27.18
63.948,-1.69,-0.01,-1.75,0.01,0.001,-0.064,27.17
63.998,-1.55,0.0,-1.01,0.09,-0.09,0.027,27.17
64.048,-1.61,0.01,-3.0,-0.13,-0.06,0.004,27.18
64.098,-1.68,0.02,-3.44,-0.0,-0.014,-0.034,27.16
64.148,-1.7,0.01,-2.87,0.07,-0.052,-0.034,27.17
64.198,-1.66,0.02,-2.75,0.03,0.024,-0.064,27.17
64.248,-1.55,0.0,-2.03,-0.18,-0.075,0.02,27.18
64.298,-1.47,0.0,-2.43,0.03,0.016,-0.118,27.15
64.348,-1.44,-0.0,-1.22,0.12,0.009,-0.019,27.18
64.398,-1.37,0.01,-4.27,0.38,-0.067,-0.034,27.16
64.448,-1.39,-0.0,-1.59,-0.05,0.024,0.073,27.18
64.498,-1.44,-0.02,2.15,-0.46,-0.014,-0.011,27.18
64.548,-1.47,-0.02,-1.82,0.07,0.047,0.065,27.16
64.598,-1.53,-0.03,-1.62,0.07,-0.144,0.035,27.16
64.648,-1.54,-0.03,1.2,-0.25,0.016,-0.026,27.17
64.698,-1.52,-0.02,0.28,-0.18,0.016,-0.003,27.16
64.748,-1.45,-0.01,-3.87,0.16,0.047,-0.095,27.2
64.798,-1.36,-0.01,-1.29,-0.03,-0.029,0.073,27.14
64.848,-1.4,0.02,-1.3,0.18,-0.006,0.065,27.17
64.898,-1.52,0.0,-2.09,0.02,0.085,0.035,27.16
64.948,-1.46,-0.0,0.08,0.28,0.001,0.081,27.14
64.998,-1.38,-0.01,-1.74,-0.07,-0.052,0.012,27.18
65.048,-1.37,-0.01,-1.1,0.15,0.039,0.027,27.16
65.098,-1.3,-0.02,-2.99,-0.28,-0.052,0.02,27.14
65.148,-1.43,-0.02,-0.85,0.21,0.009,-0.057,27.19
65.198,-1.39,-0.02,0.73,-0.17,0.024,0.035,27.17
65.248,-1.27,-0.03,-2.04,0.0,-0.06,-0.057,27.19
65.298,-1.47,-0.02,-2.62,0.11,-0.037,0.004,27.16
65.348,-1.39,-0.0,-4.39,0.26,-0.014,-0.019,27.16
65.398,-1.45,-0.02,0.99,-0.42,-0.014,-0.057,27.19
65.448,-1.54,-0.01,-0.54,-0.17,-0.037,-0.049,27.17
65.498,-1.57,0.02,-1.97,-0.06,-0.037,0.012,27.16
65.548,-1.54,0.01,-2.78,0.09,-0.022,0.027,27.17
65.598,-1.7,0.03,-5.25,0.28,-0.067,0.088,27.15
65.648,-1.76,0.02,-2.51,0.0,0.001,0.119,27.17
65.698,-1.71,-0.0,-0.63,0.05,-0.006,0.111,27.13
65.748,-1.87,0.01,-3.17,-0.24,-0.014,0.035,27.17
65.798,-1.85,0.0,-5.07,0.0,0.047,0.02,27.15
65.848,-1.77,0.01,-1.8,0.1,0.016,0.073,27.13
65.898,-1.85,0.03,-0.84,0.09,0.001,0.012,27.13
65.948,-1.82,0.03,-0.78,-0.12,0.016,0.012,27.16
65.998,-1.77,0.04,0.55,-0.23,-0.014,0.02,27.16
66.048,-1.69,0.02,-1.84,-0.18,-0.037,-0.011,27.16
66.098,-1.81,0.03,-1.32,-0.07,0.016,0.081,27.15
66.148,-1.87,0.04,-3.57,0.32,-0.037,-0.003,27.16
66.198,-1.7,0.04,0.9,0.01,0.093,-0.011,27.16
66.248,-1.82,0.02,-4.02,0.13,-0.022,-0.034,27.14
66.298,-1.87,0.02,-1.22,-0.29,-0.006,-0.049,27.17
66.348,-1.81,0.02,-0.68,-0.07,-0.083,0.081,27.16
66.398,-1.84,0.03,-3.97,0.28,0.055,0.096,27.17
66.448,-2.06,0.03,-4.31,0.29,-0.014,0.073,27.16
66.498,-1.83,0.03,-0.28,0.11,0.001,0.058,27.18
66.548,-1.89,0.04,-0.24,0.18,0.032,0.073,27.18
66.598,-1.81,0.04,-2.55,-0.19,-0.029,-0.087,27.16
66.648,-1.85,0.02,-3.42,-0.19,-0.052,0.073,27.13
66.698,-1.79,0.03,-2.84,0.08,0.07,-0.072,27.14
66.748,-1.74,0.04,-3.61,0.1,0.024,0.004,27.15
66.798,-1.84,0.03,-5.0,-0.18,-0.006,0.012,27.16
66.848,-1.84,0.05,-2.66,0.03,-0.006,0.004,27.16
66.898,-1.77,0.03,-1.49,-0.08,-0.022,-0.019,27.17
66.948,-1.74,0.03,-0.82,-0.1,0.032,-0.026,27.17
66.998,-1.77,0.04,-2.14,0.23,-0.075,0.081,27.14
67.048,-1.87,0.03,-4.32,-0.17,0.001,0.065,27.12
67.098,-1.88,0.04,-2.86,0.11,-0.06,0.012,27.18
67.148,-1.87,0.04,1.93,-0.16,0.009,-0.011,27.17
67.198,-1.98,0.04,-5.35,0.27,0.001,0.02,27.16
67.248,-1.77,0.03,-1.85,0.11,-0.022,0.073,27.17
67.298,-1.85,0.03,-3.34,-0.21,0.047,0.043,27.15
67.348,-1.82,0.03,-1.96,0.13,-0.014,-0.072,27.14
67.398,-1.96,0.03,-7.2,0.29,-0.037,-0.08,27.15
67.448,-1.79,0.01,-2.04,-0.09,0.062,-0.011,27.17
67.498,-1.9,0.02,-2.05,0.12,0.154,-0.11,27.19
67.548,-1.82,0.01,-3.96,-0.26,0.055,-0.034,27.16
67.598,-1.92,0.01,-0.86,-0.08,0.024,0.058,27.15
67.648,-2.01,0.0,-2.96,0.0,-0.037,0.043,27.15
67.698,-1.96,-0.0,0.24,0.03,-0.022,-0.057,27.14
67.748,-1.93,0.0,-0.55,0.04,-0.014,-0.041,27.16
67.798,-1.91,0.01,-2.18,0.18,0.009,0.111,27.16
67.848,-1.8,0.01,-2.16,0.06,0.016,-0.057,27.14
67.898,-2.14,0.04,-2.06,0.02,0.016,0.027,27.15
67.948,-1.94,0.04,-2.51,0.11,0.001,-0.118,27.13
67.998,-1.87,0.04,-3.96,-0.1,0.009,0.104,27.16
68.048,-1.9,0.04,-5.31,-0.03,-0.029,-0.026,27.16
68.098,-1.87,0.04,-2.51,0.05,-0.006,-0.019,27.17
68.148,-1.82,0.03,-2.06,-0.18,-0.006,0.027,27.16
68.198,-1.72,0.02,-1.52,-0.18,-0.06,0.073,27.14
68.248,-1.71,0.01,-1.38,-0.1,-0.029,-0.049,27.17
68.298,-1.51,-0.0,1.58,-0.11,0.07,0.119,27.18
68.348,-1.8,0.01,-2.16,0.02,0.009,-0.003,27.14
68.398,-1.7,0.01,-0.95,0.07,0.009,0.081,27.17
68.448,-1.65,0.01,-0.35,0.12,-0.052,0.004,27.16
68.498,-1.74,0.04,-2.13,0.05,-0.014,0.035,27.16
68.548,-1.85,0.04,-4.76,0.23,0.078,0.05,27.16
68.598,-1.8,0.04,-1.01,0.19,0.047,-0.057,27.14
68.648,-1.7,0.02,-2.9,-0.31,-0.083,0.027,27.16
68.698,-1.64,0.01,1.88,-0.14,0.1,-0.057,27.16
68.748,-1.91,0.0,-0.5,-0.02,0.062,0.035,27.15
68.798,-1.82,0.01,-0.81,0.07,-0.045,-0.011,27.16
68.848,-1.88,0.01,-4.11,-0.02,-0.022,0.043,27.14
68.898,-1.94,0.03,-1.52,-0.17,0.062,-0.019,27.19
68.948,-1.99,0.03,-0.7,-0.09,-0.045,0.195,27.13
68.998,-1.89,0.02,1.65,-0.25,0.039,-0.011,27.16
69.048,-2.0,0.02,-1.55,0.02,0.009,0.004,27.16
69.098,-2.07,0.03,-1.11,0.08,0.009,0.073,27.15
69.148,-2.14,0.04,-2.98,-0.04,-0.006,0.058,27.13
69.198,-2.06,0.04,-2.42,0.27,0.032,-0.049,27.14
69.248,-1.91,0.05,-0.11,-0.18,-0.098,0.004,27.17
69.298,-1.96,0.05,-3.22,0.23,0.078,0.004,27.16
69.348,-1.87,0.05,-3.53,0.21,-0.045,0.004,27.18
69.398,-1.71,0.05,-1.78,-0.3,-0.029,0.027,27.16
69.448,-1.55,0.04,-2.44,0.14,-0.029,0.065,27.16
69.498,-1.7,0.03,-3.5,0.04,0.016,0.027,27.14
69.548,-1.68,0.02,-0.49,-0.32,-0.014,-0.087,27.17
69.598,-1.58,0.01,-3.69,-0.1,0.062,-0.087,27.16
69.648,-1.53,-0.01,-0.75,-0.2,0.001,-0.11,27.13
69.698,-1.6,0.0,-0.2,-0.06,-0.037,0.073,27.13
69.748,-1.69,-0.0,-2.81,-0.09,0.032,0.073,27.15
69.798,-1.64,-0.02,1.27,-0.25,0.009,-0.11,27.15
69.848,-1.74,-0.01,-1.71,0.14,0.016,0.104,27.15
69.898,-1.76,0.01,-0.47,-0.05,0.039,-0.041,27.14
69.948,-1.88,0.02,-2.22,0.07,0.016,-0.064,27.15
69.998,-1.98,0.03,-1.71,0.13,0.009,0.035,27.16
70.048,-1.81,0.01,-0.73,-0.37,0.07,-0.026,27.14
70.098,-1.85,0.0,-3.96,0.22,-0.067,-0.08,27.16
70.148,-2.06,0.01,-2.31,0.19,0.024,-0.011,27.14
70.198,-1.95,0.01,-2.47,-0.04,-0.022,0.065,27.16
70.248,-1.85,0.01,-3.79,-0.05,0.001,0.126,27.16
70.298,-1.73,0.02,2.31,-0.27,-0.022,-0.011,27.15
70.348,-1.8,0.03,-1.0,0.24,0.024,0.004,27.16
70.398,-1.83,0.03,-2.98,0.14,0.009,-0.026,27.18
70.448,-1.82,0.03,-0.26,0.28,-0.045,-0.011,27.15
70.498,-1.69,0.02,-4.93,-0.08,-0.006,-0.064,27.17
70.548,-1.83,0.02,-0.6,-0.02,-0.022,0.111,27.16
70.598,-1.91,0.03,-2.75,0.3,-0.022,-0.034,27.17
70.648,-1.87,0.02,-2.15,0.33,0.024,0.058,27.15
70.698,-1.81,0.02,2.58,0.0,-0.022,-0.003,27.16
70.748,-1.79,0.01,-4.02,0.19,-0.006,-0.11,27.13
70.798,-1.68,0.01,1.78,-0.02,0.078,-0.011,27.17
70.848,-1.75,0.02,-1.89,-0.1,-0.022,-0.049,27.18
70.898,-1.68,0.03,-1.51,0.0,0.016,0.111,27.16
70.948,-1.71,0.03,-1.39,0.05,-0.075,0.111,27.15
70.998,-1.78,0.02,-0.84,0.24,0.009,0.035,27.16
71.048,-1.86,0.03,-5.22,0.2,0.055,0.05,27.16
71.098,-1.77,0.02,-0.8,-0.19,-0.067,-0.011,27.16
71.148,-1.86,0.01,-3.88,0.11,-0.06,0.241,27.13
71.198,-1.76,0.01,1.56,-0.06,-0.052,0.104,27.15
71.248,-1.87,0.0,-0.24,0.06,-0.022,0.02,27.16
71.298,-1.7,0.0,-1.84,-0.1,-0.014,-0.041,27.14
71.348,-1.67,0.0,-2.8,0.19,-0.006,0.05,27.13
71.398,-1.72,0.02,-0.02,0.06,0.009,0.05,27.15
71.448,-1.69,0.02,-0.48,0.09,-0.045,0.043,27.16
71.498,-1.76,0.02,-2.07,0.04,0.009,0.058,27.14
71.548,-1.99,0.03,-4.0,0.04,-0.029,0.05,27.16
71.598,-2.0,0.02,-3.27,0.23,0.039,-0.019,27.15
71.648,-1.98,0.01,0.11,0.1,-0.052,0.149,27.14
71.698,-1.88,0.01,-1.95,-0.02,0.001,-0.064,27.12
71.748,-1.88,0.01,-2.16,0.1,0.032,0.043,27.12
71.798,-1.85,0.01,-1.49,-0.12,0.016,0.012,27.15
71.848,-1.66,0.01,-1.69,-0.09,0.108,-0.034,27.14
71.898,-1.78,0.02,-3.27,0.09,-0.029,-0.095,27.16
71.948,-1.68,0.01,0.53,-0.04,-0.121,0.058,27.13
71.998,-1.65,0.0,-2.92,-0.29,0.016,0.119,27.13
72.048,-1.8,0.02,-3.92,0.29,0.001,0.058,27.14
72.098,-1.89,0.02,-1.68,-0.04,0.039,0.058,27.15
72.148,-1.83,0.01,-1.44,-0.09,-0.083,0.065,27.14
72.198,-1.82,0.01,-4.91,-0.03,-0.06,0.043,27.14
72.248,-1.73,0.02,-1.98,0.26,-0.029,0.104,27.13
72.298,-1.81,0.04,-1.42,0.12,0.032,0.21,27.16
72.348,-1.79,0.02,-1.36,-0.37,-0.022,0.027,27.16
72.398,-1.72,0.01,-0.48,-0.03,0.078,-0.034,27.1
72.448,-1.52,-0.0,-0.73,0.0,-0.052,0.027,27.11
72.498,-1.26,-0.0,-1.37,-0.12,0.07,0.012,27.15
72.548,-1.08,0.01,3.02,0.27,0.055,-0.217,27.13
72.598,-1.19,0.01,-1.16,0.18,0.078,-0.186,27.13
72.648,-1.19,0.01,-1.68,-0.16,-0.075,0.035,27.13
72.698,-1.38,0.01,-3.49,-0.19,-0.037,0.104,27.13
72.748,-1.41,0.02,-3.63,0.3,0.016,-0.133,27.16
72.798,-1.41,-0.01,-3.13,-0.37,0.024,-0.156,27.14
72.848,-1.54,-0.0,-2.39,-0.09,0.016,0.126,27.14
72.898,-1.57,0.01,-1.97,0.27,-0.045,0.088,27.16
72.948,-1.44,0.03,0.65,-0.07,-0.098,0.264,27.15
72.998,-1.38,0.04,-0.49,-0.03,-0.037,-0.026,27.12
73.048,-1.48,0.03,-2.31,0.07,0.039,-0.148,27.15
73.098,-1.57,0.02,-2.47,-0.02,-0.075,0.05,27.14
73.148,1.39,0.41,32.82,2.91,-0.968,0.439,27.13
73.198,4.93,0.78,18.22,1.92,-2.022,-0.041,27.13
73.248,5.7,0.78,16.29,2.88,-4.403,0.432,27.16
73.298,11.32,0.74,5.24,-0.15,-3.09,0.043,27.17
73.348,21.96,0.59,342.07,-0.09,-1.258,0.111,27.14
73.398,36.29,0.45,346.74,-0.61,0.627,0.233,27.13
73.448,41.92,0.34,0.17,-0.22,1.093,-0.026,27.12
73.498,40.47,0.29,7.79,-0.11,3.566,-0.316,27.14
73.548,33.28,0.24,-7.89,-0.73,2.2,-0.561,27.15
73.598,34.88,0.23,10.44,0.46,0.139,0.043,27.11
73.648,67.09,0.1,345.48,-0.81,0.787,0.325,27.13
73.698,115.63,-0.03,329.37,-0.23,0.757,-0.576,27.12
73.748,155.12,-0.13,346.78,0.04,0.955,-1.064,27.15
73.798,149.84,-0.22,-5.88,0.78,-0.701,-2.202,27.14
73.848,125.67,-0.07,23.22,2.28,-1.014,-4.957,27.16
73.898,107.89,0.24,29.93,3.81,-1.029,-4.263,27.15
73.948,94.43,0.81,36.98,5.27,-0.701,-4.026,27.12
73.998,84.1,1.43,36.52,5.07,-0.518,-6.408,27.16
74.048,75.71,2.14,40.42,7.14,-1.129,-4.889,27.15
74.098,69.47,3.1,42.54,9.11,-0.587,-4.606,27.15
74.148,64.61,4.16,44.28,10.61,-0.808,-3.988,27.15
74.198,60.97,5.34,44.47,13.49,-0.09,-4.24,27.12
74.248,58.22,6.64,46.63,13.89,-0.495,-2.507,27.13
74.298,56.25,8.01,47.41,15.46,-0.106,-2.095,27.12
74.348,54.83,9.34,48.31,16.25,-1.243,-1.049,27.11
74.398,53.64,10.6,47.91,16.77,-1.442,-1.087,27.12
74.448,52.78,11.78,49.16,17.66,-1.594,-1.095,27.12
74.498,52.14,12.9,49.95,18.9,-2.373,-1.072,27.14
74.548,51.73,14.08,51.55,20.4,-2.625,-1.286,27.13
74.598,51.61,15.35,51.92,22.12,-2.77,-1.568,27.13
74.648,51.64,16.69,52.64,23.44,-2.426,-1.713,27.11
74.698,51.73,18.08,52.26,25.07,-2.113,-1.232,27.13
74.748,51.89,19.42,53.8,25.84,-1.838,-1.225,27.12
74.798,52.11,20.67,53.62,26.5,-1.602,-1.064,27.14
74.848,52.34,21.81,53.74,27.51,-1.831,-0.828,27.13
74.898,52.57,22.97,53.74,28.79,-1.762,-1.087,27.15
74.948,52.8,24.08,54.02,29.9,-1.884,-1.286,27.15
74.998,53.03,25.14,54.54,30.65,-1.884,-0.957,27.11
75.048,53.27,26.21,54.68,31.61,-1.793,-0.874,27.11
75.098,53.53,27.29,55.46,32.53,-1.632,-0.805,27.16
75.148,53.77,28.34,55.36,33.48,-1.525,-0.66,27.13
75.198,53.99,29.35,55.54,34.37,-1.006,-0.69,27.14
75.248,54.23,30.28,55.52,34.56,-0.648,-0.202,27.14
75.298,54.45,31.05,56.17,35.04,-0.335,-0.225,27.13
75.348,54.63,31.72,55.36,34.36,-0.06,-0.034,27.14
75.398,54.73,32.2,55.11,34.39,-0.358,0.134,27.15
75.448,54.86,32.56,55.35,34.45,-0.701,-0.408,27.12
75.498,54.93,32.9,56.08,34.95,-1.067,-0.675,27.1
75.548,54.99,33.29,55.81,35.81,-1.533,-0.675,27.13
75.598,55.07,33.79,55.94,36.55,-1.732,-0.965,27.17
75.648,55.17,34.38,56.25,38.1,-1.777,-0.667,27.14
75.698,55.24,34.99,55.6,38.15,-1.892,-0.82,27.13
75.748,55.28,35.62,56.4,39.03,-1.953,0.226,27.16
75.798,55.41,36.42,56.17,40.16,-1.533,-0.759,27.11
75.848,55.57,37.19,56.92,41.41,-1.106,-0.935,27.1
75.898,55.72,37.83,56.8,40.38,-0.304,-0.209,27.11
75.948,55.81,38.36,56.55,40.98,-0.48,1.157,27.12
75.998,55.95,38.87,56.5,40.83,-0.06,0.126,27.11
76.048,56.05,39.24,56.69,40.57,-0.014,-0.041,27.12
76.098,56.1,39.5,56.64,40.69,-0.174,0.065,27.13
76.148,56.15,39.66,56.54,40.37,-0.48,-0.202,27.13
76.198,56.19,39.85,56.66,40.85,-0.548,0.111,27.13
76.248,56.24,40.09,56.64,41.1,-0.548,0.05,27.11
76.298,56.31,40.37,57.1,41.87,-0.258,0.218,27.13
76.348,56.37,40.56,56.62,41.13,-0.174,0.233,27.13
76.398,56.4,40.7,56.58,41.32,-0.274,0.157,27.12
76.448,56.42,40.84,56.49,41.63,-0.274,-0.003,27.15
76.498,56.43,41.03,56.52,42.06,-0.151,0.111,27.11
76.548,56.48,41.23,56.82,41.95,0.078,0.439,27.11
76.598,56.53,41.3,56.64,41.59,0.284,0.432,27.12
76.648,56.56,41.29,56.45,41.09,0.177,0.111,27.13
76.698,56.59,41.23,56.38,40.91,-0.006,0.081,27.13
76.748,56.57,41.22,56.1,41.44,-0.22,0.165,27.11
76.798,56.6,41.29,56.68,41.64,-0.106,0.348,27.13
76.848,56.61,41.35,56.84,41.17,0.108,0.226,27.09
76.898,56.58,41.32,56.25,40.79,0.1,0.21,27.11
76.948,56.59,41.26,56.16,40.88,-0.144,0.004,27.12
76.998,56.55,41.23,56.54,41.31,-0.51,0.05,27.13
77.048,56.53,41.31,56.5,41.76,-0.587,0.134,27.1
77.098,56.54,41.44,56.77,42.08,-0.312,0.386,27.12
77.148,56.58,41.58,56.79,42.23,0.001,0.21,27.11
77.198,56.62,41.67,56.69,41.89,0.184,0.31,27.09
77.248,56.65,41.69,56.69,41.61,0.238,0.378,27.11
77.298,56.66,41.67,56.71,41.44,0.215,0.371,27.1
77.348,56.64,41.61,56.44,41.29,-0.037,0.088,27.13
77.398,56.62,41.56,56.74,41.49,-0.22,0.363,27.12
77.448,56.64,41.6,56.88,41.7,-0.029,0.088,27.1
77.498,56.68,41.58,56.61,41.36,-0.106,0.157,27.11
77.548,56.69,41.56,56.99,41.36,-0.121,0.088,27.11
77.598,56.67,41.56,56.7,41.6,-0.312,0.096,27.12
77.648,56.68,41.6,56.83,41.85,-0.327,0.279,27.11
77.698,56.66,41.61,56.44,41.61,-0.327,-0.041,27.12
77.748,56.64,41.66,56.92,42.03,-0.403,-0.148,27.1
77.798,56.64,41.75,56.76,42.23,-0.487,-0.095,27.12
77.848,56.65,41.86,56.8,42.62,-0.411,0.195,27.11
77.898,56.65,41.99,56.5,42.67,-0.09,-0.011,27.11
77.948,56.69,42.09,56.76,42.25,-0.052,-0.011,27.08
77.998,56.68,42.16,56.62,42.44,-0.09,0.134,27.1
78.048,56.71,42.2,56.98,42.16,0.009,0.065,27.09
78.098,56.75,42.26,56.88,42.35,0.047,0.111,27.12
78.148,56.79,42.31,57.4,42.35,0.016,0.134,27.1
78.198,56.79,42.31,57.09,42.25,0.108,-0.095,27.1
78.248,56.77,42.28,56.87,42.24,-0.037,0.203,27.1
78.298,56.81,42.28,56.99,42.22,-0.167,0.027,27.09
78.348,56.77,42.28,56.91,42.38,-0.144,-0.225,27.09
78.398,56.78,42.33,56.95,42.69,-0.266,-0.125,27.08
78.448,56.81,42.42,57.07,42.76,-0.083,0.088,27.09
78.498,56.82,42.48,56.73,42.64,0.07,0.203,27.1
78.548,56.85,42.47,56.73,42.09,0.1,0.027,27.12
78.598,56.85,42.43,57.3,42.41,-0.06,0.02,27.09
78.648,56.83,42.42,56.99,42.4,-0.113,0.081,27.1
78.698,56.82,42.44,56.95,42.51,-0.075,-0.034,27.09
78.748,56.85,42.45,57.42,42.44,-0.113,0.02,27.1
78.798,56.85,42.48,57.16,42.75,-0.022,0.142,27.1
78.848,56.83,42.49,56.21,42.43,0.016,0.004,27.12
78.898,56.84,42.5,56.98,42.43,-0.067,0.126,27.11
78.948,56.85,42.49,57.07,42.43,-0.121,0.088,27.09
78.998,56.85,42.52,56.62,42.52,-0.197,-0.041,27.11
79.048,56.87,42.56,57.2,42.7,-0.067,0.157,27.1
79.098,56.88,42.6,57.2,42.82,-0.014,0.081,27.12
79.148,56.85,42.61,56.49,42.62,0.093,0.119,27.11
79.198,56.86,42.59,56.53,42.53,-0.029,-0.003,27.07
79.248,56.86,42.58,56.82,42.5,-0.144,-0.095,27.07
79.298,56.88,42.6,56.92,42.84,-0.174,-0.049,27.1
79.348,56.87,42.64,56.9,42.79,-0.144,-0.011,27.11
79.398,56.87,42.67,57.01,43.16,-0.06,0.096,27.1
79.448,56.86,42.71,57.35,42.82,0.047,0.073,27.1
79.498,56.86,42.71,56.84,42.47,0.047,-0.125,27.09
79.548,56.83,42.71,56.73,42.64,-0.075,-0.011,27.08
79.598,56.85,42.72,57.0,42.83,-0.174,0.096,27.08
79.648,56.86,42.73,56.97,42.96,-0.045,0.065,27.1
79.698,56.87,42.76,57.1,42.86,-0.159,-0.034,27.07
79.748,56.85,42.78,56.88,42.98,-0.045,0.073,27.07
79.798,56.84,42.8,56.4,42.8,-0.006,-0.034,27.09
79.848,56.85,42.83,56.52,43.0,0.055,0.195,27.08
79.898,56.84,42.82,56.83,42.55,0.016,0.134,27.06
79.948,56.86,42.81,57.11,42.76,0.032,-0.003,27.12
79.998,56.86,42.81,56.44,42.82,-0.045,-0.026,27.07
80.048,56.85,42.8,56.66,42.82,-0.014,0.02,27.1
80.098,56.85,42.8,56.65,42.92,-0.06,-0.08,27.13
80.148,56.85,42.84,56.84,42.9,0.062,0.096,27.08
80.198,56.86,42.82,57.15,42.39,0.078,-0.057,27.1
80.248,56.85,42.79,56.89,42.5,0.009,0.027,27.1
80.298,56.84,42.74,56.12,42.56,-0.22,0.05,27.1
80.348,56.84,42.75,57.01,42.97,-0.174,-0.019,27.1
80.398,56.85,42.8,56.73,42.97,-0.037,-0.026,27.1
80.448,56.83,42.8,56.41,42.73,0.047,-0.049,27.08
80.498,56.85,42.78,56.68,42.68,-0.014,0.157,27.1
80.548,56.83,42.77,56.97,42.86,-0.067,0.149,27.1
80.598,56.86,42.77,57.18,42.76,-0.098,0.004,27.11
80.648,56.85,42.78,56.89,42.8,-0.075,-0.011,27.07
80.698,56.87,42.82,57.26,43.08,-0.052,0.065,27.07
80.748,56.87,42.84,56.89,42.95,0.024,0.043,27.09
80.798,56.89,42.83,56.85,42.73,-0.075,0.02,27.11
80.848,56.9,42.83,56.75,42.98,-0.067,0.027,27.1
80.898,56.9,42.84,56.98,43.09,-0.121,0.035,27.1
80.948,56.91,42.88,57.01,43.17,-0.022,0.088,27.11
80.998,56.91,42.91,56.77,43.02,-0.052,0.142,27.11
81.048,56.92,42.9,57.25,43.05,0.009,-0.019,27.05
81.098,56.9,42.9,56.54,42.87,-0.014,-0.026,27.1
81.148,56.9,42.89,57.07,42.7,-0.106,0.18,27.1
81.198,56.91,42.9,57.56,42.86,-0.045,0.111,27.07
81.248,56.9,42.92,56.88,42.96,-0.052,0.088,27.1
81.298,56.91,42.94,56.94,43.11,0.07,0.05,27.07
81.348,56.92,42.92,57.03,42.86,0.032,-0.003,27.07
81.398,56.92,42.92,57.16,42.77,-0.075,-0.019,27.09
81.448,56.92,42.92,56.73,43.0,-0.205,-0.026,27.07
81.498,56.92,42.94,56.5,43.08,-0.052,-0.041,27.1
81.548,56.92,42.96,56.77,43.05,0.016,0.02,27.08
81.598,56.91,42.99,57.07,43.14,0.047,0.043,27.12
81.648,56.9,43.0,56.82,43.01,0.085,0.21,27.08
81.698,56.89,42.99,56.7,42.78,0.032,0.104,27.08
81.748,56.88,42.97,57.09,42.69,-0.09,-0.103,27.08
81.798,56.88,42.94,56.93,42.81,-0.075,0.02,27.09
81.848,56.88,42.93,56.75,43.28,-0.083,-0.034,27.08
81.898,56.88,42.97,56.93,43.08,-0.045,0.088,27.07
81.948,56.91,42.98,57.03,42.8,0.184,0.05,27.09
81.998,56.92,42.98,56.81,42.77,0.093,0.111,27.09
82.048,56.91,42.94,56.92,42.59,-0.006,0.035,27.08
82.098,56.89,42.92,56.7,42.96,-0.083,0.203,27.08
82.148,56.89,42.94,56.98,43.14,-0.052,0.104,27.08
82.198,56.9,42.95,57.3,42.85,-0.037,0.027,27.06
82.248,56.92,42.96,57.01,42.94,-0.022,-0.156,27.07
82.298,56.9,42.94,56.99,43.03,-0.037,0.02,27.07
82.348,56.89,42.96,56.17,43.2,-0.037,0.065,27.07
82.398,56.9,42.99,57.02,43.08,-0.083,0.043,27.07
82.448,56.91,43.0,57.2,42.94,0.1,0.004,27.09
82.498,56.91,43.0,56.96,42.74,0.047,0.027,27.08
82.548,56.91,42.99,57.38,42.81,0.001,0.081,27.07
82.598,56.94,42.99,56.99,42.97,-0.052,0.104,27.06
82.648,56.92,42.98,56.97,42.93,-0.045,-0.011,27.08
82.698,56.88,42.96,56.82,42.94,-0.121,0.043,27.06
82.748,56.9,42.96,56.99,43.06,-0.014,0.065,27.08
82.798,56.89,42.97,57.13,43.01,-0.075,-0.026,27.07
82.848,56.88,42.96,56.92,42.93,-0.144,-0.103,27.06
82.898,56.87,42.96,57.0,43.08,-0.09,-0.026,27.09
82.948,56.89,42.98,56.81,42.93,-0.083,-0.041,27.08
82.998,56.89,43.01,56.3,43.02,0.062,0.004,27.07
83.048,56.89,43.02,56.88,43.05,0.108,0.081,27.09
83.098,56.87,43.0,56.58,42.77,0.024,0.195,27.06
83.148,56.88,42.97,56.83,42.73,-0.045,0.05,27.07
83.198,56.88,42.95,56.83,42.94,-0.083,-0.019,27.05
83.248,56.88,42.94,57.37,42.96,-0.243,-0.064,27.08
83.298,56.86,42.99,56.95,43.16,-0.182,0.119,27.11
83.348,56.87,43.05,56.93,43.2,-0.06,0.035,27.06
83.398,56.89,43.08,56.77,43.4,0.024,0.065,27.07
83.448,56.9,43.06,56.45,42.94,0.055,0.05,27.07
83.498,56.91,43.05,56.92,43.11,-0.037,0.065,27.09
83.548,56.9,43.06,56.85,43.0,0.047,-0.034,27.08
83.598,56.91,43.07,56.88,43.08,-0.09,0.027,27.07
83.648,56.94,43.09,57.26,43.16,-0.037,0.027,27.08
83.698,56.95,43.1,56.8,43.01,-0.029,0.165,27.08
83.748,56.92,43.1,56.89,43.02,-0.037,0.188,27.07
83.798,56.91,43.06,56.57,42.97,0.016,-0.057,27.08
83.848,56.91,43.07,57.0,43.15,-0.045,0.111,27.07
83.898,56.91,43.09,56.5,42.97,0.024,0.043,27.09
83.948,56.88,43.07,56.67,42.8,0.039,0.119,27.04
83.998,56.9,43.08,56.75,43.15,-0.09,0.02,27.07
84.048,56.91,43.09,56.82,43.21,-0.098,-0.064,27.06
84.098,56.92,43.11,56.94,43.37,-0.075,0.02,27.07
84.148,56.89,43.13,57.2,42.93,-0.014,0.081,27.03
84.198,56.92,43.16,56.49,42.99,0.062,0.065,27.05
84.248,56.91,43.15,56.95,43.11,-0.037,0.004,27.04
84.298,56.91,43.14,56.73,43.07,0.047,-0.057,27.07
84.348,56.89,43.11,56.64,43.38,-0.06,-0.049,27.08
84.398,56.89,43.12,56.69,42.92,-0.121,-0.003,27.06
84.448,56.88,43.14,56.99,43.56,-0.029,0.027,27.06
84.498,56.87,43.17,56.58,43.36,-0.075,0.096,27.06
84.548,56.86,43.18,57.26,43.1,-0.029,0.126,27.06
84.598,56.86,43.17,57.1,43.31,-0.052,0.012,27.05
84.648,56.88,43.17,56.92,43.23,0.001,0.065,27.07
84.698,56.89,43.17,57.1,43.25,0.039,0.043,27.04
84.748,56.89,43.15,56.83,43.19,0.085,0.172,27.05
84.798,56.88,43.15,57.02,43.36,-0.014,0.043,27.06
