run_id,t_s,bx_ut,by_ut,bz_ut
2342474,8.656,18.8991,6.5138,41.1009
2342474,8.829,25.5046,2.8440,39.5413
2342474,8.996,36.1468,3.4862,31.3761
2342474,9.182,41.8349,11.1009,18.8991
2342474,9.348,39.9083,17.8899,14.5872
2342474,9.514,38.3486,21.7431,10.9174
2342474,9.680,35.5046,26.5138,5.5963
2342474,9.848,31.2844,28.8991,10.0917
2342474,10.014,28.7156,27.7982,16.7890
2342474,10.180,25.5963,24.6789,24.6789
2342474,10.348,29.1743,20.6422,26.1468
2342474,10.514,37.3394,14.7706,22.6606
2342474,10.680,35.7798,1.7431,32.5688
2342474,10.848,29.0826,-13.0275,39.5413
2342474,11.014,16.5138,-19.7248,44.0367
2342474,11.180,12.3853,-20.4587,44.6789
2342474,11.348,12.0183,-23.8532,43.6697
2342474,11.514,12.6606,-27.5229,42.2018
2342474,11.680,20.6422,-24.5872,41.1009
2342474,11.846,31.1927,-14.6789,37.6147
2342474,12.014,30.8257,-3.8532,37.8899
2342474,12.180,32.7523,8.7156,32.2018
2342474,12.346,32.0183,20.4587,23.5780
2342474,12.514,32.6605,24.8624,16.5138
2342474,12.680,34.3119,26.2385,10.4587
2342474,12.846,31.1927,23.3945,21.1009
2342474,13.015,34.0367,19.2661,22.7523
2342474,13.214,37.8899,15.9633,20.7339
2342474,13.381,40.3670,13.4862,19.2661
2342474,13.548,40.0917,5.3211,25.7798
2342474,13.715,38.0734,-0.1835,30.5505
2342474,13.881,30.0917,7.3394,35.0459
2342474,14.047,18.9908,8.3486,40.4587
2342474,14.214,23.1193,7.4312,39.0826
2342474,14.381,31.3761,0.7339,36.6972
2342474,14.547,30.0000,11.8349,32.8440
2342474,14.714,20.7339,10.3670,38.7156
2342474,14.881,31.2844,21.8349,23.0275
2342474,15.047,25.5963,19.9083,29.8165
2342474,15.214,26.4220,18.0734,30.9174
2342474,15.381,28.0734,13.8532,33.0275
2342474,15.547,23.1193,18.0734,33.0275
2342474,15.713,23.2110,16.4220,34.0367
2342474,15.880,24.6789,14.6789,34.4954
2342474,16.047,26.8807,7.7064,37.1560
2342474,16.213,28.9908,6.6055,36.4220
2342474,16.380,28.8991,5.6881,36.9725
2342474,16.547,30.0000,6.4220,35.9633
2342474,16.713,35.8716,12.3853,27.0642
2342474,16.880,40.9174,18.1651,11.3761
2342474,17.047,39.3578,22.0183,5.8716
2342474,17.215,33.6697,25.5963,12.9358
2342474,17.423,28.7156,26.1468,19.1743
2342474,17.590,26.0550,22.2936,26.5138
2342474,17.759,3.1193,13.8532,39.5413
2342474,17.925,-5.0459,7.7982,41.4679
2342474,18.092,-12.3853,6.2385,39.5413
2342474,18.259,-10.4587,11.2844,37.8899
2342474,18.425,4.9541,17.4312,37.5229
2342474,18.592,19.7248,23.1193,29.1743
2342474,18.759,25.8716,25.6881,22.2018
2342474,18.925,25.7798,26.1468,21.3761
2342474,19.091,21.2844,20.1835,31.1927
2342474,19.259,3.4862,10.6422,41.5596
2342474,19.425,3.8532,7.0642,43.5780
2342474,19.591,3.0275,4.4954,44.9541
2342474,19.759,24.4954,7.4312,39.3578
2342474,19.925,32.2018,12.9358,30.3670
2342474,20.091,37.8899,16.8807,18.4404
2342474,20.259,28.8991,26.7890,15.5046
2342474,20.425,24.4037,31.1009,11.2844
2342474,20.591,22.2936,32.0183,11.3761
2342474,20.757,18.3486,31.7431,15.8716
2342474,20.925,18.9908,28.7156,21.5596
2342474,21.091,22.5688,17.7982,32.7523
2342474,21.257,26.3303,3.6697,39.4495
2342474,21.427,25.9633,-4.4954,42.0183
2342474,21.650,22.5688,-8.0734,44.6789
2342474,21.817,24.0367,2.4771,41.4679
2342474,21.984,32.9358,9.8165,31.8349
2342474,22.150,37.2477,13.3945,23.7615
2342474,22.317,38.9908,18.1651,13.3945
2342474,22.483,35.8716,23.9450,6.4220
2342474,22.650,32.1101,27.3394,5.5046
2342474,22.817,25.5963,31.6514,1.2844
2342474,22.983,21.6514,32.9358,3.6697
2342474,23.150,24.1284,28.3486,15.8716
2342474,23.317,22.3853,21.5596,28.0734
2342474,23.483,16.5138,15.0459,36.7890
2342474,23.650,0.3670,8.7156,42.2018
2342474,23.817,-5.6881,8.5321,41.0092
2342474,23.983,-6.3303,14.2202,37.4312
2342474,24.149,3.6697,21.7431,33.3027
2342474,24.316,20.7339,26.2385,23.5780
2342474,24.483,26.9725,28.8073,12.2018
2342474,24.649,25.9633,30.9174,7.3394
2342474,24.816,29.4495,28.5321,7.4312
2342474,24.983,35.7798,20.6422,14.4954
2342474,25.149,38.0734,11.1927,23.2110
2342474,25.316,37.2477,0.7339,31.1009
2342474,25.483,27.1560,-3.5780,40.9174
2342474,25.651,23.5780,-1.9266,42.5688
2342474,25.886,26.6972,13.6697,33.3027
2342474,26.053,31.0092,22.2936,19.4495
2342474,26.219,29.8165,27.2477,10.0917
2342474,26.385,27.1560,30.0000,2.4771
2342474,26.569,32.3853,23.5780,13.5780
2342474,26.736,34.9541,12.5688,26.2385
2342474,26.902,36.0550,2.5688,31.7431
2342474,27.069,30.8257,-5.7798,39.0826
2342474,27.236,19.2661,-12.2936,45.8716
2342474,27.402,5.5963,-5.6881,47.4312
2342474,27.569,9.0826,6.2385,44.0367
2342474,27.736,23.0275,17.3395,32.6605
2342474,27.902,28.6239,22.8440,21.1927
2342474,28.068,28.5321,26.7890,12.4771
2342474,28.236,26.6055,26.0550,17.2477
2342474,28.404,26.6055,21.6514,24.4954
2342474,28.570,31.1927,12.7523,29.9083
2342474,28.737,29.0826,-2.7523,40.0917
2342474,28.904,12.4771,-16.6972,47.9817
2342474,29.070,-2.5688,-17.7064,47.6147
2342474,29.237,-5.7798,-12.5688,47.0642
2342474,29.404,-1.3761,-2.7523,47.0642
2342474,29.570,11.3761,7.3394,43.4862
2342474,29.737,27.1560,14.9541,31.9266
2342474,29.906,32.8440,19.2661,20.8257
2342474,30.101,34.2202,19.6330,17.8899
2342474,30.268,30.9174,11.4679,31.0092
2342474,30.435,23.6697,1.8349,41.3761
2342474,30.601,16.4220,-6.1468,46.4220
2342474,30.768,4.4037,-14.7706,48.6239
2342474,30.935,1.4679,-16.2385,48.6239
2342474,31.101,-2.5688,-7.2477,47.7982
2342474,31.268,4.7706,2.4771,46.0550
2342474,31.435,8.4404,10.5505,42.1101
2342474,31.601,23.2110,15.7798,33.6697
2342474,31.768,30.6422,18.7156,24.1284
2342474,31.934,33.4862,19.2661,19.1743
2342474,32.101,34.7706,11.1927,26.5138
2342474,32.268,34.2202,-2.7523,35.4128
2342474,32.434,25.8716,-15.6881,43.4862
2342474,32.601,14.0367,-26.4220,46.3303
2342474,32.768,4.3119,-27.5229,47.0642
2342474,32.934,2.5688,-18.5321,48.8991
2342474,33.101,12.0183,-4.6789,47.7064
2342474,33.268,25.3211,7.2477,38.6239
2342474,33.434,32.3853,14.0367,27.5229
2342474,33.601,36.3303,17.6147,17.1560
2342474,33.767,33.9450,18.5321,19.5413
2342474,33.934,32.2018,3.3028,34.8624
2342474,34.950,14.4037,0.1835,45.7798
2342474,35.150,34.5872,6.9725,31.4679
2342474,35.317,38.8991,12.6606,19.2661
2342474,35.483,37.7982,13.7615,19.0826
2342474,35.651,34.0367,-0.4587,34.5872
2342474,35.817,24.5872,-19.8165,43.9450
2342474,35.983,13.6697,-24.9541,47.0642
2342474,36.151,4.3119,-10.5505,48.8991
2342474,36.317,0.5505,6.9725,43.5780
2342474,36.483,3.2110,24.1284,29.8165
2342474,36.650,7.9817,31.3761,17.8899
2342474,36.817,5.9633,32.5688,16.4220
2342474,36.983,4.0367,28.8073,24.1284
2342474,37.150,1.6514,15.0459,38.2569
2342474,37.317,6.0550,-5.5963,47.7064
2342474,37.483,-5.4128,-14.8624,47.5229
2342474,37.650,-23.5780,1.2844,34.0367
2342474,37.817,-18.0734,21.1927,20.2752
2342474,37.983,-12.1101,28.6239,7.5229
2342474,38.149,-12.6606,27.9817,-8.8991
2342474,38.316,-26.0550,19.0826,5.6881
2342474,38.483,-24.7706,2.5688,29.4495
2342474,38.649,-11.1927,-27.8899,40.4587
2342474,38.816,-1.7431,-46.3303,30.8257
2342474,38.983,-12.8440,-49.2661,12.2936
2342474,39.152,-19.1743,-40.7339,-7.6147
2342474,39.369,-21.9266,-24.5872,-21.4679
2342474,39.537,-25.6881,-20.4587,-19.2661
2342474,39.703,-31.0092,-22.3853,-7.0642
2342474,39.871,-28.4404,-27.8899,17.5229
2342474,40.038,-6.3303,-35.5963,37.0642
2342474,40.205,26.0550,-39.1743,31.8349
2342474,40.371,35.1376,-39.4495,20.5505
2342474,40.539,38.4404,-38.7156,12.5688
2342474,40.705,40.7339,-36.3303,6.0550
2342474,40.871,36.6972,-41.2844,9.6330
2342474,41.039,16.5138,-52.5688,14.0367
2342474,41.205,-3.1193,-48.1651,27.0642
2342474,41.371,-18.8991,-35.5046,31.0092
2342474,41.537,-15.7798,-17.0642,42.1101
2342474,41.705,3.1193,3.0275,45.1376
2342474,41.871,18.4404,18.7156,32.9358
2342474,42.037,24.9541,23.3028,23.6697
2342474,42.205,24.1284,25.5046,21.2844
2342474,42.371,24.4037,26.1468,20.8257
2342474,42.537,26.1468,20.9174,26.5138
2342474,42.705,25.0459,9.1743,36.8807
2342474,42.871,20.1835,-7.7982,45.3211
2342474,43.037,14.0367,-25.0459,46.6055
2342474,43.205,1.1009,-28.5321,46.6972
2342474,43.373,-7.1560,-17.3395,47.0642
2342474,43.604,2.8440,6.4220,44.2202
2342474,43.771,6.1468,21.5596,32.9358
2342474,43.938,3.9450,31.8349,15.1376
2342474,44.105,-5.7798,32.8440,-3.3028
2342474,44.271,-17.9817,24.8624,-13.9450
2342474,44.438,-25.9633,14.0367,-16.8807
2342474,44.605,-34.4954,1.5596,-0.6422
2342474,44.771,-29.5413,-9.2661,23.3945
2342474,44.957,-5.1376,-24.5872,40.5505
2342474,45.124,6.6972,-32.7523,38.8991
2342474,45.290,7.3394,-41.5596,32.2018
2342474,45.457,6.3303,-47.7064,23.6697
2342474,45.624,-0.7339,-49.5413,17.7064
2342474,45.790,-14.5872,-45.1376,12.1101
2342474,45.956,-26.6972,-33.5780,7.1560
2342474,46.124,-33.3027,-18.0734,8.8991
2342474,46.290,-33.6697,-3.1193,10.0917
2342474,46.456,-28.8073,8.3486,16.1468
2342474,46.624,-26.3303,13.8532,14.8624
2342474,46.790,-29.9083,10.1835,11.2844
2342474,46.956,-30.4587,4.7706,15.0459
2342474,47.124,-28.1651,-5.7798,22.6606
2342474,47.290,-19.5413,-18.6239,31.7431
2342474,47.457,-13.4862,-28.8073,32.5688
2342474,47.626,-15.7798,-34.7706,26.9725
2342474,47.821,-27.6147,-19.7248,23.2110
2342474,47.988,-29.2661,4.4037,18.8991
2342474,48.155,-21.2844,18.8991,17.5229
2342474,48.321,-15.5963,25.3211,15.1376
2342474,48.488,-8.0734,32.4771,6.9725
2342474,48.654,-2.0183,35.9633,-3.6697
2342474,48.821,-4.5872,35.5046,-3.3945
2342474,48.988,-10.6422,29.9083,13.2110
2342474,49.154,-6.9725,19.1743,30.1835
2342474,49.321,1.6514,7.4312,40.1835
2342474,49.488,17.9817,-8.1651,43.2110
2342474,49.654,22.5688,-19.8165,41.1009
2342474,49.821,21.9266,-27.5229,39.7248
2342474,49.988,13.8532,-30.0000,42.0183
2342474,50.154,11.4679,-22.8440,45.0459
2342474,50.321,11.9266,-8.8991,45.7798
2342474,50.489,17.6147,7.2477,39.8165
2342474,50.656,13.4862,24.5872,25.6881
2342474,50.822,9.6330,32.6605,12.2018
2342474,50.989,1.9266,35.5046,-5.4128
2342474,51.156,-5.9633,33.0275,-11.9266
2342474,51.322,-9.3578,32.1101,-11.6514
2342474,51.489,-11.8349,30.4587,-13.2110
2342474,51.656,-20.7339,25.8716,-4.0367
2342474,51.824,-22.2936,14.1284,21.5596
2342474,52.030,-11.1009,-5.3211,39.5413
2342474,52.197,-8.9908,-26.2385,39.2661
2342474,52.363,-23.4862,-26.4220,27.7982
2342474,52.531,-32.0183,-10.0000,17.6147
2342474,52.697,-31.4679,6.4220,3.2110
2342474,52.863,-31.8349,5.2294,5.1376
2342474,53.029,-30.1835,-4.5872,18.8991
2342474,53.197,-21.9266,-8.7156,31.6514
2342474,53.363,-4.6789,-21.9266,40.6422
2342474,53.529,18.1651,-30.8257,36.8807
2342474,53.697,34.8624,-33.7615,20.8257
2342474,53.863,39.2661,-33.6697,5.7798
2342474,54.029,37.8899,-29.2661,-12.2936
2342474,54.197,27.2477,-27.7064,-24.9541
2342474,54.363,23.5780,-37.0642,-19.8165
2342474,54.530,8.6239,-47.0642,-9.0826
2342474,54.697,1.0092,-49.2661,9.6330
2342474,54.863,5.0459,-43.3028,28.3486
2342474,55.030,22.2936,-24.9541,39.4495
2342474,55.197,26.2385,0.2752,38.4404
2342474,55.363,18.2569,19.5413,30.5505
2342474,55.530,16.6055,28.3486,20.0000
2342474,55.696,13.7615,30.7339,16.6972
2342474,55.863,6.9725,34.0367,11.1927
2342474,56.032,1.7431,33.8532,11.7431
2342474,56.249,5.2294,29.4495,22.5688
2342474,56.417,15.5963,18.0734,33.1193
2342474,56.583,23.4862,2.7523,38.8991
2342474,56.749,33.7615,-22.8440,33.4862
2342474,56.917,14.7706,-42.4771,33.3945
2342474,57.083,-0.3670,-35.5963,39.5413
2342474,57.249,-15.0459,-19.9083,40.1835
2342474,57.416,-16.6972,6.9725,34.7706
2342474,57.583,-22.2018,14.4954,22.2018
2342474,57.749,-25.5046,6.6055,24.0367
2342474,57.916,-24.5872,-3.3945,29.5413
2342474,58.083,-24.7706,-13.4862,29.5413
2342474,58.249,-7.7064,-26.4220,38.5321
2342474,58.416,21.4679,-34.6789,33.1193
2342474,58.583,39.1743,-31.7431,13.3945
2342474,58.749,39.2661,-29.7248,-7.9817
2342474,58.916,33.0275,-32.6605,-15.3211
2342474,59.083,23.4862,-32.4771,-24.2202
2342474,59.249,6.9725,-36.2385,-25.2294
2342474,59.416,-3.5780,-41.7431,-15.2294
2342474,59.583,1.9266,-44.5872,-12.4771
2342474,59.749,5.1376,-47.1560,-5.0459
2342474,59.916,26.0550,-43.7615,8.0734
2342474,60.082,31.3761,-40.8257,6.6055
2342474,60.251,25.3211,-43.9450,-5.6881
2342474,60.483,31.3761,-37.2477,-12.2936
2342474,60.650,26.0550,-35.2294,-21.0092
2342474,60.817,26.8807,-32.2018,-23.5780
2342474,60.984,32.5688,-31.5596,-18.5321
2342474,61.152,33.3945,-31.4679,-18.0734
2342474,61.319,36.9725,-25.5046,-19.5413
2342474,61.486,34.8624,-15.3211,-27.3394
2342474,61.652,28.2569,-8.5321,-33.7615
2342474,61.819,19.1743,-23.9450,-33.4862
2342474,61.986,3.8532,-40.0917,-21.4679
2342474,62.152,15.6881,-44.9541,-10.2752
2342474,62.338,39.4495,-25.9633,-14.8624
2342474,62.505,40.8257,-9.5413,-21.7431
2342474,62.671,35.6881,-0.1835,-26.9725
2342474,62.838,28.8073,-0.5505,-32.9358
2342474,63.005,19.3578,-6.8807,-37.9817
2342474,63.171,10.1835,-27.0642,-33.7615
2342474,63.339,15.6881,-39.5413,-20.6422
2342474,63.505,27.8899,-32.3853,-21.1009
2342474,63.671,37.5229,-17.6147,-22.9358
2342474,63.838,32.0183,7.7982,-28.1651
2342474,64.005,26.0550,12.6606,-29.0826
2342474,64.171,21.1927,8.5321,-32.1101
2342474,64.338,19.0826,-3.2110,-37.8899
2342474,64.507,17.7064,-22.1101,-34.6789
2342474,64.701,27.9817,-32.2018,-21.2844
2342474,64.868,37.8899,-22.8440,-18.0734
2342474,65.035,39.9083,-1.8349,-22.5688
2342474,65.202,27.6147,12.6606,-29.5413
2342474,65.368,23.2110,13.9450,-28.8991
2342474,65.535,17.4312,7.1560,-33.6697
2342474,65.701,13.6697,0.3670,-38.3486
2342474,65.868,10.0000,-19.0826,-36.7890
2342474,66.035,20.1835,-31.3761,-26.2385
2342474,66.202,36.0550,-19.2661,-22.4771
2342474,66.368,38.8991,-3.2110,-24.1284
2342474,66.535,25.0459,17.7064,-28.9908
2342474,66.702,17.3395,22.9358,-23.6697
2342474,66.868,17.4312,17.9817,-29.5413
2342474,67.034,16.2385,7.1560,-37.8899
2342474,67.201,12.2018,-16.4220,-36.8807
2342474,67.368,13.4862,-38.0734,-19.9083
2342474,67.534,24.1284,-41.1927,-2.6606
2342474,67.702,40.0000,-26.4220,-6.0550
2342474,67.868,38.7156,-6.0550,-24.2202
2342474,68.034,35.7798,-9.8165,-27.4312
2342474,68.202,27.3394,-30.0000,-24.2202
2342474,68.368,18.0734,-34.3119,-25.3211
2342474,68.534,23.1193,-18.9908,-34.6789
2342474,68.703,17.0642,-26.4220,-33.1193
2342474,68.910,6.4220,-43.5780,-12.9358
2342474,69.076,11.0092,-46.6055,8.0734
2342474,69.243,30.0917,-36.9725,16.2385
2342474,69.410,46.6055,-10.9174,-7.3394
2342474,69.576,42.4771,-3.3028,-19.7248
2342474,69.742,38.8073,-5.5963,-25.7798
2342474,69.910,29.6330,-15.9633,-32.3853
2342474,70.076,15.3211,-24.2202,-35.3211
2342474,70.242,9.6330,-29.5413,-32.4771
2342474,70.410,11.9266,-42.8440,-15.2294
2342474,70.576,15.8716,-46.4220,-0.8257
2342474,70.742,33.3027,-38.0734,3.3945
2342474,70.910,42.7523,-23.9450,-8.7156
2342474,71.076,45.2294,-9.1743,-13.3028
2342474,71.242,46.0550,1.9266,-9.9083
2342474,71.410,43.9450,-4.1284,-17.9817
2342474,71.576,26.0550,-25.2294,-30.3670
2342474,71.744,0.0000,-36.4220,-24.9541
2342474,71.912,-11.3761,-40.2752,-10.6422
2342474,72.078,8.6239,-47.9817,5.5046
2342474,72.244,32.6605,-39.2661,8.1651
2342474,72.411,45.1376,-21.9266,-3.0275
2342474,72.578,44.8624,-11.5596,-14.0367
2342474,72.744,42.1101,-7.7982,-20.5505
2342474,72.913,21.2844,-20.8257,-34.7706
2342474,73.128,3.4862,-35.3211,-26.7890
2342474,73.294,3.0275,-47.8899,-0.8257
2342474,73.461,10.1835,-43.3945,25.1376
2342474,73.628,23.3945,-31.2844,33.3027
2342474,73.794,35.9633,-19.3578,29.7248
2342474,73.961,38.8991,-14.8624,28.9908
2342474,74.128,39.6330,-24.8624,23.4862
2342474,74.294,34.3119,-39.7248,13.3028
2342474,74.461,10.4587,-50.6422,-2.5688
2342474,74.628,-1.7431,-48.8991,16.6055
2342474,74.794,-2.0183,-24.1284,41.7431
2342474,74.961,-1.1927,-3.1193,43.8532
2342474,75.127,-0.6422,13.3028,37.9817
2342474,75.294,-10.1835,4.7706,38.8073
2342474,75.461,-10.3670,-11.6514,41.1927
2342474,75.627,1.7431,-30.8257,40.0000
2342474,75.794,-0.6422,-48.3486,20.2752
2342474,75.961,-14.2202,-45.7798,6.7890
2342474,76.127,-21.7431,-40.9174,-1.6514
2342474,76.294,-32.5688,-19.4495,13.1193
2342474,76.461,-27.6147,4.0367,23.0275
2342474,76.627,-26.3303,21.1009,1.0092
2342474,76.794,-28.8991,10.6422,-17.1560
2342474,76.961,-30.4587,-14.4954,-13.0275
2342474,77.129,-20.7339,-33.8532,-8.8073
2342474,77.337,0.8257,-41.7431,-18.1651
2342474,77.503,6.7890,-29.9083,-32.2018
2342474,77.669,1.0092,-14.8624,-39.0826
2342474,77.836,-22.2018,-0.8257,-28.6239
2342474,78.003,-30.5505,2.9358,-15.0459
2342474,78.170,-33.1193,1.6514,-6.7890
2342474,78.336,-33.4862,-10.3670,-4.0367
2342474,78.503,-30.4587,-22.4771,7.1560
2342474,78.670,-19.1743,-35.5046,17.3395
2342474,78.836,8.2569,-49.0826,7.8899
2342474,79.003,32.9358,-40.1835,-1.7431
2342474,79.170,46.3303,-15.8716,-7.4312
2342474,79.336,45.5046,4.4037,-11.1009
2342474,79.513,43.5780,1.3761,-16.0550
2342474,79.679,30.8257,-24.6789,-27.7982
2342474,79.846,7.4312,-37.8899,-25.0459
2342474,80.013,-10.0000,-40.7339,-14.6789
2342474,80.179,-1.8349,-48.1651,0.3670
2342474,80.346,7.7982,-48.4404,16.1468
2342474,80.513,19.0826,-39.8165,29.6330
2342474,80.679,26.7890,-21.6514,37.7064
2342474,80.846,27.2477,-8.7156,39.1743
2342474,81.013,33.4862,-6.0550,35.1376
2342474,81.179,35.7798,-17.7064,32.7523
2342474,81.348,38.1651,-33.0275,21.1009
2342474,81.528,15.0459,-51.5596,11.6514
2342474,81.695,-10.0917,-47.6147,16.7890
2342474,81.862,-4.0367,-35.5046,36.4220
2342474,82.028,3.4862,-17.8899,44.8624
2342474,82.195,-0.9174,2.9358,42.2018
2342474,82.363,-8.4404,16.2385,32.7523
2342474,82.530,-25.4128,3.0275,26.1468
2342474,82.697,-23.5780,-25.4128,25.2294
2342474,82.864,-18.6239,-37.2477,17.6147
2342474,83.030,-14.4954,-43.6697,7.1560
2342474,83.197,-30.7339,-23.4862,-3.6697
2342474,83.364,-34.0367,-2.4771,10.1835
2342474,83.530,-27.1560,14.1284,14.8624
2342474,83.696,-20.8257,24.1284,10.1835
2342474,83.863,-29.5413,13.2110,-5.7798
2342474,84.030,-30.5505,-18.0734,-7.6147
2342474,84.196,-0.1835,-46.0550,-4.0367
2342474,84.364,13.2110,-36.6055,-24.4954
2342474,84.530,7.6147,-7.9817,-41.1009
2342474,84.696,2.4771,15.2294,-38.4404
2342474,84.864,-12.3853,14.7706,-33.0275
2342474,85.030,-29.0826,7.4312,-16.5138
2342474,85.196,-32.2936,5.1376,-6.3303
2342474,85.364,-33.4862,-5.3211,-6.1468
2342474,85.532,-25.6881,-28.8073,12.3853
2342474,85.729,-6.6055,-36.9725,28.6239
2342474,85.897,16.3303,-29.7248,36.4220
2342474,86.063,30.0917,-21.6514,34.4037
2342474,86.229,37.9817,-21.1927,27.2477
2342474,86.397,44.3119,-22.6606,14.1284
2342474,86.563,43.3945,-26.3303,-5.9633
2342474,86.729,27.7982,-30.2752,-26.9725
2342474,86.896,1.8349,-37.9817,-26.1468
2342474,87.063,-10.2752,-44.6789,-7.7064
2342474,87.230,0.3670,-48.4404,17.3395
2342474,87.396,12.9358,-45.3211,25.6881
2342474,87.563,22.2018,-22.4771,40.0917
2342474,87.730,12.3853,13.1193,37.5229
2342474,87.896,-2.0183,14.4954,36.5138
2342474,88.063,-4.9541,3.3028,41.1009
2342474,88.230,5.1376,-14.3119,44.5872
2342474,88.396,6.6055,-35.6881,37.6147
2342474,88.563,-0.0917,-46.5138,26.1468
2342474,88.730,-21.0092,-37.5229,21.5596
2342474,88.896,-12.0183,-19.8165,40.0917
2342474,89.063,-4.1284,0.1835,42.1101
2342474,89.230,-14.1284,21.6514,23.7615
2342474,89.396,-25.9633,22.5688,-8.4404
2342474,89.563,-32.2018,5.3211,9.4495
2342474,89.732,-21.1927,-30.7339,20.4587
2342474,89.938,-13.9450,-42.9358,4.4954
2342474,90.104,-27.7982,-26.7890,-5.8716
2342474,90.271,-34.4954,-2.1101,-2.4771
2342474,90.438,-29.4495,16.3303,1.2844
2342474,90.604,-27.5229,18.9908,0.0917
2342474,90.772,-30.8257,12.8440,-3.3945
2342474,90.938,-33.3027,2.2936,-4.1284
2342474,91.104,-31.3761,-19.2661,0.9174
2342474,91.272,-15.2294,-40.1835,8.3486
2342474,91.438,10.7339,-47.7064,6.6972
2342474,91.604,26.1468,-38.6239,-15.4128
2342474,91.771,17.7982,-25.3211,-32.4771
2342474,91.938,2.8440,-9.4495,-39.1743
2342474,92.104,-10.6422,8.7156,-35.3211
2342474,92.271,-16.2385,3.2110,-33.8532
2342474,92.438,-25.1376,-24.4954,-13.8532
2342474,92.604,-22.4771,-34.2202,6.7890
2342474,92.771,-6.9725,-36.7890,28.9908
2342474,92.940,15.1376,-24.1284,39.9083
2342474,93.106,38.3486,-17.4312,28.2569
2342474,93.273,47.6147,-10.5505,11.6514
2342474,93.440,44.9541,-23.3028,-6.6055
2342474,93.606,31.3761,-32.3853,-21.2844
2342474,93.773,10.1835,-38.0734,-26.4220
2342474,93.942,5.3211,-51.1009,7.0642
2342474,94.156,12.7523,-39.0826,34.3119
2342474,94.322,16.2385,-20.9174,43.1193
2342474,94.489,7.0642,1.5596,43.4862
2342474,94.656,10.9174,16.1468,36.2385
2342474,94.822,-5.0459,16.3303,34.4954
2342474,94.989,-6.9725,-3.0275,41.8349
2342474,95.156,15.5046,-27.8899,40.5505
2342474,95.322,17.3395,-45.9633,25.0459
2342474,95.489,-12.9358,-41.1927,24.5872
2342474,95.656,-17.3395,-24.0367,35.1376
2342474,95.822,-1.9266,-13.2110,44.4037
2342474,95.989,-4.7706,18.5321,32.1101
2342474,96.156,-12.9358,30.7339,9.9083
2342474,96.322,-24.0367,23.3945,5.5046
2342474,96.489,-33.2110,7.5229,-2.7523
2342474,96.655,-30.6422,-20.0000,12.8440
2342474,96.832,-10.3670,-44.9541,4.6789
2342474,96.998,-26.6972,-24.8624,-12.8440
2342474,97.165,-31.9266,10.4587,0.1835
2342474,97.332,-21.4679,25.1376,7.6147
2342474,97.498,-19.8165,28.0734,1.1009
2342474,97.665,-25.8716,21.3761,0.0917
2342474,97.832,-32.4771,8.6239,1.0092
2342474,97.999,-32.3853,-15.7798,0.9174
2342474,98.167,-3.2110,-45.1376,11.3761
2342474,98.347,26.6972,-39.5413,-11.7431
2342474,98.514,14.8624,-27.8899,-32.0183
2342474,98.680,-6.4220,-13.5780,-36.8807
2342474,98.847,-16.6972,-9.3578,-32.6605
2342474,99.014,-28.8991,-10.8257,-16.8807
2342474,99.180,-31.9266,-18.0734,0.0000
2342474,99.347,-24.4954,-29.6330,14.2202
2342474,99.514,-3.8532,-38.9908,26.7890
2342474,99.680,20.6422,-39.8165,24.9541
2342474,99.846,40.5505,-25.8716,18.2569
2342474,100.014,43.3028,-27.6147,5.6881
2342474,100.180,38.9908,-32.7523,-6.1468
2342474,100.347,32.4771,-36.1468,-13.3028
2342474,100.515,20.0000,-43.8532,-13.1193
2342474,100.681,3.8532,-49.5413,-0.8257
2342474,100.848,-0.4587,-41.8349,27.7982
2342474,101.015,18.0734,-29.8165,37.2477
2342474,101.182,32.9358,-27.1560,30.0917
2342474,101.349,43.2110,-25.2294,15.2294
2342474,101.516,46.0550,-22.2936,8.8073
2342474,101.683,44.0367,-26.8807,7.5229
2342474,101.849,43.0275,-27.5229,10.9174
2342474,102.017,43.7615,-25.4128,10.4587
2342474,102.184,44.8624,-24.5872,9.0826
2342474,102.352,45.7798,-20.5505,10.5505
2342474,102.549,46.1468,-19.4495,10.0917
2342474,102.716,46.1468,-18.9908,10.0000
2342474,102.882,47.0642,-15.4128,10.0000
2342474,103.050,46.3303,-12.2018,14.8624
2342474,103.217,42.7523,-10.4587,23.1193
2342474,103.383,42.8440,-9.4495,22.2018
2342474,103.551,41.7431,-11.2844,24.3119
2342474,103.719,39.0826,-15.5963,27.6147
2342474,103.886,35.5963,-17.7982,30.3670
2342474,104.052,25.5963,-25.0459,36.0550
2342474,104.220,21.6514,-27.2477,37.2477
2342474,104.387,21.1927,-27.5229,37.7064
2342474,104.553,25.1376,-24.3119,36.7890
2342474,104.721,26.6055,-21.7431,36.7890
2342474,104.887,33.7615,-18.8073,32.9358
2342474,105.054,38.5321,-17.7064,28.3486
2342474,105.222,42.2018,-22.7523,20.3670
2342474,105.388,41.1009,-32.2018,10.7339
2342474,105.555,28.3486,-44.2202,15.0459
2342474,105.722,15.5046,-41.1927,31.6514
2342474,105.889,18.3486,-23.9450,42.0183
2342474,106.056,27.8899,-1.4679,38.0734
2342474,106.223,36.9725,4.9541,28.1651
2342474,106.390,40.1835,-3.8532,28.2569
2342474,106.559,38.5321,-11.6514,30.4587
2342474,106.757,37.6147,-19.3578,30.8257
2342474,106.924,36.8807,-21.3761,31.0092
2342474,107.091,36.2385,-20.4587,32.1101
2342474,107.257,37.4312,-16.9725,31.5596
2342474,107.425,33.7615,-16.5138,35.2294
2342474,107.591,33.3027,-16.9725,35.2294
2342474,107.758,31.8349,-19.3578,36.0550
2342474,107.926,32.3853,-20.0917,35.4128
2342474,108.092,34.1284,-21.3761,33.3027
2342474,108.259,36.3303,-22.0183,30.7339
2342474,108.426,40.3670,-19.5413,26.5138
2342474,108.593,41.4679,-14.3119,26.1468
2342474,108.760,39.9083,-7.7982,28.3486
2342474,108.927,36.2385,-5.2294,32.8440
2342474,109.094,31.7431,-12.8440,36.8807
2342474,109.260,29.8165,-21.6514,36.6972
2342474,109.428,30.8257,-30.9174,31.8349
2342474,109.595,28.0734,-38.3486,26.7890
2342474,109.761,31.1927,-38.8991,23.0275
2342474,109.929,36.8807,-33.4862,21.4679
2342474,110.096,42.8440,-23.3028,19.8165
2342474,110.262,39.9083,-14.2202,28.4404
2342474,110.430,33.4862,-7.8899,35.4128
2342474,110.596,24.2202,-4.0367,40.6422
2342474,110.765,16.2385,-0.6422,43.3028
2342474,110.975,6.8807,1.4679,43.9450
2342474,111.143,3.2110,2.9358,43.2110
2342474,111.310,-1.5596,3.1193,42.2018
2342474,111.476,2.1101,3.3945,42.8440
2342474,111.644,6.3303,-0.1835,43.7615
2342474,111.810,4.9541,-6.7890,45.0459
2342474,111.977,2.5688,-9.6330,45.4128
2342474,112.144,3.8532,-10.2752,45.8716
2342474,112.311,9.5413,-9.3578,45.7798
2342474,112.478,18.9908,-11.7431,43.9450
2342474,112.645,28.2569,-7.0642,39.8165
2342474,112.812,30.4587,6.0550,34.4037
2342474,112.978,25.8716,15.2294,32.0183
2342474,113.145,10.2752,19.8165,33.7615
2342474,113.312,-5.7798,16.8807,34.2202
2342474,113.479,-18.2569,10.0917,30.6422
2342474,113.646,-27.2477,3.3945,23.6697
2342474,113.823,-31.5596,-6.3303,16.8807
2342474,113.990,-32.1101,-16.0550,13.3945
2342474,114.158,-30.2752,-24.6789,9.0826
2342474,114.326,-27.9817,-29.4495,7.3394
2342474,114.493,-27.0642,-30.9174,5.8716
2342474,114.659,-26.7890,-31.7431,4.0367
2342474,114.827,-24.6789,-34.2202,6.4220
2342474,114.996,-25.0459,-34.2202,4.4037
2342474,115.175,-21.6514,-37.7982,3.1193
2342474,115.343,-18.8991,-40.3670,0.5505
2342474,115.510,-16.4220,-42.5688,1.7431
2342474,115.676,-13.3028,-44.3119,2.2018
2342474,115.844,-10.0000,-45.9633,0.7339
2342474,116.011,-11.1009,-43.9450,-5.7798
2342474,116.177,-10.5505,-43.0275,-7.8899
2342474,116.345,-11.1927,-43.3945,-5.6881
2342474,116.511,-5.4128,-45.9633,-5.2294
2342474,116.678,-0.1835,-48.3486,-2.5688
2342474,116.845,12.5688,-48.5321,-2.1101
2342474,117.012,16.0550,-45.5046,-11.0092
2342474,117.179,8.7156,-42.0183,-19.3578
2342474,117.346,4.6789,-37.8899,-24.6789
2342474,117.513,-7.9817,-31.1009,-27.0642
2342474,117.680,-29.8165,-20.0000,-8.9908
2342474,117.847,-33.4862,-9.9083,5.2294
2342474,118.014,-30.7339,-17.7982,12.2936
2342474,118.180,-13.0275,-36.9725,24.0367
2342474,118.347,13.8532,-44.9541,22.0183
2342474,118.514,30.0000,-41.6514,-2.7523
2342474,118.681,9.7248,-31.8349,-29.7248
2342474,118.848,-20.9174,-0.1835,-30.4587
2342474,119.015,-30.3670,14.3119,-5.5046
2342474,119.184,-31.8349,10.7339,-6.9725
2342474,119.372,-31.9266,-14.9541,6.6055
2342474,119.540,6.7890,-37.6147,28.1651
2342474,119.706,35.9633,-34.8624,4.4954
2342474,119.873,30.0000,-26.9725,-25.6881
2342474,120.041,-11.1009,-3.3945,-38.5321
2342474,120.207,-26.6055,19.1743,-16.9725
2342474,120.374,-29.2661,13.2110,-18.7156
2342474,120.541,-30.0000,-0.6422,-22.1101
2342474,120.708,-30.1835,-17.7982,-5.9633
2342474,120.875,-8.9908,-31.6514,24.7706
2342474,121.042,0.9174,-34.4954,27.3394
2342474,121.209,-2.2936,-34.9541,26.1468
2342474,121.376,-2.4771,-34.5872,26.2385
2342474,121.543,-3.8532,-34.2202,25.7798
2342474,121.710,-5.4128,-33.6697,25.5046
2342474,121.876,-5.9633,-33.3945,25.5963
2342474,122.044,-6.5138,-33.1193,25.8716
2342474,122.211,-7.7982,-32.5688,25.1376
2342474,122.377,-8.1651,-32.1101,26.0550
2342474,122.545,-7.9817,-31.3761,26.8807
2342474,122.711,-9.2661,-30.6422,27.2477
2342474,122.878,-6.7890,-31.5596,27.7982
2342474,123.044,-8.8073,-31.9266,26.4220
2342474,123.212,-15.4128,-30.4587,23.3028
2342474,123.381,-17.1560,-29.1743,22.2936
2342474,123.587,-14.4954,-29.8165,25.0459
2342474,123.754,-11.4679,-30.8257,26.4220
2342474,123.921,-8.2569,-31.7431,27.7982
2342474,124.088,-5.9633,-32.2018,29.0826
2342474,124.255,-3.7615,-32.5688,29.5413
2342474,124.422,-1.9266,-32.7523,30.0000
2342474,124.588,0.5505,-32.1101,31.7431
2342474,124.758,7.6147,-30.6422,33.6697
2342474,124.925,16.5138,-26.0550,35.4128
2342474,125.091,27.7982,-17.6147,34.3119
2342474,125.259,33.7615,-5.7798,31.9266
2342474,125.426,33.2110,7.4312,29.3578
2342474,125.592,33.3027,17.3395,23.1193
2342474,125.760,26.8807,26.6972,19.8165
2342474,125.926,17.7064,33.1193,17.0642
2342474,126.093,2.0183,36.8807,12.7523
2342474,126.260,-12.3853,34.0367,7.7064
2342474,126.427,-26.0550,22.2018,6.3303
2342474,126.594,-31.6514,7.4312,9.6330
2342474,126.760,-33.0275,-5.0459,8.2569
2342474,126.928,-28.8991,-14.0367,17.3395
2342474,127.094,-25.0459,-21.9266,18.3486
2342474,127.261,-18.2569,-28.4404,22.4771
2342474,127.428,-13.4862,-32.0183,23.6697
2342474,127.597,-2.1101,-33.7615,29.5413
2342474,127.805,14.5872,-36.6972,28.0734
2342474,127.973,23.3945,-30.3670,30.0000
2342474,128.140,32.8440,-20.5505,30.0000
2342474,128.306,40.5505,-16.8807,23.2110
2342474,128.474,38.7156,-8.6239,27.5229
2342474,128.640,38.7156,-8.1651,28.7156
2342474,128.807,40.9174,-22.2936,21.8349
2342474,128.974,33.3027,-36.2385,21.2844
2342474,129.141,22.6606,-39.1743,29.1743
2342474,129.308,14.4954,-35.1376,35.6881
2342474,129.475,2.1101,-27.9817,40.3670
2342474,129.642,-7.5229,-28.9908,37.0642
2342474,129.808,-18.2569,-28.5321,29.7248
2342474,129.976,-24.3119,-26.8807,22.2936
2342474,130.143,-27.8899,-25.9633,13.9450
2342474,130.309,-30.0917,-23.5780,4.5872
2342474,130.487,-29.2661,-21.9266,-7.0642
2342474,130.653,-24.1284,-22.2936,-18.4404
2342474,130.820,-14.4037,-25.5963,-26.9725
2342474,130.988,-2.9358,-33.8532,-26.6055
2342474,131.154,5.1376,-34.7706,-27.9817
2342474,131.321,7.2477,-37.5229,-26.1468
2342474,131.488,22.8440,-36.2385,-23.5780
2342474,131.655,30.0917,-37.7982,-16.8807
2342474,131.824,34.4954,-38.7156,-6.9725
2342474,132.005,37.0642,-38.3486,8.5321
2342474,132.171,31.8349,-37.0642,22.9358
2342474,132.338,23.8532,-33.4862,33.1193
2342474,132.504,15.5046,-30.9174,38.1651
2342474,132.672,10.4587,-30.8257,38.7156
2342474,132.839,6.8807,-30.9174,38.8073
2342474,133.005,-0.9174,-29.5413,38.1651
2342474,133.173,-7.3394,-23.3028,38.8073
2342474,133.339,-14.2202,-12.1101,37.6147
2342474,133.506,-19.7248,5.8716,29.5413
2342474,133.674,-26.7890,-12.2018,24.2202
2342474,133.840,-31.3761,-19.4495,5.2294
2342474,134.007,-28.2569,-26.3303,6.5138
2342474,134.174,-26.2385,-30.1835,3.5780
2342474,134.341,-22.4771,-34.6789,1.4679
2342474,134.508,-18.0734,-38.8073,0.4587
2342474,134.675,-12.2936,-42.9358,1.6514
2342474,134.842,-6.1468,-46.3303,3.4862
2342474,135.008,2.2936,-48.3486,6.6055
2342474,135.176,8.7156,-48.6239,9.4495
2342474,135.344,14.1284,-48.3486,8.9908
2342474,135.511,20.9174,-45.9633,12.0183
2342474,135.679,26.1468,-43.5780,13.3028
2342474,135.845,31.0092,-39.5413,15.4128
2342474,136.014,33.2110,-36.8807,17.6147
2342474,136.202,35.9633,-32.9358,20.0000
2342474,136.370,35.6881,-27.6147,25.7798
2342474,136.536,34.2202,-20.8257,31.0092
2342474,136.703,27.7982,-13.3945,37.5229
2342474,136.871,23.5780,-7.5229,39.7248
2342474,137.037,18.5321,-3.3028,41.1927
2342474,137.204,13.0275,1.1927,41.8349
2342474,137.371,5.5963,4.1284,41.5596
2342474,137.538,-2.8440,6.5138,39.4495
2342474,137.705,-8.5321,6.6972,37.5229
2342474,137.872,-11.4679,5.1376,36.6055
2342474,138.039,-13.4862,3.8532,35.7798
2342474,138.205,-15.7798,2.8440,34.4037
2342474,138.373,-20.2752,4.4954,29.8165
2342474,138.540,-24.4037,1.8349,26.1468
2342474,138.706,-28.3486,-1.2844,20.9174
2342474,138.873,-30.7339,-5.5046,16.8807
2342474,139.040,-31.5596,-11.3761,12.9358
2342474,139.207,-30.8257,-18.0734,10.6422
2342474,139.373,-28.4404,-25.3211,8.2569
2342474,139.541,-25.5046,-31.0092,3.6697
2342474,139.708,-20.3670,-36.8807,1.7431
2342474,139.874,-16.7890,-40.5505,2.1101
2342474,140.042,-11.6514,-43.9450,3.3945
2342474,140.211,-6.5138,-46.1468,3.3028
2342474,140.417,0.0000,-48.2569,-3.2110
2342474,140.584,2.5688,-46.8807,-10.1835
2342474,140.751,8.1651,-43.8532,-17.8899
2342474,140.918,10.8257,-48.3486,-4.9541
2342474,141.085,17.7982,-47.0642,-3.8532
2342474,141.252,22.0183,-46.3303,-1.5596
2342474,141.418,22.4771,-45.9633,-1.6514
2342474,141.586,23.5780,-45.2294,-3.6697
2342474,141.753,21.1927,-44.9541,-8.8991
2342474,141.919,22.9358,-44.2202,-8.6239
2342474,142.087,28.8991,-40.0000,-11.1927
2342474,142.254,35.1376,-37.4312,-3.8532
2342474,142.420,34.8624,-37.5229,-3.4862
2342474,142.588,29.7248,-42.4771,2.1101
2342474,142.754,16.1468,-47.6147,8.0734
2342474,142.921,7.0642,-48.3486,10.4587
2342474,143.087,4.4037,-48.2569,13.0275
2342474,143.255,19.4495,-43.3028,21.5596
2342474,143.422,34.0367,-37.4312,14.2202
2342474,143.588,39.7248,-33.0275,-5.1376
2342474,143.756,25.9633,-42.2018,-10.6422
2342474,143.923,11.0092,-46.2385,-11.5596
2342474,144.089,-4.5872,-45.5046,-3.7615
2342474,144.257,-20.6422,-29.5413,-16.2385
2342474,144.426,-26.9725,-15.7798,-18.8073
2342474,144.635,-28.0734,-24.6789,-5.5963
2342474,144.803,-20.0000,-36.7890,5.5046
2342474,144.969,-8.8073,-44.0367,10.0000
2342474,145.136,0.2752,-46.3303,12.2018
2342474,145.304,5.6881,-47.2477,11.6514
2342474,145.470,8.1651,-48.5321,4.9541
2342474,145.637,9.4495,-48.8073,8.1651
2342474,145.804,14.9541,-44.3119,22.1101
2342474,145.973,30.6422,-35.3211,23.5780
2342474,146.139,43.6697,-25.8716,11.1927
2342474,146.307,44.9541,-25.1376,-1.0092
2342474,146.474,38.0734,-34.6789,-6.3303
2342474,146.640,24.2202,-43.4862,-10.0917
2342474,146.808,4.8624,-45.6881,-11.8349
2342474,146.975,-14.2202,-37.5229,-13.6697
2342474,147.141,-28.1651,-15.9633,-17.2477
2342474,147.309,-31.2844,6.4220,-11.1009
2342474,147.486,-29.9083,13.7615,2.9358
2342474,147.653,-27.0642,12.3853,16.5138
2342474,147.820,-24.6789,8.5321,23.3028
2342474,147.987,-24.2202,4.7706,25.1376
2342474,148.154,-25.9633,3.1193,23.3028
2342474,148.321,-25.8716,1.5596,24.1284
2342474,148.488,-26.7890,1.6514,22.5688
2342474,148.657,-21.9266,1.1927,29.0826
2342474,148.836,-28.3486,1.2844,19.7248
2342474,149.004,-32.8440,-2.2936,7.7064
2342474,149.171,-33.1193,-9.7248,-1.9266
2342474,149.337,-27.6147,-24.4954,10.3670
2342474,149.505,-18.9908,-26.2385,25.5963
2342474,149.672,-24.2202,-18.0734,24.4954
2342474,149.838,-25.5963,-6.4220,25.2294
2342474,150.006,-21.7431,3.5780,28.4404
2342474,150.172,-16.0550,4.3119,33.8532
2342474,150.339,-6.6972,-14.3119,40.4587
2342474,150.506,2.4771,-30.0000,37.4312
2342474,150.673,20.7339,-28.6239,35.7798
2342474,150.840,32.0183,-17.7064,33.7615
2342474,151.007,30.2752,-9.2661,35.5046
2342474,151.174,23.3945,2.2018,37.7982
2342474,151.340,5.8716,6.2385,40.3670
2342474,151.508,-12.0183,7.2477,35.0459
2342474,151.675,-23.6697,12.3853,21.2844
2342474,151.841,-28.7156,5.8716,17.0642
2342474,152.008,-21.6514,-3.2110,30.0000
2342474,152.175,-9.8165,-8.0734,38.5321
2342474,152.342,-3.6697,-9.2661,41.1009
2342474,152.508,2.3853,-6.0550,42.2018
2342474,152.676,5.4128,-4.2202,42.4771
2342474,152.845,9.4495,-5.5963,42.3853
2342474,153.033,11.6514,-11.0092,42.3853
2342474,153.201,13.4862,-17.8899,41.1009
2342474,153.367,4.8624,-28.8073,37.8899
2342474,153.534,-2.7523,-37.0642,29.9083
2342474,153.701,-13.5780,-38.2569,19.2661
2342474,153.868,-22.4771,-33.2110,9.5413
2342474,154.035,-26.9725,-26.4220,-4.5872
2342474,154.202,-27.7064,-24.0367,-6.1468
2342474,154.369,-27.2477,-18.2569,-14.4037
2342474,154.535,-25.5963,-19.6330,-16.9725
2342474,154.703,-17.7982,-37.0642,-2.7523
2342474,154.870,-4.4037,-44.5872,11.1927
2342474,155.036,1.6514,-44.4954,17.2477
2342474,155.204,6.6055,-43.8532,20.0917
2342474,155.371,6.6055,-43.9450,21.0092
2342474,155.537,13.3945,-36.5138,30.4587
2342474,155.704,12.1101,-35.5963,32.4771
2342474,155.871,20.5505,-31.8349,33.3027
2342474,156.038,36.8807,-24.1284,25.7798
2342474,156.204,45.0459,-17.7982,14.3119
2342474,156.372,47.4312,-14.0367,7.8899
2342474,156.540,47.7982,-15.5046,-0.1835
2342474,156.707,42.3853,-28.9908,2.4771
2342474,156.875,34.0367,-39.1743,3.2110
2342474,157.044,23.3945,-45.4128,3.7615
2342474,157.247,-3.2110,-44.8624,-6.7890
2342474,157.414,-18.2569,-31.4679,-15.9633
2342474,157.581,-27.0642,-8.7156,-20.2752
2342474,157.748,-29.8165,5.7798,-13.2110
2342474,157.915,-25.2294,20.3670,-6.7890
2342474,158.082,-20.3670,26.0550,5.3211
2342474,158.248,-20.3670,18.6239,19.6330
2342474,158.416,-15.5963,6.1468,32.2018
2342474,158.583,-11.1927,-3.8532,37.4312
2342474,158.749,-1.8349,-4.8624,40.7339
2342474,158.917,-3.0275,-0.3670,40.2752
2342474,159.084,-15.1376,1.6514,33.9450
2342474,159.250,-29.5413,2.1101,15.7798
2342474,159.417,-31.2844,3.7615,-8.4404
2342474,159.584,-26.0550,-8.0734,-22.2018
2342474,159.751,-17.9817,-25.0459,-23.3028
2342474,159.917,-13.2110,-36.7890,-13.9450
2342474,160.085,-14.8624,-38.8073,11.1927
2342474,160.252,-25.3211,-25.5963,15.8716
2342474,160.418,-27.7064,-9.9083,21.5596
2342474,160.586,-19.3578,-0.6422,31.2844
2342474,160.752,-13.3945,2.8440,35.0459
2342474,160.919,-6.2385,2.0183,38.6239
2342474,161.087,-1.0092,-4.1284,41.7431
2342474,161.255,-5.8716,-29.0826,34.5872
2342474,161.484,1.0092,-44.0367,21.2844
2342474,161.651,5.1376,-47.7064,13.6697
2342474,161.818,21.1009,-45.5963,12.9358
2342474,161.984,35.6881,-36.9725,7.0642
2342474,162.152,43.3945,-27.6147,1.6514
2342474,162.319,46.3303,-18.5321,9.8165
2342474,162.485,44.3119,-15.2294,19.2661
2342474,162.653,36.6972,-8.2569,30.7339
2342474,162.820,26.7890,-6.4220,37.8899
2342474,162.986,20.2752,-3.8532,40.6422
2342474,163.153,18.7156,5.2294,39.1743
2342474,163.320,13.8532,6.8807,40.0917
2342474,163.487,13.0275,6.6055,40.1835
2342474,163.653,22.9358,1.9266,38.8073
2342474,163.821,29.2661,-1.1009,36.1468
2342474,163.988,38.1651,-9.1743,29.6330
2342474,164.154,36.6055,-10.1835,31.4679
2342474,164.341,24.5872,-22.8440,37.7064
2342474,164.507,24.5872,-6.6972,40.2752
2342474,164.674,34.4037,-8.9908,34.1284
2342474,164.842,33.8532,5.1376,32.0183
2342474,165.008,33.2110,7.2477,32.2018
2342474,165.175,37.8899,10.7339,25.8716
2342474,165.342,35.2294,4.3119,31.9266
2342474,165.511,41.0092,2.6606,26.4220
2342474,165.699,45.0459,-4.8624,22.1101
2342474,165.865,42.7523,-8.2569,26.1468
2342474,166.033,44.6789,-4.8624,23.1193
2342474,166.200,46.6972,-6.6972,19.7248
2342474,166.366,43.1193,-8.2569,25.9633
2342474,166.534,35.1376,-16.7890,34.2202
2342474,166.700,33.9450,-19.1743,35.0459
2342474,166.867,32.6605,-24.3119,33.9450
2342474,167.034,38.3486,-27.3394,26.6055
2342474,167.203,45.9633,-26.7890,11.9266
2342474,167.370,40.0917,-37.1560,4.4037
2342474,167.537,32.8440,-44.0367,6.6972
2342474,167.704,25.9633,-48.5321,3.3028
2342474,167.870,23.4862,-49.1743,-1.1927
2342474,168.038,19.8165,-49.8165,-4.6789
2342474,168.205,20.1835,-46.8807,-13.4862
2342474,168.371,35.2294,-39.1743,-10.1835
2342474,168.539,41.9266,-33.8532,5.3211
2342474,168.705,10.0917,-42.8440,30.0000
2342474,168.872,-8.2569,-46.3303,18.4404
2342474,169.039,26.1468,-37.1560,29.8165
2342474,169.206,51.2844,-2.7523,-3.1193
2342474,169.373,44.4037,-11.0092,-24.4954
2342474,169.539,18.8073,-42.2018,-23.4862
2342474,169.909,-12.0183,-46.2385,-0.3670
2342474,170.075,-1.9266,-36.7890,34.3119
2342474,170.243,-0.8257,-36.7890,34.2202
2342474,170.410,10.5505,-49.6330,15.4128
2342474,170.576,43.6697,-15.6881,-21.9266
2342474,170.744,19.0826,-16.7890,-41.1009
2342474,170.911,-10.5505,-36.0550,-24.6789
2342474,171.077,-17.8899,-32.0183,-23.1193
2342474,171.245,-16.4220,-42.5688,-3.0275
2342474,171.411,-5.3211,-48.1651,9.3578
2342474,171.578,43.7615,-29.0826,5.1376
2342474,171.746,20.9174,-32.2018,-31.0092
2342474,171.912,-5.0459,-23.4862,-36.7890
2342474,172.079,-23.9450,-32.1101,-12.1101
2342474,172.246,-18.5321,-31.6514,-20.4587
2342474,172.413,-11.0092,-42.3853,-11.0092
2342474,172.580,8.7156,-47.5229,-7.9817
2342474,172.747,28.1651,-39.0826,-15.1376
2342474,172.914,-4.1284,-31.9266,-30.3670
2342474,173.080,-26.1468,-31.0092,-1.8349
2342474,173.248,-13.0275,-9.9083,-37.5229
2342474,173.415,-10.8257,-30.0000,-28.1651
2342474,173.581,18.5321,-46.3303,7.7064
2342474,173.749,27.8899,-35.6881,-19.4495
2342474,173.918,8.9908,-31.1009,-32.5688
2342474,174.126,-4.4037,-43.3028,-12.2018
2342474,174.294,0.4587,-35.5046,-27.2477
2342474,174.461,18.0734,-46.5138,3.9450
2342474,174.627,46.6972,3.5780,-12.1101
2342474,174.795,35.7798,-2.4771,-31.6514
2342474,174.961,21.1927,-7.7064,-40.3670
2342474,175.128,14.6789,-46.5138,-2.5688
2342474,175.294,4.9541,-45.8716,-8.3486
2342474,175.462,13.4862,-44.6789,15.8716
2342474,175.629,35.5963,-21.6514,26.2385
2342474,175.795,44.5872,1.4679,-17.4312
2342474,175.963,34.0367,3.0275,-32.8440
2342474,176.129,31.4679,-11.8349,-33.4862
2342474,176.296,25.7798,-42.7523,-0.7339
2342474,176.464,12.2936,-46.3303,11.6514
2342474,176.630,27.7982,-31.0092,26.6972
2342474,176.797,44.9541,-6.8807,14.6789
2342474,176.964,37.7064,2.3853,-27.8899
2342474,177.131,41.7431,-26.0550,-6.7890
2342474,177.298,4.8624,-44.4954,18.0734
2342474,177.465,16.8807,-22.2018,37.8899
2342474,177.632,40.9174,9.3578,18.0734
2342474,177.800,46.4220,1.8349,10.0000
2342474,177.968,38.6239,-25.5963,20.0000
2342474,178.137,2.5688,-21.8349,40.6422
2342474,178.364,24.3119,31.8349,14.0367
2342474,178.530,38.0734,-13.4862,27.7982
2342474,178.698,-5.4128,-18.9908,40.3670
2342474,178.865,-5.6881,9.5413,38.1651
2342474,179.031,25.7798,-5.1376,38.6239
2342474,179.199,19.4495,-24.3119,38.5321
2342474,179.365,-17.1560,-18.8073,35.0459
2342474,179.532,-15.4128,-14.8624,37.1560
2342474,179.699,36.5138,4.4954,29.0826
2342474,179.866,21.8349,-32.8440,33.3027
2342474,180.033,-19.1743,-15.5046,34.6789
2342474,180.200,-24.4954,-13.3945,29.7248
2342474,180.367,15.3211,-2.3853,42.5688
2342474,180.533,23.3945,-27.8899,35.5046
2342474,180.701,9.2661,-32.9358,36.4220
2342474,180.868,-35.8716,2.2936,0.5505
2342474,181.034,-33.8532,-13.3945,11.1927
2342474,181.221,1.5596,-15.0459,43.2110
2342474,181.388,5.6881,-42.2018,28.2569
2342474,181.554,-27.7982,-21.3761,22.0183
2342474,181.722,-34.3119,-3.9450,-12.4771
2342474,181.889,13.4862,-7.8899,43.8532
2342474,182.055,-9.7248,-45.4128,14.2202
2342474,182.223,-31.1927,-15.0459,18.8073
2342474,182.391,-35.7798,-4.0367,-4.7706
2342474,182.589,11.1927,-4.4037,43.4862
2342474,182.756,0.2752,-46.8807,18.2569
2342474,182.924,-8.4404,-41.2844,23.3945
2342474,183.090,-31.0092,-3.1193,-20.3670
2342474,183.257,-23.1193,-25.1376,24.7706
2342474,183.425,-25.5963,-27.8899,18.4404
2342474,183.591,-32.8440,-17.4312,-7.9817
2342474,183.758,-5.1376,-28.6239,36.6972
2342474,183.925,2.3853,-38.8991,30.6422
2342474,184.092,-30.0000,-25.2294,-6.1468
2342474,184.259,-30.0000,-26.6055,2.5688
2342474,184.426,5.8716,-31.4679,37.1560
2342474,184.593,-16.1468,-38.2569,18.8991
2342474,184.759,-32.5688,-20.0000,-1.0092
2342474,184.927,-26.7890,3.4862,-26.2385
2342474,185.094,-18.7156,-4.2202,-34.4954
2342474,185.260,-19.5413,-38.4404,-0.9174
2342474,185.428,-15.9633,-37.4312,-13.7615
2342474,185.594,-22.1101,-36.2385,4.0367
2342474,185.761,-25.8716,-6.4220,-26.7890
2342474,185.929,-32.7523,-16.7890,-5.0459
2342474,186.095,-26.9725,-15.5046,24.3119
2342474,186.262,-29.2661,-1.1927,-22.2018
2342474,186.429,-27.6147,-18.5321,-18.8991
2342474,186.598,-16.6972,-36.2385,19.5413
2342474,186.798,-16.8807,-31.9266,24.5872
2342474,186.965,-34.2202,-13.1193,-2.4771
2342474,187.132,-14.8624,-3.3945,37.2477
2342474,187.299,-32.1101,2.9358,15.3211
2342474,187.466,-35.0459,-6.2385,4.3119
2342474,187.633,-28.7156,-13.2110,22.4771
2342474,187.799,-15.8716,-11.7431,36.3303
2342474,187.967,-21.4679,-14.6789,31.8349
2342474,188.134,-28.5321,4.3119,22.6606
2342474,188.300,-35.0459,-7.8899,8.8073
2342474,188.470,0.1835,2.2936,42.4771
2342474,188.636,-0.7339,5.6881,41.3761
2342474,188.803,-1.2844,10.2752,39.5413
2342474,188.969,-22.5688,-7.7064,33.1193
2342474,189.137,9.3578,28.3486,27.9817
2342474,189.304,-11.1009,4.4954,38.9908
2342474,189.470,-4.8624,-0.6422,42.5688
2342474,189.638,15.5963,5.7798,41.6514
2342474,189.805,7.7064,8.2569,41.7431
2342474,189.971,-0.6422,0.5505,43.6697
2342474,190.139,20.1835,5.3211,40.6422
2342474,190.305,17.6147,8.1651,40.5505
2342474,190.472,18.5321,-3.5780,43.3028
2342474,190.639,18.2569,-9.5413,43.6697
2342474,190.808,-9.5413,-32.0183,35.9633
2342474,191.008,-18.4404,-37.8899,23.0275
2342474,191.174,17.3395,-17.7064,43.7615
2342474,191.342,-12.8440,-37.2477,29.8165
2342474,191.509,14.3119,-41.6514,31.4679
2342474,191.675,43.5780,-17.7064,23.9450
2342474,191.843,36.7890,-33.3027,23.1193
2342474,192.010,30.7339,-41.5596,19.1743
2342474,192.176,11.0092,-46.8807,24.1284
2342474,192.344,24.4037,-34.9541,32.4771
2342474,192.510,28.7156,-27.4312,35.2294
2342474,192.677,-15.4128,-44.9541,9.7248
2342474,192.844,-11.1927,-44.7706,18.1651
2342474,193.011,11.8349,-47.7982,22.0183
2342474,193.178,45.2294,-26.6972,11.8349
2342474,193.345,50.4587,-14.9541,3.1193
2342474,193.512,45.2294,-27.7982,-4.7706
2342474,193.678,44.0367,-24.2202,-15.0459
2342474,193.846,43.4862,-25.2294,-14.1284
2342474,194.013,34.8624,-38.7156,-9.0826
2342474,194.179,21.6514,-45.2294,-12.5688
2342474,194.347,11.2844,-47.7982,-11.3761
2342474,194.514,-0.6422,-44.3119,-17.6147
2342474,194.680,-3.4862,-42.2936,-18.3486
2342474,194.848,-5.6881,-42.9358,-15.8716
2342474,195.017,-12.0183,-44.7706,1.1009
2342474,195.226,-20.8257,-29.1743,-20.2752
2342474,195.394,-20.8257,-33.3945,-14.4037
2342474,195.561,-15.0459,-41.9266,-3.8532
2342474,195.727,-15.8716,-41.1009,-4.7706
2342474,195.895,-12.8440,-39.2661,-14.4037
2342474,196.061,-15.6881,-40.0917,-8.6239
2342474,196.228,-18.4404,-35.9633,-11.8349
2342474,196.395,-26.1468,-27.8899,-9.4495
2342474,196.562,-32.6605,-17.8899,-2.7523
2342474,196.729,-28.0734,-16.6055,20.9174
2342474,196.896,-15.1376,-14.9541,35.4128
2342474,197.063,-4.6789,-7.9817,41.2844
2342474,197.229,-3.0275,-5.2294,41.2844
2342474,197.396,-9.8165,-12.3853,38.8991
2342474,197.563,-19.7248,-25.8716,25.9633
2342474,197.730,-19.4495,-35.4128,12.9358
2342474,197.897,-6.6055,-44.2202,10.5505
2342474,198.074,5.5046,-46.1468,14.1284
2342474,198.241,-3.0275,-43.9450,15.5963
2342474,198.408,-12.5688,-38.6239,17.3395
2342474,198.575,-27.3394,-24.4954,10.9174
2342474,198.742,-29.7248,-7.8899,17.1560
2342474,198.908,-25.1376,5.4128,22.5688
2342474,199.078,-14.4037,3.3028,33.9450
2342474,199.247,-3.0275,14.9541,33.3945
2342474,199.427,-13.5780,15.5963,27.6147
2342474,199.595,-27.3394,2.2018,19.0826
2342474,199.761,-27.4312,-16.8807,16.4220
2342474,199.928,-18.3486,-35.8716,8.2569
2342474,200.095,-0.5505,-45.4128,4.4954
2342474,200.262,6.3303,-46.2385,4.4037
2342474,200.428,13.3945,-46.1468,3.8532
2342474,200.596,14.5872,-45.5046,3.6697
2342474,200.763,12.4771,-45.6881,1.1927
2342474,200.929,13.2110,-45.5963,-1.0092
2342474,201.097,13.3945,-45.5963,0.2752
2342474,201.264,10.0917,-45.8716,0.2752
2342474,201.430,0.6422,-45.0459,0.9174
2342474,201.597,-10.1835,-40.8257,-2.3853
2342474,201.764,-19.6330,-33.4862,7.7064
2342474,201.931,-29.1743,-19.7248,-0.2752
2342474,202.098,-31.7431,-5.5963,2.9358
2342474,202.265,-29.2661,9.9083,5.5046
2342474,202.432,-20.7339,9.5413,23.5780
2342474,202.598,-14.4954,4.6789,31.6514
2342474,202.766,-5.0459,-1.9266,37.6147
2342474,202.933,4.6789,-14.1284,39.5413
2342474,203.099,19.6330,-19.4495,36.5138
2342474,203.267,33.6697,-14.1284,29.0826
2342474,203.436,40.0917,-13.2110,21.7431
2342474,203.629,42.9358,5.5046,13.1193
2342474,203.797,32.5688,18.6239,18.5321
2342474,203.964,21.7431,24.7706,21.6514
2342474,204.130,8.8991,23.7615,27.2477
2342474,204.297,10.4587,23.8532,27.2477
2342474,204.464,21.8349,18.0734,28.4404
2342474,204.631,25.6881,5.8716,33.3027
2342474,204.798,23.0275,-4.9541,37.2477
2342474,204.965,13.7615,-22.5688,37.7064
2342474,205.132,14.8624,-36.3303,28.6239
2342474,205.298,27.1560,-35.6881,22.6606
2342474,205.466,43.5780,-6.3303,17.7982
2342474,205.633,36.6972,12.0183,20.9174
2342474,205.799,21.3761,11.6514,34.2202
2342474,205.967,21.1927,20.5505,27.8899
2342474,206.133,28.4404,15.4128,27.7064
2342474,206.300,36.6972,0.9174,27.8899
2342474,206.468,34.5872,-6.6055,31.6514
2342474,206.634,30.0917,-17.3395,33.7615
2342474,206.801,21.6514,-36.4220,27.9817
2342474,206.968,26.4220,-40.8257,18.7156
2342474,207.135,42.8440,-21.1927,17.7064
2342474,207.302,41.9266,-6.7890,23.6697
2342474,207.468,30.8257,16.1468,26.7890
2342474,207.637,19.8165,22.3853,28.8991
2342474,207.838,30.8257,24.2202,19.1743
2342474,208.004,37.7064,7.7982,25.8716
2342474,208.172,38.1651,-5.5963,30.1835
2342474,208.339,32.2018,-14.0367,35.1376
2342474,208.505,26.7890,-29.7248,32.8440
2342474,208.673,30.9174,-37.7982,21.7431
2342474,208.839,38.6239,-33.0275,15.8716
2342474,209.006,49.3578,-5.1376,9.4495
2342474,209.174,44.6789,13.9450,10.8257
2342474,209.340,33.7615,26.6055,14.6789
2342474,209.507,33.5780,19.9083,23.5780
2342474,209.676,35.9633,0.0000,31.8349
2342474,209.843,32.0183,-5.7798,36.6972
2342474,210.009,22.8440,-30.5505,36.1468
2342474,210.176,25.2294,-37.0642,29.8165
2342474,210.344,35.0459,-18.1651,33.0275
2342474,210.510,41.0092,21.9266,8.1651
2342474,210.677,29.5413,34.0367,3.7615
2342474,210.844,17.2477,39.4495,4.4037
2342474,211.011,3.3945,38.0734,13.9450
2342474,211.177,-4.9541,26.2385,29.0826
2342474,211.345,8.5321,4.1284,43.3945
2342474,211.512,0.8257,-16.7890,44.2202
2342474,211.678,-6.9725,-24.2202,40.0000
2342474,211.848,8.0734,-13.9450,45.2294
2342474,212.056,19.9083,39.4495,-3.9450
2342474,212.223,9.1743,41.5596,-1.1009
2342474,212.390,-7.5229,38.4404,4.9541
2342474,212.557,-8.8991,20.6422,31.3761
2342474,212.723,-1.6514,1.0092,42.7523
2342474,212.890,-10.3670,-29.8165,34.6789
2342474,213.058,-16.7890,-29.4495,30.7339
2342474,213.224,-23.7615,-19.2661,29.9083
2342474,213.391,-2.6606,3.7615,42.0183
2342474,213.558,5.3211,25.0459,31.6514
2342474,213.725,3.5780,37.4312,12.9358
2342474,213.891,-7.6147,37.0642,6.6972
2342474,214.059,-16.3303,24.6789,21.2844
2342474,214.226,-19.1743,1.2844,33.5780
2342474,214.392,-18.0734,-20.2752,33.0275
2342474,214.560,-16.6055,-35.5963,22.3853
2342474,214.727,-15.7798,-41.7431,7.0642
2342474,214.893,-20.4587,-36.0550,-7.8899
2342474,215.071,-18.8073,-39.1743,6.3303
2342474,215.238,-22.9358,-34.1284,11.7431
2342474,215.404,-22.4771,-32.2018,16.0550
2342474,215.572,7.8899,-29.0826,37.1560
2342474,215.739,-1.7431,-46.4220,13.5780
2342474,215.905,19.8165,-41.7431,22.9358
2342474,216.075,18.4404,-45.9633,14.4954
2342474,216.255,15.5046,-48.4404,4.6789
2342474,216.421,19.6330,-47.0642,-2.8440
2342474,216.589,25.3211,-44.9541,2.0183
2342474,216.756,19.3578,-47.3394,4.8624
2342474,216.922,16.3303,-47.9817,4.8624
2342474,217.089,15.1376,-48.3486,1.7431
2342474,217.256,29.0826,-41.5596,10.5505
2342474,217.423,27.5229,-42.2018,12.0183
2342474,217.589,22.2936,-43.1193,18.0734
2342474,217.757,22.8440,-42.2018,18.7156
2342474,217.924,15.1376,-40.6422,26.1468
2342474,218.090,4.8624,-45.7798,18.5321
2342474,218.258,21.3761,-38.8991,26.0550
2342474,218.424,29.8165,-36.6972,22.4771
2342474,218.591,36.5138,-33.5780,16.2385
2342474,218.759,40.5505,-32.0183,7.4312
2342474,218.925,45.5046,-23.4862,-3.0275
2342474,219.092,43.0275,-26.4220,-8.9908
2342474,219.259,38.0734,-30.3670,-14.4037
2342474,219.426,28.0734,-33.3945,-22.7523
2342474,219.593,11.6514,-34.9541,-28.3486
2342474,219.760,0.7339,-31.7431,-30.6422
2342474,219.927,-9.2661,-36.2385,-20.8257
2342474,220.093,-5.5963,-43.9450,15.1376
2342474,220.264,-4.7706,-36.8807,28.4404
2342474,220.459,5.8716,-19.2661,40.7339
2342474,220.626,4.5872,-3.6697,41.6514
2342474,220.794,13.0275,-10.2752,41.4679
2342474,220.960,25.2294,-19.9083,36.3303
2342474,221.127,37.9817,-22.6606,23.7615
2342474,221.293,44.4037,-24.3119,4.4954
2342474,221.461,38.6239,-28.8991,-14.5872
2342474,221.628,27.7064,-32.2936,-23.3945
2342474,221.794,14.7706,-39.7248,-21.2844
2342474,221.962,0.8257,-45.3211,-9.3578
2342474,222.129,-2.7523,-45.9633,7.6147
2342474,222.295,7.6147,-36.3303,31.0092
2342474,222.463,6.0550,-17.9817,40.4587
2342474,222.629,4.6789,-16.4220,40.6422
2342474,222.796,20.6422,-22.1101,36.8807
2342474,222.963,34.2202,-22.8440,26.8807
2342474,223.130,46.1468,-17.7982,5.0459
2342474,223.297,40.7339,-26.3303,-12.0183
2342474,223.464,23.0275,-38.2569,-18.6239
2342474,223.631,12.0183,-46.2385,-6.5138
2342474,223.797,13.8532,-47.2477,4.4954
2342474,223.965,18.9908,-45.8716,8.9908
2342474,224.132,35.3211,-28.7156,21.7431
2342474,224.298,43.4862,5.1376,14.8624
2342474,224.468,43.8532,6.7890,13.2110
2342474,224.668,44.8624,3.0275,13.4862
2342474,224.834,45.5046,1.2844,12.3853
2342474,225.001,44.6789,-13.1193,15.7798
2342474,225.168,47.7982,-12.5688,3.9450
2342474,225.335,48.1651,-7.9817,2.4771
2342474,225.502,47.3394,2.1101,-9.2661
2342474,225.669,46.1468,4.6789,-13.3028
2342474,225.836,43.2110,13.4862,-13.7615
2342474,226.002,28.9908,31.3761,-15.2294
2342474,226.170,12.2936,39.4495,2.3853
2342474,226.337,3.3028,29.7248,25.2294
2342474,226.503,6.8807,16.5138,36.6972
2342474,226.671,11.4679,1.5596,43.0275
2342474,226.837,17.7982,-6.0550,42.8440
2342474,227.004,26.6972,-5.9633,39.5413
2342474,227.170,6.6972,-24.7706,41.8349
2342474,227.338,6.6972,-22.5688,42.8440
2342474,227.505,22.3853,-20.9174,40.4587
2342474,227.671,44.5872,17.6147,1.2844
2342474,227.839,31.4679,30.7339,-16.6972
2342474,228.005,13.3028,40.5505,-10.4587
2342474,228.172,-5.2294,39.8165,0.2752
2342474,228.340,-21.1009,27.1560,13.3028
2342474,228.506,-14.4954,3.1193,37.7064
2342474,228.675,-11.1009,-13.7615,40.5505
2342474,228.886,-2.5688,-14.5872,43.2110
2342474,229.052,-20.1835,-24.8624,31.3761
2342474,229.219,-8.1651,-19.4495,41.1009
2342474,229.387,5.1376,-25.5963,42.0183
2342474,229.553,22.2018,-10.4587,42.0183
2342474,229.720,18.5321,27.4312,26.9725
2342474,229.887,-3.1193,25.1376,30.5505
2342474,230.054,-22.6606,23.6697,16.8807
2342474,230.221,-30.1835,8.9908,19.3578
2342474,230.387,-32.2936,-4.8624,19.8165
2342474,230.555,-21.1927,-17.0642,32.7523
2342474,230.721,-14.4037,-24.9541,35.3211
2342474,230.890,-26.9725,-24.0367,22.5688
2342474,231.057,-30.6422,-15.8716,21.4679
2342474,231.224,-22.2936,-18.3486,32.6605
2342474,231.390,18.6239,-1.2844,42.8440
2342474,231.558,18.5321,13.5780,37.4312
2342474,231.725,-10.7339,32.6605,15.8716
2342474,231.891,-25.5046,21.2844,13.5780
2342474,232.069,-30.8257,10.5505,14.2202
2342474,232.236,-32.9358,-7.1560,16.1468
2342474,232.403,-26.6055,-22.8440,22.4771
2342474,232.570,-29.3578,-22.1101,18.1651
2342474,232.737,-28.8991,-21.8349,19.9083
2342474,232.906,-29.1743,-17.8899,23.1193
2342474,233.086,-5.1376,-17.6147,42.3853
2342474,233.252,22.6606,18.5321,32.7523
2342474,233.419,-0.0917,40.7339,-3.4862
2342474,233.587,-23.7615,26.6055,5.6881
2342474,233.753,-33.6697,4.4954,11.2844
2342474,233.920,-32.1101,-14.5872,15.5046
2342474,234.087,-17.7064,-29.3578,28.3486
2342474,234.254,-23.3945,-31.1927,19.1743
2342474,234.420,-31.8349,-21.8349,9.5413
2342474,234.588,-29.6330,-21.8349,18.4404
2342474,234.755,-19.9083,-23.9450,31.7431
2342474,234.921,4.8624,-1.7431,44.2202
2342474,235.089,14.8624,35.1376,16.8807
2342474,235.255,7.2477,39.7248,7.6147
2342474,235.422,-8.8073,34.1284,14.9541
2342474,235.589,-15.7798,15.2294,31.3761
2342474,235.756,-8.4404,-6.7890,42.0183
2342474,235.923,2.2936,-27.1560,40.5505
2342474,236.089,5.8716,-43.0275,28.9908
2342474,236.257,-5.6881,-43.9450,23.9450
2342474,236.424,-1.1009,-43.7615,27.2477
2342474,236.590,-3.3945,-49.8165,13.1193
2342474,236.758,5.9633,-50.4587,17.0642
2342474,236.924,17.3395,-50.3670,13.8532
2342474,237.093,42.2936,-30.4587,16.8807
2342474,237.289,46.1468,15.0459,-14.2202
2342474,237.456,37.3394,15.9633,25.4128
2342474,237.622,17.8899,38.0734,13.2110
2342474,237.790,3.2110,31.1927,27.4312
2342474,237.957,1.9266,16.5138,39.1743
2342474,238.123,27.7064,0.7339,40.2752
2342474,238.290,25.8716,-27.5229,38.4404
2342474,238.457,5.7798,-51.2844,18.3486
2342474,238.624,29.2661,-41.7431,24.4954
2342474,238.790,23.3028,-50.9174,7.8899
2342474,238.958,17.7064,-51.4679,-7.4312
2342474,239.125,11.3761,-46.7890,-20.3670
2342474,239.291,-3.9450,-36.6055,-30.4587
2342474,239.459,-18.6239,-25.5046,-29.9083
2342474,239.626,-22.4771,-27.5229,-24.0367
2342474,239.792,-21.1009,-40.6422,5.5963
2342474,239.960,-4.3119,-42.8440,27.6147
2342474,240.126,23.0275,-8.4404,42.9358
2342474,240.293,14.7706,-14.7706,44.8624
2342474,240.460,12.2018,-12.2018,45.5963
2342474,240.627,11.1927,-4.5872,45.5963
2342474,240.794,12.1101,-5.4128,45.5963
2342474,240.961,15.0459,-15.0459,45.2294
2342474,241.128,25.4128,-29.5413,36.7890
2342474,241.297,32.8440,-31.7431,29.8165
2342474,241.499,41.7431,-27.1560,22.3853
2342474,241.666,47.3394,-23.4862,12.6606
2342474,241.832,45.1376,-28.7156,-9.7248
2342474,242.000,29.5413,-37.6147,-22.4771
2342474,242.167,11.6514,-28.0734,-38.7156
2342474,242.333,-3.2110,-21.2844,-40.4587
2342474,242.501,-19.2661,-13.6697,-35.7798
2342474,242.668,-29.4495,-7.1560,-26.3303
2342474,242.834,-35.5963,-2.7523,-14.1284
2342474,243.002,-33.8532,1.4679,-17.9817
2342474,243.168,-33.2110,-14.9541,-14.6789
2342474,243.335,-29.6330,-13.6697,-23.1193
2342474,243.503,-33.3027,-9.6330,-17.0642
2342474,243.669,-32.0183,3.6697,-20.4587
2342474,243.836,-36.7890,-7.3394,0.0917
2342474,244.002,-34.9541,-17.7064,7.1560
2342474,244.170,-19.7248,-30.0917,27.7064
2342474,244.337,-7.8899,-29.6330,36.5138
2342474,244.503,-0.5505,-10.9174,44.1284
2342474,244.671,5.4128,14.4954,38.7156
2342474,244.837,-5.5046,15.6881,36.2385
2342474,245.004,-19.3578,18.8991,25.1376
2342474,245.171,-26.9725,11.0092,21.9266
2342474,245.338,-27.3394,5.3211,23.8532
2342474,245.507,-28.5321,0.1835,23.7615
2342474,245.716,-24.0367,-8.8991,30.0917
2342474,245.882,-24.1284,-10.4587,29.8165
2342474,246.049,-24.2202,-8.5321,29.7248
2342474,246.217,-26.4220,-4.2202,26.9725
2342474,246.383,-26.3303,0.5505,26.3303
2342474,246.550,-25.5046,0.6422,26.8807
2342474,246.717,-25.2294,0.3670,27.2477
2342474,246.884,-24.0367,2.2936,28.1651
2342474,247.051,-23.6697,1.9266,28.3486
2342474,247.217,-22.3853,0.9174,30.2752
2342474,247.385,-17.6147,1.6514,34.2202
2342474,247.551,-13.7615,2.6606,36.0550
2342474,247.718,-11.8349,-4.7706,38.1651
2342474,247.886,-8.0734,-16.8807,39.3578
2342474,248.052,8.8073,-24.4037,40.0000
2342474,248.219,26.0550,-26.6972,33.7615
2342474,248.386,37.0642,-31.9266,17.5229
2342474,248.553,40.9174,-31.4679,-1.3761
2342474,248.720,34.6789,-33.8532,-15.4128
2342474,248.898,27.7982,-38.8991,-15.6881
2342474,249.065,21.7431,-39.6330,-19.8165
2342474,249.231,16.6055,-40.2752,-21.1009
2342474,249.399,8.1651,-41.1009,-21.2844
2342474,249.566,-3.7615,-30.6422,-30.1835
2342474,249.734,-10.7339,-23.5780,-32.2936
2342474,249.914,-19.6330,-18.3486,-28.4404
2342474,250.081,-28.0734,-14.6789,-19.3578
2342474,250.248,-32.1101,-15.8716,-7.6147
2342474,250.415,-29.4495,-24.4954,6.0550
2342474,250.582,-21.1927,-33.3945,16.3303
2342474,250.748,-12.5688,-37.9817,22.2018
2342474,250.916,11.8349,-29.1743,37.2477
2342474,251.083,20.6422,-24.5872,36.9725
2342474,251.249,25.8716,-20.7339,36.1468
2342474,251.417,25.8716,-10.8257,37.7982
2342474,251.583,22.5688,-7.2477,39.7248
2342474,251.750,22.5688,-11.1009,39.6330
2342474,251.918,29.8165,-8.8073,36.0550
2342474,252.086,38.3486,-12.4771,29.1743
2342474,252.253,40.1835,-17.4312,25.5046
2342474,252.420,45.9633,-13.4862,16.5138
2342474,252.587,47.6147,-17.7982,8.9908
2342474,252.753,46.3303,-20.2752,-9.2661
2342474,252.920,40.9174,-30.8257,-9.8165
2342474,253.088,35.5046,-36.7890,-10.6422
2342474,253.254,28.6239,-40.5505,-12.6606
2342474,253.421,21.2844,-44.2202,-12.6606
2342474,253.588,12.9358,-47.5229,-7.3394
2342474,253.755,-4.0367,-42.0183,-16.1468
2342474,253.924,-20.4587,-31.2844,-15.6881
2342474,254.119,-34.0367,-8.2569,-3.0275
2342474,254.286,-32.3853,3.0275,11.6514
2342474,254.452,-25.9633,3.7615,24.7706
2342474,254.620,-15.0459,2.3853,35.1376
2342474,254.787,1.2844,6.4220,40.0000
2342474,254.953,15.2294,11.8349,36.9725
2342474,255.121,27.1560,18.1651,27.6147
2342474,255.287,30.5505,15.6881,26.8807
2342474,255.454,28.0734,18.1651,27.0642
2342474,255.621,24.8624,16.4220,30.4587
2342474,255.788,27.5229,15.6881,28.8991
2342474,255.955,33.0275,-6.0550,32.5688
2342474,256.122,33.6697,-23.6697,28.0734
2342474,256.289,35.2294,-27.0642,23.6697
2342474,256.456,31.7431,-38.2569,13.2110
2342474,256.622,28.5321,-41.0092,10.5505
2342474,256.790,27.1560,-42.7523,6.8807
2342474,256.956,36.7890,-31.4679,15.9633
2342474,257.123,38.4404,-20.1835,23.9450
2342474,257.290,36.1468,13.6697,21.0092
2342474,257.457,35.6881,5.0459,26.6972
2342474,257.624,41.5596,1.0092,20.8257
2342474,257.791,42.6605,7.1560,15.7798
2342474,257.958,39.7248,14.6789,16.1468
2342474,258.127,35.5046,17.9817,19.8165
2342474,258.327,32.9358,27.2477,10.4587
2342474,258.494,29.7248,32.4771,-1.5596
2342474,258.661,29.9083,32.3853,-0.3670
2342474,258.828,31.7431,30.5505,3.8532
2342474,258.995,33.4862,28.0734,8.5321
2342474,259.161,31.3761,28.4404,12.1101
2342474,259.328,28.1651,31.5596,10.3670
2342474,259.496,24.8624,32.8440,12.3853
2342474,259.662,22.5688,32.2936,16.2385
2342474,259.829,19.2661,29.6330,22.7523
2342474,259.996,13.4862,24.9541,30.3670
2342474,260.163,10.2752,17.7064,36.1468
2342474,260.330,8.3486,14.2202,38.4404
2342474,260.497,7.9817,18.1651,36.6055
2342474,260.664,7.6147,10.6422,40.9174
2342474,260.830,3.7615,13.3945,39.7248
2342474,260.998,18.5321,-1.5596,42.3853
2342474,261.165,15.0459,-7.1560,43.7615
2342474,261.331,17.2477,-3.2110,43.0275
2342474,261.499,13.6697,4.9541,42.3853
2342474,261.665,4.4037,9.2661,41.6514
2342474,261.832,3.6697,4.9541,43.3028
2342474,261.998,20.1835,14.8624,37.0642
