t_s,pressure_pa,temp_c,baro_h_m,kf_h_m,kf_v_mps,sigma_h_m
0.0,100666.422,31.77,0.8225261711256904,0.8225261711256904,0.0,0.19994839152273997
0.2,100667.844,31.77,0.7033664625766711,0.7614198238836101,-0.15306942412215083,0.20224084935246692
0.4,100668.383,31.77,0.6582000938119437,0.6884963103799164,-0.24817259635456146,0.215587833870899
0.6,100668.734,31.77,0.6287875916034236,0.6331371269160491,-0.25844770927972,0.21289240558950653
0.8,100669.867,31.78,0.5338469473724228,0.5565854468624903,-0.29507611446286525,0.20410483253745235
1.001,100670.047,31.78,0.5187637825701064,0.5074778480191457,-0.282269668326851,0.19460033567782184
1.2,100670.609,31.78,0.4716709307606648,0.4601013190596363,-0.27251420650557834,0.1855975265287217
1.4,100671.438,31.78,0.4022051731798837,0.40424925898983255,-0.2738774845562607,0.17808207207721283
1.6,100671.883,31.79,0.3649167488742666,0.3551933128085569,-0.26846757567475776,0.17187224230765852
1.8,100672.125,31.79,0.34463860561637305,0.31656562596370347,-0.25481659637078025,0.16689866832872732
2.0,100672.797,31.8,0.2883292577507224,0.27317694814076077,-0.24812031070547083,0.16304252275207057
2.2,100672.859,31.8,0.2831340653966763,0.2427148670291743,-0.23137066722422953,0.16016074854938214
2.4,100673.477,31.81,0.23134987030544285,0.20738038047012797,-0.22183339212908998,0.15809660074919243
2.601,100673.797,31.81,0.20453614875006743,0.1756570883498993,-0.21059305110050808,0.1567835704421703
2.8,100674.266,31.82,0.16523741278795523,0.14332628010445977,-0.20219047019385789,0.15575249826344728
3.0,100674.328,31.82,0.16004228181141555,0.1201519709397332,-0.18697699488425462,0.1552153839846647
3.2,100674.859,31.83,0.11554860489646046,0.09262389849020226,-0.17824895388157969,0.15491947412992824
3.4,100674.969,31.84,0.10633148277590543,0.07179829009747285,-0.16510042558944393,0.1547746327438292
3.6,100675.414,31.84,0.06904411743036909,0.04786149323145247,-0.1570297069558476,0.1547159531967438
3.8,100675.609,31.85,0.05270475219249726,0.027332335910276853,-0.14735612404881396,0.15470041294500658
4.0,100675.734,31.86,0.042230813597378125,0.01117478893433454,-0.1355104608027713,0.15470209616382924
4.2,100676.234,31.86,0.00033516451493298405,-0.01104722464239263,-0.1311682328185266,0.15470723295871017
4.4,100676.141,31.87,0.00812774248931225,-0.023654086627704414,-0.11904478897890954,0.15470986543315116
4.6,100676.156,31.88,0.006870874677343819,-0.0311581290425135,-0.10454139834585159,0.15470850648411444
4.8,100676.242,31.88,-0.0003351645050897467,-0.036543461519279626,-0.09073614839874888,0.15470382902765822
5.0,100676.172,31.89,0.0055302158498393705,-0.03662179863084071,-0.07466911955061713,0.1546972368042436
5.2,100676.375,31.9,-0.0114793780710154,-0.039532115365207836,-0.06397885996122098,0.15469009625935512
5.4,100676.281,31.9,-0.0036030178366597276,-0.03771091944480199,-0.05098359332624481,0.15468341060634389
5.6,100676.398,31.91,-0.013406571689189573,-0.03755842400163252,-0.041782911168538994,0.1546777553905364
5.8,100676.984,31.92,-0.06250799322202294,-0.05089208662153131,-0.0462075887831681,0.15467334442288058
6.0,100677.102,31.92,-0.07239528219526559,-0.06381135261733899,-0.04947714650172928,0.154670141435147
6.2,100677.008,31.93,-0.06451896800757417,-0.07095108093865296,-0.04702728271582328,0.15466796978631653
6.4,100677.031,31.94,-0.06644615182188396,-0.07618446955957692,-0.043318213614116745,0.15466659854734416
6.6,100677.289,31.94,-0.08806410227530925,-0.08581265707488787,-0.04417572408308481,0.15466579947977016
6.8,100677.789,31.95,-0.1299592274071526,-0.1052384026290642,-0.05359115867174501,0.15466537805681457
7.0,100678.172,31.96,-0.1620507793051318,-0.12978115321503617,-0.06588171943605399,0.15466518515483646
7.2,100678.047,31.96,-0.15157704607931644,-0.14554266299660035,-0.06818004335409257,0.15466511643272876
7.4,100678.313,31.97,-0.17386513774379608,-0.1635834202018856,-0.07209605984435513,0.15466510526124383
7.6,100678.609,31.97,-0.1986668679089898,-0.18420022736975367,-0.07760599882948309,0.1546651133846888
7.8,100678.664,31.98,-0.20327529099660957,-0.20078729825235975,-0.0785536058001588,0.1546651218803577
8.0,100678.867,31.98,-0.2202845440215473,-0.2176336699230289,-0.07956324945616625,0.15466512369730437
8.2,100679.102,31.98,-0.23997502391731595,-0.23547440990467178,-0.08127740640509393,0.15466511817480816
8.4,100679.102,31.98,-0.23997502391731595,-0.2482043843993641,-0.07814307674483788,0.15466510742123193
8.601,100678.867,31.98,-0.2202845440215473,-0.2508104105405552,-0.06649608876580257,0.1547613618631271
8.8,100679.016,31.98,-0.23276915049007751,-0.254666979272254,-0.05816023846080266,0.1546362064890425
9.0,100679.266,31.97,-0.25371644315935304,-0.2625262585268821,-0.0548060671177943,0.1546448971645853
9.201,100679.359,31.97,-0.26150882529268227,-0.26992938342557793,-0.051594070346770805,0.15474725439441292
9.4,100679.422,31.96,-0.2667875324561031,-0.2761769835201773,-0.048020423745626414,0.15462637844091048
9.6,100679.727,31.95,-0.2923431404197063,-0.28774846911171686,-0.04976954108132326,0.1546380486489018
9.801,100679.766,31.94,-0.29561090216979613,-0.29710930442049766,-0.0491980295144437,0.1547424817392809
10.0,100679.766,31.93,-0.29561090216979613,-0.30351582579411684,-0.046189579411335606,0.15462305317454172
10.2,100679.844,31.92,-0.3021464225791992,-0.30957361480978535,-0.04336228679726489,0.1546357271487997
10.401,100679.875,31.91,-0.3047438718655915,-0.3142228838545044,-0.03974696663760506,0.15474085833779674
10.6,100679.922,31.9,-0.30868193889381557,-0.3181006964812299,-0.03616245763992257,0.15462191697033464
10.8,100679.578,31.89,-0.2798586053441765,-0.3116998232029339,-0.024041711145925654,0.15463492987561514
11.0,100679.43,31.88,-0.2674578442799902,-0.3018010563847674,-0.010966377069826177,0.15464403167158544
11.2,100679.289,31.87,-0.25564359197111086,-0.28949579169428347,0.0019235063104815903,0.15465038662867378
11.4,100679.563,31.86,-0.2786017721262657,-0.2859595667010798,0.004725354918752735,0.15465481743403964
11.6,100679.602,31.85,-0.2818695381778502,-0.2840713513912556,0.005563852411354083,0.15465790391330825
11.8,100679.641,31.85,-0.28513730320573805,-0.283611978185177,0.004982953440925326,0.1546600533777254
12.0,100679.32,31.83,-0.2582410528528367,-0.2753054002134412,0.011481851180282016,0.15466155090906197
12.2,100679.773,31.83,-0.2961974233964848,-0.2799634413625597,0.005299077600274911,0.15466259532409338
12.4,100679.633,31.82,-0.28446699251382324,-0.28057214615828246,0.0038156908151098833,0.1546633248462393
12.6,100679.672,31.81,-0.2877347567345656,-0.2821860506874313,0.0017023970762467043,0.15466383535391684
12.8,100679.766,31.8,-0.29561090216979613,-0.2859740052835008,-0.001967959249844931,0.15466419327696107
13.0,100679.625,31.79,-0.2837966817825355,-0.2855965376540506,-0.0012824540285768537,0.15466444464907195
13.2,100679.719,31.79,-0.29167283019042367,-0.287598485986638,-0.002834241275973883,0.154664621417479
13.401,100680.0,31.77,-0.3152174511136452,-0.2962908235675105,-0.010055550797142505,0.15476101343130147
13.6,100680.086,31.77,-0.32242326751900974,-0.3055266100820182,-0.016487574510399918,0.15463595921099785
13.8,100680.156,31.76,-0.3282884632394145,-0.3146603091160704,-0.02167622113250545,0.15464472333922363
14.001,100680.313,31.75,-0.3414432473488205,-0.3257503521059836,-0.027662216302882205,0.1547471335228944
14.2,100679.813,31.75,-0.2995489726529965,-0.321750628543654,-0.01921222739691537,0.15462629530996796
14.4,100679.906,31.74,-0.3073413205023301,-0.32012094752392806,-0.014347234017933655,0.15463799191387384
14.601,100680.117,31.73,-0.325020711745978,-0.32360997391319035,-0.014885308799883314,0.15474244324374295
14.8,100679.82,31.73,-0.30013549366313397,-0.3186476114107949,-0.007839983549318329,0.15462302712515325
15.0,100679.734,31.72,-0.2929296618334165,-0.31203514798416493,-0.000567143171287165,0.15463570947145694
15.201,100679.594,31.72,-0.2811992272792274,-0.3028575856586382,0.007693410063815483,0.1547408462629013
15.4,100679.891,31.71,-0.306084490591747,-0.3027527822054465,0.006425457598836096,0.15462190864286476
15.6,100679.828,31.71,-0.30080580334119533,-0.30126925563867346,0.006601876328423596,0.1546349240552138
15.801,100679.75,31.71,-0.29427028208527384,-0.298239485275741,0.008115725057304011,0.15474029390765826
16.0,100679.875,31.7,-0.3047438718655915,-0.2990582498691312,0.005951956330677268,0.15462152022971679
16.2,100679.813,31.7,-0.2995489726529965,-0.29837185791433357,0.005503875625736662,0.15463465062568788
16.401,100679.781,31.7,-0.29686773333047034,-0.2971461417651638,0.005610059847507809,0.15474010149354167
16.6,100679.906,31.7,-0.3073413205023301,-0.29942037879417094,0.002595606343012685,0.15462138509809825
16.8,100679.672,31.69,-0.2877347567345656,-0.29555353593274264,0.005571899020761771,0.15463455578362262
17.001,100679.844,31.69,-0.3021464225791992,-0.2967490520052534,0.003513359031769953,0.15474003504352238
17.2,100679.789,31.69,-0.2975380432250829,-0.2964959651844593,0.003116778264534523,0.1546213386687368
17.4,100679.789,31.69,-0.2975380432250829,-0.2963719070379262,0.002672877693729002,0.1546345233698292
17.601,100679.969,31.69,-0.3126200044357108,-0.3008737783620542,-0.0018070937756161937,0.15474001244297272
17.8,100679.844,31.69,-0.3021464225791992,-0.301507070717856,-0.002050410081638551,0.15462132293625305
18.0,100680.5,31.7,-0.35711166280290696,-0.3184644805825756,-0.016761816028819834,0.15463451241063222
18.2,100680.531,31.7,-0.35970909838751286,-0.33317830675468224,-0.026862708312863887,0.15464373847229615
18.4,100680.672,31.71,-0.37152323268581977,-0.34843798076566557,-0.035652833629363,0.1546501809077731
18.6,100680.844,31.72,-0.38593478262633374,-0.3646747263558641,-0.043748642884911246,0.15465467327046842
18.8,100681.344,31.72,-0.42782870996415534,-0.38973977774984425,-0.05825369489997629,0.15465780302347837
19.0,100681.313,31.73,-0.4252312913689771,-0.4085403416663243,-0.06461020442426513,0.15465998286342023
19.2,100681.359,31.73,-0.42908552517878507,-0.42374860045234486,-0.06664275194650975,0.1546615016783293
19.4,100681.359,31.73,-0.42908552517878507,-0.43468039023786265,-0.06451192771674032,0.15466256097827477
19.6,100681.391,31.74,-0.43176673047323977,-0.4428393557809925,-0.06029482198143288,0.15466330089212352
19.8,100681.57,31.74,-0.4467647098325678,-0.4524589374149416,-0.05812610521481587,0.15466381864441575
20.0,100681.57,31.74,-0.4467647098325678,-0.4588897907736217,-0.053508087756057664,0.15466418161358325
20.2,100681.57,31.74,-0.4467647098325678,-0.46274530956273335,-0.04742160989160862,0.154664436499607
20.4,100681.547,31.73,-0.44483759637771847,-0.4640142948955954,-0.04011782022491903,0.1546646157159996
20.6,100681.906,31.73,-0.4749172831890158,-0.4729014485927791,-0.040885588793761404,0.1546647418178799
20.8,100681.484,31.73,-0.43955897942756783,-0.46862610235853286,-0.02981480938943526,0.15466483055340904
21.0,100681.781,31.73,-0.4644438644940063,-0.4715463355918921,-0.027109691933080826,0.15466489295931257
21.2,100681.727,31.73,-0.45991934435429593,-0.471854989149149,-0.022563760414614744,0.1546649367983024
21.4,100681.523,31.72,-0.44282669499318805,-0.466308165946902,-0.013620362625378883,0.1546649675465222
21.6,100681.406,31.72,-0.4330235452153941,-0.4582325675554901,-0.004018987822718355,0.15466498907460668
21.8,100681.766,31.72,-0.46318705354149836,-0.46028123333645515,-0.0051257295351486865,0.15466500412030373
22.0,100681.734,31.72,-0.46050585633818475,-0.4610662875874931,-0.004912277664367644,0.15466501461889368
22.2,100681.859,31.71,-0.4709792790000189,-0.46472717660043245,-0.007293520916331267,0.15466502193595205
22.4,100681.797,31.71,-0.46578446267732554,-0.4660654880344885,-0.0071864865534220414,0.15466502703242413
22.6,100681.734,31.71,-0.46050585633818475,-0.4654042762234512,-0.005320821153218195,0.15466503058226308
22.8,100681.781,31.7,-0.4644438644940063,-0.4658612324559071,-0.004780986972655007,0.15466503305646415
23.0,100681.516,31.7,-0.4422401820249755,-0.45944625579697795,0.0017723056638876784,0.15466503478308577
23.2,100681.813,31.69,-0.4671250606834665,-0.46150112069575716,-0.0003696894137289403,0.15466503598999942
23.4,100681.609,31.68,-0.45003242314408665,-0.4581132072888582,0.0027080461539369803,0.1546650368352006
23.6,100681.289,31.68,-0.42322038620464353,-0.4472690299276667,0.011867474945168127,0.15466503742816862
23.8,100681.391,31.67,-0.43176673047323977,-0.44095796197086257,0.015368147666085692,0.15466503784481522
24.0,100681.305,31.66,-0.42456098968362443,-0.43388841379892457,0.018920692212805883,0.1546650381378802
24.2,100681.578,31.65,-0.44743501008080777,-0.4353020854984103,0.014299614121659093,0.1546650383441121
24.4,100681.25,31.65,-0.41995266447715673,-0.42869632953133957,0.017629821843017125,0.15466503848920926
24.6,100681.078,31.64,-0.40554116158731723,-0.419283201382731,0.022863765142156354,0.15466503859121047
24.8,100681.391,31.63,-0.43176673047323977,-0.41982594506914855,0.01831586724889296,0.15466503866281966
25.0,100681.063,31.62,-0.40428434353783516,-0.4126002097759176,0.02148313885622978,0.15466503871300835
25.2,100680.922,31.61,-0.39247024638790595,-0.4035548697204122,0.02570494952230647,0.15466503874812032
25.4,100680.602,31.6,-0.3656580612978977,-0.38858979968578133,0.034438981780936885,0.15466503877264215
25.6,100680.695,31.59,-0.3734503597046501,-0.3792271816990399,0.03663920527963559,0.15466503878974375
25.8,100680.578,31.59,-0.3636471446366629,-0.36942435334267437,0.03883957606602004,0.1546650388016584
26.0,100680.0,31.57,-0.3152174511136452,-0.3477285208778815,0.051222097071303326,0.15466503880995655
26.2,100680.063,31.57,-0.3204961310605148,-0.3323890926947181,0.055751780294092966,0.15466503881573765
26.4,100679.563,31.56,-0.2786017721262657,-0.3084511167547403,0.06712052760392545,0.1546650388197689
26.6,100679.531,31.55,-0.2759205274194887,-0.28929662082967084,0.0722150925893099,0.15466503882258428
26.8,100679.453,31.55,-0.2693849905521928,-0.27321346377783484,0.07367324670392573,0.15466503882455346
27.0,100679.125,31.54,-0.241902175268629,-0.25350717156688474,0.0780932523055049,0.15466503882593355
27.2,100679.102,31.53,-0.23997502391731595,-0.23851430216557937,0.07753690586995193,0.15466503882690244
27.4,100679.195,31.52,-0.24776741632698496,-0.2304330547722599,0.07093475165939517,0.1546650388275836
27.6,100678.875,31.52,-0.22095485883777854,-0.21765834759714936,0.06967920639463582,0.15466503882806318
27.8,100678.672,31.51,-0.2039456069152834,-0.20378941834311914,0.06961971870966309,0.15466503882840033
28.0,100678.578,31.5,-0.19606939218366204,-0.19172614504853772,0.06796550218310204,0.15466503882863747
28.2,100678.641,31.5,-0.2013481324991062,-0.18509568191168768,0.06177541639648295,0.15466503882880406
28.4,100678.742,31.49,-0.20981086933346438,-0.18385866334748105,0.05189097585986918,0.15466503882892096
28.6,100678.719,31.48,-0.20788371204667921,-0.18379864186389194,0.04271767305197424,0.15466503882900318
28.8,100678.633,31.48,-0.20067781642294058,-0.18287985129862513,0.03593894572376618,0.1546650388290603
29.0,100678.516,31.47,-0.19087443878404553,-0.18024553971719176,0.031890707171210286,0.15466503882910015
29.2,100678.281,31.46,-0.17118386608623526,-0.17306255698926812,0.03260624590143635,0.15466503882912794
29.4,100678.344,31.46,-0.17646261901086646,-0.16951689384909685,0.02996082117790659,0.1546650388291473
29.6,100678.438,31.45,-0.18433884856640326,-0.16976727160552213,0.024410931273636315,0.15466503882916113
29.8,100678.828,31.45,-0.21701675864768788,-0.18052034526288044,0.010510508777826819,0.15466503882917043
30.0,100678.719,31.44,-0.20788371204667921,-0.18725548639458367,0.002653817522175356,0.15466503882917693
30.2,100678.633,31.44,-0.20067781642294058,-0.19090951555391825,-0.0010666442041307187,0.15466503882918145
30.4,100678.664,31.43,-0.20327529099660957,-0.19476758950211584,-0.004306980288523941,0.15466503882918461
30.6,100678.375,31.42,-0.17906009962828318,-0.19065966802961234,0.00011095798523219104,0.1546650388291872
30.8,100678.281,31.42,-0.17118386608623526,-0.18480297631473608,0.005298081010094434,0.15466503882918864
31.0,100678.141,31.41,-0.15945329444527978,-0.17645831695231015,0.011774799555181749,0.15466503882918967
31.2,100678.078,31.41,-0.15417453289797267,-0.16812633145361805,0.01708863388885075,0.1546650388291904
31.4,100678.023,31.41,-0.14956608809617133,-0.1601670818841657,0.021126244132217035,0.1546650388291909
31.6,100678.125,31.4,-0.15811265684963827,-0.15659290355025482,0.020547414296854843,0.15466503882919158
31.8,100678.234,31.4,-0.1672457470758748,-0.15691091736113158,0.016611178208597605,0.15466503882919175
32.0,100678.0,31.4,-0.1476389196668415,-0.15180423724978528,0.018197626543169233,0.15466503882919186
32.2,100678.328,31.39,-0.17512198360042364,-0.15624969986227877,0.011009722497498908,0.15466503882919228
32.4,100678.094,31.39,-0.15551517100546253,-0.15448786064851883,0.010618449858040361,0.1546650388291919
32.6,100678.211,31.39,-0.16531858191449977,-0.1562494399172494,0.007164277413555775,0.1546650388291923
32.8,100678.188,31.39,-0.1633914163987682,-0.15738833626954454,0.004877878769595413,0.1546650388291919
33.0,100678.07,31.38,-0.1535042137802467,-0.1555404331703066,0.005653415519400696,0.1546650388291923
33.2,100678.25,31.38,-0.16858638350017108,-0.15866158651051454,0.0018733489718519647,0.15466503882919255
33.4,100678.188,31.38,-0.1633914163987682,-0.15981785125577583,0.0005122819327387509,0.15466503882919208
33.6,100677.984,31.38,-0.1462982805454982,-0.1556913523542865,0.0040898298221442265,0.15466503882919244
33.8,100677.75,31.37,-0.12669141370445614,-0.14642108781769708,0.011604288927678064,0.154665038829192
34.0,100677.922,31.37,-0.14110330232123713,-0.14320139558594697,0.012403391636965962,0.15466503882919239
34.2,100678.047,31.37,-0.15157704607931644,-0.14397673249974982,0.009508653221364946,0.15466503882919264
34.4,100678.227,31.37,-0.16665921859472022,-0.14944826640166076,0.0029535020475679463,0.15466503882919214
34.6,100678.195,31.37,-0.16397794507678753,-0.1533924493366987,-0.0010782054400543294,0.15466503882919247
34.8,100678.555,31.37,-0.19414223235732164,-0.16576503464594378,-0.011886254803053622,0.154665038829192
35.0,100678.313,31.37,-0.17386513774379608,-0.16985867556577658,-0.013412199733608295,0.15466503882919239
35.2,100678.5,31.37,-0.18953380522413132,-0.17763753969082435,-0.01794314131660251,0.15466503882919264
35.4,100678.5,31.37,-0.18953380522413132,-0.1837177831231393,-0.020158294997496558,0.15466503882919214
35.6,100678.313,31.37,-0.17386513774379608,-0.18358528060751786,-0.01645617525491222,0.15466503882919247
35.8,100678.5,31.37,-0.18953380522413132,-0.18767348629828215,-0.017164716633310487,0.154665038829192
36.0,100678.313,31.37,-0.17386513774379608,-0.18593544502510745,-0.01256748760985842,0.15466503882919239
36.2,100678.313,31.37,-0.17386513774379608,-0.1840749878246224,-0.008678852629592199,0.15466503882919264
36.4,100678.313,31.37,-0.17386513774379608,-0.182228044211787,-0.005493664759968567,0.15466503882919214
36.6,100678.5,31.37,-0.18953380522413132,-0.18518838050140085,-0.007148710666338595,0.15466503882919247
36.8,100678.5,31.37,-0.18953380522413132,-0.18749259015555134,-0.007926150124811442,0.154665038829192
37.0,100678.5,31.37,-0.18953380522413132,-0.18921457858902252,-0.008047734266604862,0.15466503882919239
37.2,100678.266,31.36,-0.1699270197571323,-0.18455669418346304,-0.002475716727290367,0.15466503882919264
37.4,100678.617,31.36,-0.19933718412296075,-0.1893362790748519,-0.006284770620983713,0.15466503882919214
37.6,100678.406,31.36,-0.18165757960588946,-0.18791326423626895,-0.0039021622685955874,0.15466503882919247
37.8,100678.766,31.36,-0.21182181569174618,-0.195630250401027,-0.01006905861636825,0.154665038829192
38.0,100678.531,31.36,-0.19213128258343648,-0.19599067684989013,-0.008599127576405727,0.15466503882919239
38.2,100678.469,31.36,-0.18693632722501574,-0.19447912654311897,-0.00572629467040771,0.15466503882919264
38.4,100678.234,31.35,-0.1672457470758748,-0.1871131031934149,0.0018406035065946184,0.15466503882919214
38.6,100678.156,31.35,-0.16071014204416034,-0.17893664887397043,0.008782549907900068,0.15466503882919247
38.8,100677.914,31.35,-0.140432982366836,-0.1661589821373561,0.018580835075459323,0.154665038829192
39.0,100677.703,31.34,-0.12275327788184631,-0.15053918358121612,0.02916367850661406,0.15466503882919239
39.2,100677.766,31.34,-0.1280320553456682,-0.13970548695419893,0.03360974912795703,0.15466503882919264
39.4,100677.711,31.34,-0.12342359897806299,-0.13011633359811636,0.036158817111438306,0.15466503882919214
39.6,100677.445,31.33,-0.10113539940217242,-0.11636158872495671,0.04195802982739454,0.15466503882919247
39.8,100677.898,31.33,-0.13909234232022838,-0.1173041581280413,0.033659544096900446,0.154665038829192
40.0,100677.781,31.32,-0.12928890673419513,-0.11618572351784624,0.028668922667148027,0.15466503882919239
40.201,100677.906,31.32,-0.13976266236321866,-0.11923365774588031,0.02083619614907023,0.15476130647348424
40.4,100677.641,31.31,-0.11755828792444634,-0.11582808691382435,0.02017756079572114,0.15463616453170284
40.6,100677.438,31.3,-0.10054886719043088,-0.10842125697081148,0.023174823371205272,0.15464486714287515
40.801,100677.555,31.3,-0.11035232981583709,-0.10574144604968984,0.02141601607240338,0.1547472341178024
41.0,100677.289,31.3,-0.08806410227530925,-0.09745809543601125,0.02499139081019486,0.15462636553486864
41.2,100677.328,31.29,-0.09133192809503088,-0.09212166038563328,0.02529202914546443,0.15463804093574363
41.4,100677.438,31.29,-0.10054886719043088,-0.09110685632727873,0.02169707136677755,0.15464621091279682
41.6,100677.359,31.28,-0.09392942993446729,-0.08891509112960302,0.019787710438179368,0.15465191556435964
41.8,100677.219,31.27,-0.08219877131866671,-0.08413023808054075,0.020523227724454213,0.1546558915365427
42.0,100677.102,31.27,-0.07239528219526559,-0.0777373091173203,0.022557614152266127,0.15465865915290095
42.2,100677.016,31.26,-0.06518929285406427,-0.07081563103282276,0.02470034846361061,0.15466058458941287
42.4,100676.875,31.26,-0.053374811178068526,-0.0621265044956184,0.02803342369260647,0.15466192445104093
42.6,100676.984,31.25,-0.06250799322202294,-0.05831573387270769,0.026436778087998904,0.15466285778318234
42.8,100676.688,31.25,-0.03770593891902374,-0.048432984185367185,0.030522282294880687,0.1546635090256602
43.0,100676.781,31.24,-0.045498482609407365,-0.04327924303561112,0.02967705528856541,0.15466396440228217
43.2,100676.727,31.24,-0.040973780527298054,-0.03843251053242839,0.028709173002157723,0.1546642835487834
43.4,100676.703,31.24,-0.03896280119417117,-0.03457179021323291,0.027036781085153755,0.15466450769879078
43.6,100676.578,31.23,-0.028488944229019264,-0.028961843010532774,0.02721689323283656,0.15466466539900087
43.8,100676.703,31.23,-0.03896280119417117,-0.02815049295612054,0.023098819425659972,0.15466477646752183
44.001,100677.031,31.23,-0.06644615182188396,-0.03640169832057859,0.011635565646403424,0.1547611223456102
44.2,100676.891,31.22,-0.054715462249101954,-0.040270994330504885,0.006137005265088952,0.15463603561547445
44.4,100676.828,31.22,-0.049436647636902364,-0.04215984722820411,0.003366506576021973,0.15464477694480133
44.601,100676.531,31.21,-0.024550771287561446,-0.03639943982953545,0.007886139219418102,0.154747171098027
44.8,100676.508,31.21,-0.022623579726623877,-0.031170968543399177,0.011139291858333563,0.15462632159506987
45.0,100676.359,31.2,-0.01013872142870964,-0.023305294698910257,0.016151590980452164,0.15463801029681104
45.201,100676.063,31.2,0.014663457543812042,-0.00963453772913127,0.025419182212947547,0.1547424560887749
45.4,100676.367,31.2,-0.010809049779392232,-0.0064444768725371955,0.023758116680270173,0.1546230360866196
45.6,100676.016,31.19,0.018601646800435745,0.004391537405292435,0.029167446144232993,0.15463571572682647
45.801,100675.898,31.18,0.028489022128399544,0.01572852141703917,0.034034334113005826,0.15474085062997467
46.0,100676.195,31.18,0.0036030190818292507,0.016836551753988137,0.02899803160397359,0.15462191169043557
46.2,100675.844,31.17,0.03301375634375714,0.025747381267387626,0.03176406538267034,0.1546349261854985
46.4,100675.906,31.16,0.027818691302142762,0.030816440670126413,0.030622746034577028,0.15464402904116192
46.6,100675.406,31.16,0.06971445090937833,0.046768498806968296,0.03935986320051234,0.1546503847223544
46.8,100675.563,31.15,0.05655916424856855,0.055215847090989555,0.03987139843878275,0.15465481603748793
47.0,100675.477,31.14,0.06376524277934337,0.06336259886423003,0.04002473383711627,0.1546579028860772
47.2,100675.359,31.14,0.07365266097460577,0.07205285010048904,0.04063399970697882,0.1546600526239816
47.4,100674.945,31.12,0.10834249054122336,0.08862582949512411,0.04814302186874905,0.15466155036027257
47.6,100675.008,31.12,0.10306359598225012,0.09969674558832528,0.049425299590979084,0.15466259492916767
47.8,100674.922,31.11,0.11026970668564617,0.10978811531068611,0.049608717937308894,0.15466332456603057
48.0,100674.898,31.1,0.11228071520889338,0.11748175499884814,0.047627837225350717,0.15466383515811644
48.2,100674.813,31.1,0.11940304019733672,0.12472668148895323,0.0456002488141109,0.15466419314219484
48.401,100674.695,31.09,0.1292905111917242,0.13251045183659163,0.04437171203684708,0.15476071214730366
48.6,100674.609,31.09,0.13649664003620665,0.13988823213977458,0.04308064514275614,0.15463574737093297
48.8,100674.82,31.08,0.11881649560280261,0.13960277336934415,0.03516670824377362,0.1546445742865608
49.001,100674.703,31.08,0.12862017388369562,0.14125167679816727,0.03034847886521662,0.1547470287238542
49.2,100675.0,31.08,0.10373393165137967,0.1342339971426612,0.018740116538977006,0.1546262217910286
49.4,100674.828,31.07,0.11814615896411418,0.13203496058029277,0.013452883675031271,0.154637940377799
49.601,100674.891,31.06,0.11286725943922771,0.12817268630502665,0.007615187539417788,0.15474240717896998
49.8,100674.805,31.06,0.12007337691969266,0.1268060387788625,0.005052878272511023,0.1546230019520558
50.0,100675.016,31.05,0.10239326035741514,0.12019457028185958,-0.0017235022541877577,0.15463569191024754
50.2,100675.141,31.05,0.09191927180786652,0.11147518056368891,-0.00916900802491765,0.1546445676126888
50.4,100675.258,31.04,0.08211562806689332,0.10138741735354251,-0.01650716802415747,0.15465076385548576
50.6,100675.711,31.04,0.04415801750665693,0.08191406430819652,-0.030884743793546617,0.1546550829804629
50.8,100675.648,31.04,0.049436882220934564,0.06784989435330517,-0.03789683631936554,0.1546580907385624
51.0,100675.594,31.03,0.05396162553144346,0.05837848876106972,-0.039578941767199706,0.15466018466589632
51.2,100675.742,31.03,0.04156048188522998,0.04779287648598339,-0.041952531742594876,0.15466164302020333
51.4,100675.859,31.03,0.03175688553452294,0.03710941742802582,-0.04399106620748929,0.15466265982758867
51.6,100675.797,31.03,0.036951952534941546,0.03090266964618084,-0.04168714126255129,0.15466336993054117
51.8,100676.102,31.02,0.011395599502252995,0.019215308496989728,-0.044665376433843426,0.15466386681147726
52.0,100676.281,31.02,-0.0036030178366597276,0.006117832125096894,-0.048367709015632226,0.15466421519793988
52.2,100676.43,31.02,-0.016087883959947646,-0.007314314052793326,-0.05170927082524939,0.1546644599134573
52.4,100676.43,31.02,-0.016087883959947646,-0.017185813029619967,-0.0512911047175721,0.15466463204606404
52.6,100676.781,31.02,-0.045498482609407365,-0.03285887943236356,-0.056105136622230496,0.15466475321754572
52.8,100676.781,31.02,-0.045498482609407365,-0.04450536297770715,-0.0564833856149083,0.15466483852136376
53.0,100676.781,31.02,-0.045498482609407365,-0.05271181688415093,-0.053736043429903534,0.15466489853685333
53.2,100676.781,31.02,-0.045498482609407365,-0.05807233100831068,-0.04894703882661631,0.15466494070839218
53.4,100677.172,31.02,-0.07826061867396428,-0.07098055379826394,-0.05171980036046744,0.1546649702912612
53.6,100677.172,31.02,-0.07826061867396428,-0.08040559519610657,-0.05090284189259297,0.15466499100317338
53.8,100677.641,31.03,-0.11755828792444634,-0.09867560260538324,-0.0580947032383332,0.1546650054760662
54.0,100677.641,31.03,-0.11755828792444634,-0.1124730749312866,-0.06003151216397013,0.1546650155719518
54.2,100677.469,31.03,-0.10314636673639299,-0.11808121143534411,-0.05434326582286619,0.15466502260555492
54.4,100677.469,31.03,-0.10314636673639299,-0.12121091606573714,-0.04746300574605816,0.15466502750240935
54.6,100677.234,31.03,-0.08345562822924979,-0.116532996642002,-0.03486479987632768,0.15466503091170833
54.8,100677.234,31.03,-0.08345562822924979,-0.11149411795120845,-0.02418575562385117,0.1546650332870571
55.0,100677.234,31.03,-0.08345562822924979,-0.10647125248558284,-0.015419774296171125,0.15466503494425612
55.2,100676.992,31.02,-0.06317831819647513,-0.09564591488738985,-0.003053811539032305,0.15466503610250826
55.4,100677.172,31.02,-0.07826061867396428,-0.09085932415416474,0.001744668821731083,0.15466503691367006
55.6,100677.172,31.02,-0.07826061867396428,-0.08683645573178485,0.005010955679279309,0.15466503748287477
55.8,100677.352,31.02,-0.09334289731915302,-0.08808624339022064,0.003008849103045293,0.1546650378829583
56.0,100677.703,31.02,-0.12275327788184631,-0.09806224486673012,-0.006395247210039179,0.1546650381644922
56.2,100677.5,31.02,-0.10574386563270144,-0.10126154470204272,-0.008102432886215042,0.154665038362699
56.4,100677.672,31.02,-0.12015578322797316,-0.10806275123612666,-0.01270831706337839,0.15466503850220842
56.6,100678.063,31.02,-0.15291768452147636,-0.12329495244266707,-0.023990754197915277,0.15466503860031572
56.8,100678.242,31.02,-0.16791606531755265,-0.14003675137996474,-0.03460917407956659,0.15466503866920625
57.0,100677.883,31.02,-0.13783549212273316,-0.14422240034552794,-0.03217658648192533,0.1546650387174939
57.2,100678.125,31.03,-0.15811265684963827,-0.15289359277602502,-0.03416437620767898,0.15466503875127327
57.4,100677.938,31.03,-0.14244394211192057,-0.15454311656932773,-0.029556152520897112,0.1546650387748584
57.6,100678.359,31.03,-0.17771946455251042,-0.16563247741141843,-0.034159734414695,0.15466503879130145
57.8,100678.359,31.03,-0.17771946455251042,-0.1740405087562678,-0.035560941688060795,0.15466503880275206
58.0,100678.359,31.03,-0.17771946455251042,-0.18012300670192904,-0.0346455023817412,0.15466503881072413
58.2,100678.125,31.03,-0.15811265684963827,-0.17837262695233416,-0.026929068957338355,0.15466503881627572
58.4,100678.484,31.03,-0.18819317149688208,-0.18508849910508915,-0.02811154838332478,0.1546650388201449
58.6,100678.422,31.02,-0.18299821416981388,-0.18839765799034147,-0.02605505725507035,0.15466503882284696
58.8,100678.516,31.02,-0.19087443878404553,-0.1927886227349949,-0.025326000255135452,0.1546650388247364
59.0,100678.453,31.02,-0.1855956931532532,-0.19417738136920498,-0.02205748478035654,0.15466503882606145
59.2,100678.609,31.01,-0.1986668679089898,-0.1986122688541937,-0.02207827997251706,0.15466503882699195
59.4,100678.25,31.01,-0.16858638350017108,-0.19269826503364326,-0.012894765501085818,0.15466503882764568
59.6,100678.219,31.0,-0.16598890027429647,-0.18649310603548566,-0.005085309815377572,0.1546650388281065
59.8,100678.344,31.0,-0.17646261901086646,-0.18419680226735327,-0.0021395843329807002,0.15466503882843025
60.0,100678.438,31.0,-0.18433884856640326,-0.18453898122564721,-0.0020633596231895528,0.15466503882865876
60.2,100678.141,30.99,-0.15945329444527978,-0.17730422040029323,0.004735538945232482,0.15466503882881932
60.4,100678.047,30.99,-0.15157704607931644,-0.1689251090640405,0.011342911632185636,0.15466503882893132
60.6,100677.781,30.98,-0.12928890673419513,-0.15544928142781303,0.021306637575740656,0.15466503882901045
60.8,100677.813,30.98,-0.13197018917994408,-0.1454241882876145,0.026430874576310034,0.15466503882906507
61.0,100678.117,30.97,-0.15744233798783647,-0.1453279026633621,0.021816838464524625,0.15466503882910387
61.2,100678.203,30.97,-0.16464826351533013,-0.14806772633316845,0.01550179403510947,0.1546650388291309
61.4,100677.828,30.96,-0.13322704008615238,-0.1414462246322317,0.01863224240429212,0.15466503882914903
61.6,100678.125,30.96,-0.15811265684963827,-0.14383598094414163,0.013194671735917112,0.15466503882916235
61.8,100678.211,30.95,-0.16531858191449977,-0.1484315443661061,0.006762890230422961,0.15466503882917093
62.0,100678.016,30.94,-0.14897955861100654,-0.14764898935164805,0.00625611509419215,0.15466503882917762
62.2,100677.891,30.94,-0.13850581224446934,-0.14403082229319022,0.008360430747379046,0.15466503882918228
62.4,100677.805,30.93,-0.13129986862510545,-0.13904197577421543,0.011309174210080049,0.15466503882918486
62.6,100677.836,30.92,-0.13389736050318568,-0.1359155413821251,0.012077840615582489,0.15466503882918733
62.8,100677.719,30.92,-0.12409392003490671,-0.1306789226844716,0.014585876624488247,0.15466503882918842
63.0,100677.688,30.92,-0.12149642570586039,-0.1258826606874319,0.016256465971636134,0.15466503882918986
63.2,100677.547,30.91,-0.10968200788294524,-0.11874761332993208,0.019709291446972668,0.1546650388291909
63.4,100677.078,30.9,-0.0703843089255729,-0.10148293588369015,0.03155385406740573,0.1546650388291909
63.6,100677.016,30.9,-0.06518929285406427,-0.08617974318225968,0.03954850616822811,0.15466503882919158
63.8,100676.57,30.9,-0.027818617020152203,-0.06313871982128855,0.053000906171341435,0.15466503882919141
64.0,100676.57,30.9,-0.027818617020152203,-0.045124573635170154,0.0595922417666121,0.15466503882919197
64.2,100676.57,30.9,-0.027818617020152203,-0.03159031119756879,0.06102877039309135,0.15466503882919236
64.4,100676.57,30.9,-0.027818617020152203,-0.021914088790002364,0.05877990730147269,0.1546650388291926
64.6,100676.57,30.9,-0.027818617020152203,-0.015454823159593914,0.05407089777495127,0.15466503882919144
64.8,100676.156,30.89,0.006870874677343819,-0.0011881248393608755,0.05714033632483346,0.154665038829192
65.0,100676.336,30.89,-0.00821152721009799,0.004706002974415142,0.05222042473587927,0.15466503882919236
65.2,100676.313,30.89,-0.00628433262728656,0.008721505926186052,0.046505137219871165,0.15466503882919264
65.4,100676.484,30.89,-0.020612596849931553,0.0064351381356286645,0.03620344154665637,0.1546650388291928
65.6,100676.07,30.89,0.014076918845377095,0.013796121527251973,0.03631038907918448,0.15466503882919158
65.8,100675.836,30.89,0.03368408750468399,0.024844938393325498,0.039676963921920605,0.15466503882919208
66.0,100675.836,30.89,0.03368408750468399,0.033051384535022175,0.039917942083251855,0.15466503882919244
66.2,100675.836,30.89,0.03368408750468399,0.03883030547642939,0.03795789731642564,0.1546650388291927
66.4,100675.594,30.88,0.05396162553144346,0.04868319359079225,0.039968298539056486,0.15466503882919286
66.6,100675.391,30.88,0.07097132630063951,0.06096403202429558,0.04377978590397759,0.15466503882919158
66.8,100675.563,30.88,0.05655916424856855,0.06577281264544269,0.04027057517430756,0.1546650388291921
67.0,100675.75,30.88,0.04089015021737641,0.06394857458454364,0.031488291901375094,0.15466503882919244
67.2,100675.516,30.88,0.06049736933803951,0.06732236716476782,0.028888848708854813,0.1546650388291927
67.4,100675.688,30.88,0.0460852217752139,0.06499786063438064,0.021685574571165808,0.15466503882919286
67.6,100675.273,30.88,0.08085875133203024,0.07279117056687523,0.024758281469029003,0.15466503882919158
67.8,100675.453,30.88,0.06577624233047974,0.07415382525077413,0.02156750376553302,0.1546650388291921
68.0,100675.25,30.87,0.08278596238749936,0.07976256550135745,0.02271902771520965,0.15466503882919244
68.2,100675.25,30.87,0.08278596238749936,0.08385037216656098,0.022313624984765103,0.1546650388291927
68.4,100675.008,30.87,0.10306359598225012,0.0927370465263223,0.026246707363240168,0.15466503882919286
68.6,100675.008,30.87,0.10306359598225012,0.09950913724958832,0.02760049732629734,0.15466503882919158
68.8,100675.188,30.87,0.0879810548376081,0.09991616940236797,0.023054759277002363,0.1546650388291921
69.0,100675.063,30.87,0.0984550394301753,0.10270599080908298,0.021435695519888567,0.15466503882919244
69.2,100675.422,30.87,0.0683737839907328,0.09541046868345276,0.011138208581859977,0.1546650388291927
69.4,100675.578,30.86,0.05530229059463876,0.08494080942358803,-0.00015024131398842094,0.15466503882919286
69.6,100675.641,30.86,0.05002342290770345,0.07444739854970536,-0.009452623355524742,0.15466503882919158
69.8,100675.188,30.85,0.0879810548376081,0.07718287306438841,-0.005339909943065274,0.1546650388291921
70.0,100675.313,30.85,0.07750708077730484,0.07653243470048085,-0.004968695596359586,0.15466503882919244
70.2,100674.75,30.84,0.12468194303939417,0.09027767091693212,0.008134891134776452,0.1546650388291927
70.4,100675.078,30.84,0.09719816072174314,0.09349227187174576,0.009546356425744968,0.15466503882919286
70.6,100674.781,30.83,0.12208438733776306,0.10340422516531074,0.016661086954184175,0.15466503882919158
70.8,100675.0,30.83,0.10373393165137967,0.10583593360609768,0.01586049553854188,0.1546650388291921
71.0,100674.906,30.82,0.11161037899346415,0.10978852483866063,0.016554386804253682,0.15466503882919244
71.2,100675.031,30.82,0.10113638117650758,0.1095114693517927,0.013364559276581315,0.1546650388291927
71.4,100674.883,30.81,0.11353759573832445,0.11259023545222167,0.013725381259107048,0.15466503882919286
71.6,100675.18,30.81,0.08865138953717877,0.10733230638754636,0.006610363295796913,0.15466503882919158
71.8,100674.734,30.8,0.1260226172026624,0.11386343719906789,0.011241441354633983,0.1546650388291921
72.0,100675.219,30.8,0.0853835082901877,0.10689576074342097,0.003048049999058857,0.15466503882919244
72.2,100675.156,30.8,0.09066239389181496,0.10245384824048338,-0.0014429720517500685,0.1546650388291927
72.4,100675.094,30.8,0.0958574902693754,0.10027343803947583,-0.0031248781359627595,0.15466503882919286
72.6,100674.891,30.79,0.11286725943922771,0.10361302587573451,0.00039979030340380525,0.15466503882919158
72.8,100675.125,30.79,0.09325994175330754,0.10056392024268554,-0.002382082694148408,0.1546650388291921
73.0,100675.281,30.79,0.08018841713446467,0.09411939696855653,-0.007687987782212968,0.15466503882919244
73.2,100675.398,30.78,0.07038478443268215,0.08592450114164663,-0.0136066139617872,0.1546650388291927
73.4,100675.281,30.78,0.08018841713446467,0.08229899530305881,-0.014410471807887636,0.15466503882919286
73.6,100675.078,30.78,0.09719816072174314,0.08474983197259321,-0.009669265400684506,0.15466503882919158
73.8,100675.016,30.77,0.10239326035741514,0.08868757028246478,-0.004449166630162156,0.1546650388291921
74.0,100674.93,30.77,0.10959937059325742,0.09433645299722822,0.0013640348169678277,0.15466503882919244
74.2,100674.688,30.77,0.12987705638177416,0.1051867290633498,0.010767862466205657,0.1546650388291927
74.4,100674.875,30.77,0.11420793208171576,0.10940003187886568,0.012599051833573797,0.15466503882919286
74.6,100674.75,30.76,0.12468194303939417,0.11574743400153992,0.0160019464991233,0.15466503882919158
74.8,100674.727,30.76,0.12660916220076923,0.12124560155000441,0.018044770771784444,0.1546650388291921
75.0,100674.484,30.76,0.14697067340201486,0.1314875913730974,0.023941826448737793,0.15466503882919244
75.2,100674.609,30.75,0.13649664003620665,0.13634214371732792,0.024000669603647818,0.1546650388291927
75.4,100674.781,30.75,0.12208438733776306,0.13542646133336655,0.018919061623327186,0.15466503882919286
75.6,100674.406,30.75,0.15350647555440022,0.14349797091133965,0.022731009981731637,0.15466503882919158
75.8,100674.578,30.75,0.1390941993306194,0.14535990911498492,0.020344583339734573,0.1546650388291921
76.0,100674.344,30.75,0.15870160327282834,0.1522099044821677,0.022817082622179644,0.15466503882919244
76.2,100674.344,30.75,0.15870160327282834,0.15735164877760377,0.023331241031004493,0.1546650388291927
76.4,100674.703,30.75,0.12862017388369562,0.15200129770512125,0.014426050920458492,0.15466503882919286
76.6,100674.469,30.75,0.1482275581148218,0.15288936481131432,0.012650504321075657,0.15466503882919158
76.8,100674.641,30.75,0.13381528918487984,0.14893997071103346,0.006889952972879305,0.1546650388291921
77.0,100674.578,30.74,0.1390941993306194,0.1469517460170458,0.0038972419475436977,0.15466503882919244
77.2,100674.734,30.74,0.1260226172026624,0.14122038772341752,-0.001891146873174827,0.1546650388291927
77.4,100675.094,30.74,0.0958574902693754,0.1273504184332991,-0.013885887356115782,0.15466503882919286
77.6,100674.852,30.74,0.11613514930397306,0.12204250009202733,-0.01613582547795659,0.15466503882919158
77.8,100675.031,30.74,0.10113638117650758,0.11351308742854734,-0.02084975295888447,0.1546650388291921
78.0,100674.797,30.74,0.12074371368142156,0.1127623821983901,-0.017809895904342475,0.15466503882919244
78.2,100674.797,30.74,0.12074371368142156,0.11266245691032906,-0.014731980213533407,0.1546650388291927
78.4,100674.969,30.74,0.10633148277590543,0.10870096285119413,-0.015634446266694666,0.15466503882919286
78.6,100674.969,30.74,0.10633148277590543,0.10580123471910256,-0.015432490202151272,0.15466503882919158
78.8,100674.969,30.74,0.10633148277590543,0.1037994662046982,-0.014468118724464185,0.1546650388291921
79.0,100674.797,30.74,0.12074371368142156,0.10685558957200911,-0.009178536135630634,0.15466503882919244
79.2,100674.609,30.74,0.13649664003620665,0.11446034831440818,-0.0007855534623922838,0.1546650388291927
79.4,100674.438,30.74,0.15082512032775441,0.12525683056210626,0.008952664550720371,0.15466503882919286
79.6,100674.438,30.74,0.15082512032775441,0.13417875567685153,0.015292780748638907,0.15466503882919158
79.8,100674.852,30.74,0.11613514930397306,0.13090838020243797,0.009666086723894676,0.1546650388291921
80.0,100674.852,30.74,0.11613514930397306,0.12783102251726552,0.0052114687479286066,0.15466503882919244
80.2,100674.852,30.74,0.11613514930397306,0.12505290271262012,0.0018149558142688924,0.1546650388291927
80.4,100674.438,30.74,0.15082512032775441,0.13303659420258654,0.00859008810221618,0.15466503882919286
80.6,100674.609,30.74,0.13649664003620665,0.1352770785340462,0.009054583611978187,0.15466503882919158
80.8,100674.797,30.74,0.12074371368142156,0.13218604075660317,0.004696533986572044,0.1546650388291921
81.0,100674.766,30.73,0.1233412690483826,0.1301909201557575,0.0020877010764024677,0.15466503882919244
81.2,100674.938,30.73,0.10892903455008485,0.12410639673066604,-0.0036929148010444784,0.1546650388291927
81.4,100675.297,30.73,0.07884774887221724,0.11001541700346931,-0.015563773196519255,0.15466503882919286
81.6,100675.242,30.73,0.08345629675239996,0.09987066056660028,-0.021815527022619338,0.15466503882919158
81.8,100675.359,30.73,0.07365266097460577,0.08895286529002323,-0.027642929896818706,0.1546650388291921
82.0,100675.539,30.73,0.05857016240688684,0.07597006667752848,-0.03427004742199831,0.15466503882919244
82.2,100675.656,30.73,0.04876655004615427,0.06301286093633712,-0.03969605293909686,0.1546650388291927
82.4,100675.633,30.72,0.050693755166151266,0.0537600381961893,-0.04086391097379952,0.15466503882919286
82.6,100675.57,30.72,0.05597262318775664,0.048702021075552,-0.038094750067684854,0.15466503882919158
82.8,100675.664,30.72,0.04809621791566854,0.04318644444184206,-0.03622476013400706,0.1546650388291921
83.0,100675.367,30.71,0.07298232723967235,0.047050728762503616,-0.02634816839815906,0.15466503882919244
83.2,100675.664,30.71,0.04809621791566854,0.04367511805629962,-0.024664300032973364,0.1546650388291927
83.4,100675.695,30.7,0.045498681309917854,0.04076863524170299,-0.022862763041389796,0.15466503882919286
83.6,100676.203,30.7,0.0029326898600201545,0.026219771521978255,-0.03173213522826089,0.15466503882919158
83.801,100676.5,30.7,-0.021953252143713797,0.007290944776709718,-0.04289009446633473,0.15476130647348438
84.0,100676.531,30.69,-0.024550771287561446,-0.00823165398825991,-0.04910229034576425,0.15463616453170292
84.2,100676.063,30.68,0.014663457543812042,-0.008242662551922728,-0.040381221086262756,0.1546448671428752
84.4,100676.219,30.68,0.0015920315345208103,-0.01094806015275638,-0.035606285588819925,0.15465096730549133
84.6,100676.328,30.68,-0.0075411987019236015,-0.014912138785630299,-0.032799408072366996,0.1546552325859597
84.8,100676.188,30.67,0.0041895571945915755,-0.01377631508142778,-0.025957577174790816,0.1546582079465892
85.0,100676.297,30.67,-0.004943675315640661,-0.014761983986488932,-0.022218391994230487,0.1546602795641884
85.2,100676.422,30.67,-0.015417555963621599,-0.01806958746092568,-0.021208371331345188,0.15466172018968208
85.4,100676.688,30.66,-0.03770593891902374,-0.02692827383624637,-0.025313096773317126,0.1546627216356728
85.6,100676.813,30.66,-0.04817978662168931,-0.036846142137341026,-0.0296296240183855,0.15466341814956153
85.8,100676.75,30.66,-0.04290096869231874,-0.04281072640967055,-0.029663993960416586,0.1546639032445013
86.0,100676.664,30.65,-0.03569495895592967,-0.04483005745569141,-0.026184751880229996,0.15466424178844143
86.2,100676.406,30.65,-0.014076899823320943,-0.03927298222032619,-0.016588396498094387,0.15466447863990587
86.4,100676.695,30.65,-0.038292474664487486,-0.04130156178571024,-0.015442331105815943,0.15466464477012495
86.6,100676.547,30.64,-0.02589142606949535,-0.03884197259223836,-0.01050986993813101,0.15466476156479553
86.8,100676.672,30.64,-0.03636528565294839,-0.0395707243410835,-0.009289015971986446,0.15466484381895707
87.0,100676.766,30.63,-0.04424162112171892,-0.04227222520835837,-0.01003909970359897,0.15466490180400844
87.2,100676.938,30.62,-0.058653623792090936,-0.04859094377044392,-0.013871675104508737,0.15466494268414271
87.4,100676.672,30.62,-0.03636528565294839,-0.046866505352448885,-0.009872070848241751,0.15466497148227318
87.6,100676.977,30.62,-0.061921458834925946,-0.052764014532701686,-0.013359872073766897,0.1546649917375967
87.8,100676.766,30.61,-0.04424162112171892,-0.052078590939073764,-0.010374999964934415,0.1546650059540597
88.0,100677.102,30.6,-0.07239528219526559,-0.05962461232005264,-0.015238974709397824,0.154665015907861
88.2,100676.984,30.6,-0.06250799322202294,-0.06262309643889954,-0.01519513525413087,0.15466502286011496
88.4,100676.773,30.59,-0.044828156502982885,-0.05941362960144445,-0.009639953835935047,0.15466502770543877
88.6,100676.922,30.59,-0.05731297322306261,-0.060133354166587015,-0.008565752906156944,0.15466503107688717
88.8,100676.805,30.58,-0.04750946068259987,-0.057546558468005916,-0.00474291462822931,0.15466503342075788
89.0,100676.547,30.58,-0.02589142606949535,-0.048716680315307556,0.003950560325157209,0.15466503505025378
89.2,100676.57,30.57,-0.027818617020152203,-0.04189581931884094,0.009312157036999304,0.1546650361841224
89.4,100676.875,30.57,-0.053374811178068526,-0.04403472917244314,0.005754791544366395,0.15466503697444722
89.6,100676.961,30.56,-0.06058080868915683,-0.048191442072213056,0.0010360422124318196,0.15466503752656627
89.8,100676.961,30.55,-0.06058080868915683,-0.051762181089843734,-0.0023227165260793423,0.15466503791326294
90.0,100677.297,30.55,-0.0887344256059408,-0.06317606394949309,-0.012057153094651017,0.15466503818477528
90.2,100677.406,30.55,-0.09786757666338408,-0.07526889243388264,-0.020664334646584764,0.15466503837581452
90.4,100677.68,30.54,-0.12082610449152487,-0.09182569205400648,-0.031709748309711974,0.154665038510426
90.6,100677.203,30.54,-0.08085812377151225,-0.09297619486386864,-0.02709432745872915,0.15466503860533293
90.8,100677.922,30.54,-0.14110330232123713,-0.11120405764911562,-0.03848208021315065,0.1546650386722291
91.0,100677.773,30.53,-0.12861858601202147,-0.12181511659801111,-0.041073323854130366,0.15466503871932705
91.2,100677.711,30.53,-0.12342359897806299,-0.1280484642141844,-0.039311847185163,0.15466503875242554
91.4,100677.867,30.53,-0.13649485174145548,-0.13608599155524048,-0.039467570139762695,0.15466503877563265
91.6,100677.922,30.52,-0.14110330232123713,-0.14311687864845257,-0.038700657474624874,0.15466503879186289
91.8,100677.719,30.52,-0.12409392003490671,-0.14283026088917974,-0.031564530123392234,0.1546650388031893
92.0,100677.836,30.52,-0.13389736050318568,-0.14457066557888498,-0.027499378614780374,0.15466503881107707
92.2,100677.719,30.51,-0.12409392003490671,-0.1422796687018565,-0.020572955814000267,0.15466503881656293
92.4,100677.688,30.51,-0.12149642570586039,-0.13892693561324582,-0.013934181492904645,0.15466503882037638
92.6,100677.453,30.51,-0.10180572188628556,-0.12974460431709556,-0.0032930736747065134,0.1546650388230269
92.8,100677.391,30.5,-0.09661072148521077,-0.12026821955763202,0.005717379350009887,0.15466503882487379
93.0,100677.906,30.5,-0.13976266236321866,-0.1253144399340383,0.00021447159986162905,0.15466503882616225
93.2,100677.664,30.5,-0.11948546191520526,-0.12353619133170697,0.0017572766341452896,0.1546650388270633
93.4,100678.016,30.5,-0.14897955861100654,-0.13092108380112838,-0.005120671257163335,0.1546650388276951
93.6,100677.781,30.5,-0.12928890673419513,-0.1311485408073672,-0.004412390719247242,0.15466503882813779
93.8,100677.953,30.5,-0.1437007917581945,-0.13553100119639166,-0.007524026356219031,0.1546650388284508
94.0,100677.727,30.49,-0.12476424104253425,-0.1333553354062967,-0.004251928353123871,0.1546650388286715
94.2,100678.078,30.49,-0.15417453289797267,-0.14019473971398266,-0.009576425026574048,0.15466503882882707
94.4,100677.906,30.49,-0.13976266236321866,-0.14140600702287695,-0.008950522836281187,0.15466503882893667
94.6,100677.516,30.49,-0.10708450997096053,-0.1323655695904396,0.0006782975671445549,0.15466503882901242
94.8,100676.984,30.49,-0.06250799322202294,-0.1113190084570532,0.01926899378326862,0.154665038829067
95.0,100677.367,30.49,-0.09459975289105582,-0.10360661955010748,0.022699447362474517,0.15466503882910518
95.2,100677.188,30.49,-0.07960126654594557,-0.09322867496870768,0.027889730928203432,0.15466503882913188
95.4,100677.367,30.49,-0.09459975289105582,-0.08973487055701229,0.026036838724178498,0.1546650388291505
95.6,100677.367,30.49,-0.09459975289105582,-0.08754835823313965,0.02335116756257015,0.1546650388291621
95.8,100677.367,30.49,-0.09459975289105582,-0.0863936593552759,0.020225705178505898,0.15466503882917151
96.0,100677.727,30.49,-0.12476424104253425,-0.09506978366925253,0.008915949917888868,0.15466503882917806
96.2,100677.906,30.49,-0.13976266236321866,-0.10722563242181983,-0.003476458568272705,0.15466503882918262
96.4,100677.516,30.49,-0.10708450997096053,-0.10767006794710979,-0.003253436563933602,0.1546650388291858
96.6,100677.516,30.49,-0.10708450997096053,-0.10794998226940508,-0.00292380333449933,0.15466503882918667
96.8,100677.695,30.49,-0.12208295674625669,-0.11259810462923908,-0.006536307674220147,0.1546650388291886
97.0,100677.453,30.49,-0.10180572188628556,-0.11027645745728229,-0.0033100508350701924,0.15466503882919
97.2,100678.047,30.49,-0.15157704607931644,-0.1231267343040071,-0.014145947218770123,0.15466503882919094
97.4,100678.234,30.49,-0.1672457470758748,-0.1383395108960717,-0.025155491949276083,0.15466503882919164
97.6,100678.234,30.49,-0.1672457470758748,-0.15053120784674515,-0.031521573861437016,0.15466503882919075
97.8,100678.234,30.49,-0.1672457470758748,-0.15995774285161476,-0.03429736272595786,0.1546650388291915
98.0,100678.406,30.49,-0.18165757960588946,-0.17126811706416034,-0.03825440686922144,0.15466503882919203
98.2,100678.586,30.49,-0.19673970856496803,-0.18426376136295947,-0.04300613234193851,0.15466503882919239
98.4,100678.586,30.49,-0.19673970856496803,-0.19402708875628605,-0.04403929034060621,0.15466503882919264
98.6,100678.406,30.49,-0.18165757960588946,-0.1964834599110753,-0.03839254368795425,0.15466503882919147
98.8,100678.586,30.49,-0.19673970856496803,-0.20193589459033234,-0.036413467542639626,0.154665038829192
99.0,100678.586,30.49,-0.19673970856496803,-0.20547593967449654,-0.03308609117381318,0.15466503882919239
99.2,100678.766,30.49,-0.21182181569174618,-0.21201177732376034,-0.03301374031250661,0.15466503882919264
99.4,100678.586,30.49,-0.19673970856496803,-0.21205386034521326,-0.027181025254564423,0.15466503882919283
99.6,100678.766,30.49,-0.21182181569174618,-0.21579005172363389,-0.025669639551406078,0.15466503882919158
99.8,100678.586,30.49,-0.19673970856496803,-0.21367066624429945,-0.01922113014528893,0.1546650388291921
100.0,100678.969,30.49,-0.22883105475897336,-0.2209088201962616,-0.022238478901495308,0.15466503882919244
100.2,100678.969,30.49,-0.22883105475897336,-0.22639859487988448,-0.023164932130390673,0.1546650388291927
100.4,100678.797,30.49,-0.21441928749946548,-0.22604924494546708,-0.018735419553270703,0.15466503882919286
100.6,100679.086,30.5,-0.23863439667676012,-0.23244703002792869,-0.021092007573261563,0.15466503882919158
100.8,100678.734,30.5,-0.2091405537986768,-0.2284102079835074,-0.013752756680490343,0.1546650388291921
101.0,100678.797,30.5,-0.21441928749946548,-0.22613968006653612,-0.009288799995724378,0.15466503882919244
101.2,100678.703,30.51,-0.20654308068180693,-0.22156287804224695,-0.0035681959760823735,0.1546650388291927
101.4,100678.578,30.51,-0.19606939218366204,-0.21441651225678207,0.0034196885020122483,0.15466503882919286
101.6,100678.609,30.51,-0.1986668679089898,-0.2092140884941784,0.007436818096223509,0.15466503882919158
101.8,100678.969,30.52,-0.22883105475897336,-0.21405630653114177,0.0018095461648493958,0.1546650388291921
102.0,100678.813,30.52,-0.21575991785048432,-0.21431388538759588,0.0012587944522117755,0.15466503882919244
102.2,100679.047,30.52,-0.2353666170710378,-0.22045174007276852,-0.004421848452697941,0.1546650388291927
102.4,100678.961,30.53,-0.2281607404447472,-0.22338294363147562,-0.00624157231442077,0.15466503882919286
102.6,100679.438,30.53,-0.26812815606450435,-0.2376767880404203,-0.017839612829999775,0.15466503882919158
102.8,100679.281,30.54,-0.2549732793892945,-0.24536216411532263,-0.021500207134310334,0.1546650388291921
103.0,100679.219,30.54,-0.24977835535205495,-0.24969704103376236,-0.021531177393423428,0.15466503882919244
103.2,100679.492,30.55,-0.2726527594976891,-0.25959660385568695,-0.026503887387729297,0.1546650388291927
103.4,100679.375,30.55,-0.26284944959011014,-0.26428316845532296,-0.025957825566351116,0.15466503882919286
103.6,100679.516,30.56,-0.27466369371925925,-0.2710309993758901,-0.027341413198334923,0.15466503882919158
103.8,100679.578,30.56,-0.2798586053441765,-0.27750680565809566,-0.028237145305415278,0.1546650388291921
104.0,100679.641,30.56,-0.28513730320573805,-0.2837489938981955,-0.02876591194684495,0.15466503882919244
104.2,100679.906,30.57,-0.3073413205023301,-0.29485246793883485,-0.03352255269644786,0.1546650388291927
104.4,100679.961,30.57,-0.3119496955155787,-0.30467394790951025,-0.03629367337153777,0.15466503882919286
104.6,100679.992,30.57,-0.3145471423510049,-0.3127168077692278,-0.03699079458526213,0.15466503882919158
104.8,100679.875,30.57,-0.3047438718655915,-0.3155048890222439,-0.032892236094458474,0.1546650388291921
105.0,100679.992,30.58,-0.3145471423510049,-0.31982309131193404,-0.030882780566595554,0.15466503882919244
105.2,100680.016,30.58,-0.3165580684912772,-0.3231679420285644,-0.028365271959833443,0.1546650388291927
105.4,100679.898,30.58,-0.3066710112376847,-0.3221918048895613,-0.022453853022397233,0.15466503882919286
105.6,100679.625,30.59,-0.2837966817825355,-0.3138202971067169,-0.011018731070614619,0.15466503882919158
105.8,100679.688,30.59,-0.2890753776557631,-0.30794163649768114,-0.003833121732705418,0.1546650388291921
106.0,100679.508,30.59,-0.2739933823580043,-0.29829662212974056,0.0054232755270006575,0.15466503882919244
106.2,100680.164,30.6,-0.32895877111616345,-0.3067334249397041,-0.00304171249007226,0.1546650388291927
106.4,100679.805,30.6,-0.298878662886346,-0.3048035247350469,-0.0007851049144751814,0.15466503882919286
106.6,100680.016,30.6,-0.3165580684912772,-0.308438858832213,-0.0038774757565939993,0.15466503882919158
106.8,100679.828,30.6,-0.30080580334119533,-0.30669247301439095,-0.0016354144699695025,0.1546650388291921
107.0,100680.07,30.6,-0.32108265088946375,-0.31123734005556436,-0.0053852070523495565,0.15466503882919244
107.2,100680.133,30.6,-0.32636132786367567,-0.3165273223522308,-0.00913069376617996,0.1546650388291927
107.4,100679.797,30.61,-0.29820835308032256,-0.31231156795278653,-0.003759189360814993,0.15466503882919286
107.6,100679.586,30.62,-0.28052891633138843,-0.30330570638487986,0.004915827592324884,0.15466503882919158
107.8,100679.438,30.63,-0.26812815606450435,-0.29206700790342915,0.014033440085290914,0.1546650388291921
108.0,100679.219,30.66,-0.24977835535205495,-0.27741894326647365,0.024560936198185147,0.15466503882919244
108.2,100679.281,30.67,-0.2549732793892945,-0.267248139775843,0.029236073550755706,0.1546650388291927
108.4,100679.594,30.68,-0.2811992272792274,-0.26733880469529475,0.023957041667381523,0.15466503882919286
108.6,100679.469,30.69,-0.2707256138357672,-0.26500019612319525,0.02177639656314502,0.15466503882919158
108.8,100680.094,30.72,-0.3230935757698017,-0.2793744329039486,0.0051250464542263105,0.1546650388291921
109.0,100680.203,30.74,-0.33222652136935205,-0.29450816883370295,-0.009240777128588422,0.15466503882919244
109.2,100680.289,30.75,-0.339432326012048,-0.30927561958954225,-0.020726589609263338,0.1546650388291927
109.4,100680.633,30.78,-0.3682554947465211,-0.32986684266492616,-0.03534771079595939,0.15466503882919286
109.6,100681.141,30.79,-0.4108197957828197,-0.3590953960446514,-0.05504803044441709,0.15466503882919158
109.8,100681.188,30.81,-0.41475782270969486,-0.38349721480125665,-0.06695428689821412,0.1546650388291921
110.0,100681.328,30.83,-0.4264881068985904,-0.40576567397170127,-0.07484685896516845,0.15466503882919244
110.2,100681.594,30.84,-0.4487756104591689,-0.42914493344630666,-0.08232361295413065,0.1546650388291927
110.4,100681.266,30.85,-0.4212932683892401,-0.43831671842447056,-0.07583987589944767,0.15466503882919286
110.6,100681.516,30.88,-0.4422401820249755,-0.45011225512292174,-0.07284163218641086,0.15466503882919158
110.8,100681.547,30.89,-0.44483759637771847,-0.4587293006758746,-0.06755068600780136,0.1546650388291921
111.0,100681.742,30.9,-0.4611761557005334,-0.46892135346967906,-0.06460076541780754,0.15466503882919244
111.2,100682.328,30.92,-0.5102754669614007,-0.49036938093739474,-0.07218241468986748,0.1546650388291927
111.4,100682.297,30.92,-0.507678068918902,-0.5056672916703427,-0.07294826126786526,0.15466503882919286
111.6,100682.688,30.93,-0.5404387516294662,-0.5263098439943779,-0.07832955129933528,0.15466503882919158
111.8,100682.438,30.95,-0.5194920354293853,-0.5352324681599163,-0.07233447822422545,0.1546650388291921
112.0,100683.0,30.96,-0.5665801943720727,-0.554762239342033,-0.07683559361389494,0.15466503882919244
112.2,100682.969,30.97,-0.5639828103660305,-0.5682858939142333,-0.0751966742295669,0.1546650388291927
112.4,100682.516,30.97,-0.5260274154053213,-0.566140547211655,-0.059918748865797504,0.15466503882919286
112.6,100682.656,30.99,-0.537757574309492,-0.5660175649174677,-0.04915534027995146,0.15466503882919158
112.8,100682.781,30.99,-0.5482309193081836,-0.5675655661922508,-0.04179133555811195,0.1546650388291921
113.0,100682.719,31.0,-0.5430361415020779,-0.5660602019122366,-0.033022140517056146,0.15466503882919244
113.2,100682.859,31.0,-0.5547662812513088,-0.5672965818171192,-0.028249713428732413,0.1546650388291927
113.4,100682.703,31.01,-0.5416955532604284,-0.5635737760952315,-0.019916934597704813,0.15466503882919286
113.6,100682.594,31.01,-0.5325627912766273,-0.5570616990677365,-0.010586013079696437,0.15466503882919158
113.8,100683.0,31.01,-0.5665801943720727,-0.5613986872295856,-0.012559498465403855,0.1546650388291921
114.0,100682.828,31.01,-0.5521688943021386,-0.5603890345856775,-0.009428686083614446,0.15466503882919244
114.2,100682.828,31.01,-0.5521688943021386,-0.559243830891364,-0.006734048484998429,0.1546650388291927
114.4,100682.594,31.01,-0.5325627912766273,-0.5521845664869208,0.0007393150662411835,0.15466503882919286
114.6,100682.766,31.01,-0.5469741184646804,-0.5505183399254349,0.002089205950141838,0.15466503882919158
114.8,100682.531,31.01,-0.5272842187785365,-0.5432574713627567,0.008172953336822268,0.1546650388291921
115.0,100682.445,31.0,-0.5200785440567302,-0.5351613328171828,0.013917548948858452,0.15466503882919244
115.2,100682.391,31.0,-0.5155540480821674,-0.5273320595340096,0.01840345099120294,0.1546650388291927
115.4,100682.359,31.0,-0.5128728643542457,-0.5204186949136357,0.02127743840885471,0.15466503882919286
115.6,100682.594,30.99,-0.5325627912766273,-0.521081747972534,0.0169046428977737,0.15466503882919158
115.8,100682.297,30.99,-0.507678068918902,-0.5146948098255565,0.01957711545330342,0.1546650388291921
116.0,100682.422,30.98,-0.5181514441560187,-0.5129904040795659,0.01761142537783998,0.15466503882919244
116.2,100682.156,30.98,-0.4958640890117727,-0.5053880169982756,0.02123881257987167,0.1546650388291927
116.4,100682.156,30.97,-0.4958640890117727,-0.4995578341751475,0.022645652693759608,0.15466503882919286
116.6,100682.07,30.97,-0.48865839256594157,-0.49311812868246757,0.02434423648570454,0.15466503882919158
116.8,100681.984,30.96,-0.4814526911295891,-0.4862108573631541,0.026156483630499522,0.1546650388291921
117.0,100681.961,30.95,-0.4795255840826873,-0.48054348598423907,0.026544172862909235,0.15466503882919244
117.2,100681.844,30.95,-0.46972246883496993,-0.47358144517792333,0.02801394472796427,0.1546650388291927
117.4,100681.758,30.94,-0.4625167543071118,-0.4663405301025822,0.02947030972816005,0.15466503882919286
117.6,100681.734,30.93,-0.46050585633818475,-0.46046427977876464,0.029454474425776554,0.15466503882919158
117.8,100681.227,30.92,-0.4180255460613158,-0.4436120072276033,0.03919961339694499,0.1546650388291921
118.0,100681.289,30.92,-0.42322038620464353,-0.4320075964063848,0.04254640621945799,0.15466503882919244
118.2,100681.234,30.91,-0.4186120604075816,-0.4220328363420716,0.04384928029235861,0.1546650388291927
118.4,100681.297,30.9,-0.4238906879687421,-0.41645042778754976,0.041015501561640466,0.15466503882919286
118.6,100680.969,30.89,-0.39640828025426345,-0.4046965766800769,0.04417227263595428,0.15466503882919158
118.8,100680.563,30.88,-0.36239032152775685,-0.38582330564455913,0.0530972148248453,0.1546650388291921
119.0,100680.984,30.88,-0.39766509925853954,-0.381940405929579,0.04710813643007169,0.15466503882919244
119.2,100680.477,30.87,-0.35518453276220274,-0.36731991540754944,0.051730150767209875,0.1546650388291927
119.4,100680.422,30.86,-0.35057617687436426,-0.35505509333677593,0.053436039795113674,0.15466503882919286
119.6,100680.484,30.85,-0.3557710506421907,-0.34778790705468343,0.05039549256267519,0.15466503882919158
119.8,100680.164,30.84,-0.32895877111616345,-0.3350845093254964,0.05272860810229507,0.1546650388291921
120.0,100680.078,30.83,-0.3217529592190016,-0.32370326584864845,0.053471423180112165,0.15466503882919244
120.2,100680.344,30.83,-0.34404068683134836,-0.3223159677753056,0.04519710947432787,0.1546650388291927
120.4,100680.023,30.82,-0.31714458854662064,-0.3144366439285567,0.04416573211980604,0.15466503882919286
120.6,100680.078,30.81,-0.3217529592190016,-0.3104470218992009,0.039859629385835704,0.15466503882919158
120.8,100679.852,30.8,-0.30281673213914173,-0.302577559057431,0.03976853531447171,0.1546650388291921
121.0,100679.734,30.8,-0.2929296618334165,-0.2941157328064422,0.040220275255633785,0.15466503882919244
121.2,100679.828,30.79,-0.30080580334119533,-0.2904907164805952,0.03629155864637211,0.1546650388291927
121.4,100679.438,30.78,-0.26812815606450435,-0.27870235921354786,0.04031896511446827,0.15466503882919286
121.6,100679.359,30.78,-0.26150882529268227,-0.2679003868297719,0.04275332502914774,0.15466503882919158
121.8,100679.469,30.77,-0.2707256138357672,-0.26276156374437704,0.03972004995411692,0.1546650388291921
122.0,100679.273,30.76,-0.2543029667484187,-0.25466321952516907,0.03985725976016886,0.15466503882919244
122.2,100679.188,30.76,-0.2471808923638763,-0.24683846520912187,0.03972683921514324,0.1546650388291927
122.4,100679.063,30.75,-0.2367072447250096,-0.2382375194417431,0.040309676352397794,0.15466503882919286
122.6,100678.688,30.74,-0.20528623861482576,-0.22271080580897185,0.04694618726791072,0.15466503882919158
122.8,100678.828,30.74,-0.21701675864768788,-0.21442982475674624,0.04596089938020281,0.1546650388291921
123.0,100678.539,30.74,-0.19280159922066664,-0.2015078431330046,0.0492768544976855,0.15466503882919244
123.2,100678.516,30.73,-0.19087443878404553,-0.19141912550905413,0.049484309831053494,0.1546650388291927
123.4,100678.25,30.72,-0.16858638350017108,-0.17764255215305266,0.05293354110594953,0.15466503882919286
123.6,100678.547,30.72,-0.19347191580868062,-0.1749785159569545,0.04588994291418737,0.15466503882919158
123.8,100678.156,30.71,-0.16071014204416034,-0.16427382599176735,0.047247246493336115,0.1546650388291921
124.0,100678.313,30.71,-0.17386513774379608,-0.1605350556167588,0.04217020586701349,0.15466503882919244
124.2,100678.188,30.7,-0.1633914163987682,-0.15548721630339413,0.03915972591495061,0.1546650388291927
124.4,100678.109,30.7,-0.15677201907681848,-0.15038955365608558,0.03672883044646466,0.15466503882919286
124.6,100678.172,30.69,-0.1620507793051318,-0.14874433844463303,0.03166079409104833,0.15466503882919158
124.8,100678.313,30.69,-0.17386513774379608,-0.15184550766039054,0.023274157351332134,0.1546650388291921
125.0,100678.438,30.69,-0.18433884856640326,-0.15833210506877207,0.01336894506250346,0.15466503882919244
125.2,100678.109,30.68,-0.15677201907681848,-0.15599233633779896,0.013071986581383853,0.1546650388291927
125.4,100678.234,30.68,-0.1672457470758748,-0.15753715298164078,0.009374265429244357,0.15466503882919286
125.6,100678.359,30.68,-0.17771946455251042,-0.1622776544493952,0.003492929028588691,0.15466503882919158
125.8,100678.625,30.67,-0.20000750029755876,-0.17310447112789482,-0.006753652407581591,0.1546650388291921
126.0,100678.563,30.67,-0.19481254885674648,-0.1805607492583436,-0.012181748414022465,0.15466503882919244
126.2,100678.711,30.67,-0.20721339638392955,-0.19026001763685274,-0.018638797352810526,0.1546650388291927
126.4,100678.422,30.66,-0.18299821416981388,-0.19069180247274103,-0.01570853330762992,0.15466503882919286
126.6,100678.359,30.66,-0.17771946455251042,-0.1890006069974812,-0.01141187422041557,0.15466503882919158
126.8,100678.711,30.66,-0.20721339638392955,-0.19606080990894123,-0.015659570077235944,0.1546650388291921
127.0,100678.156,30.66,-0.16071014204416034,-0.1876510807785984,-0.0053985499903018465,0.15466503882919244
127.2,100677.914,30.65,-0.140432982366836,-0.17424537836007875,0.007479608335730671,0.1546650388291927
127.4,100678.094,30.65,-0.15551517100546253,-0.1675805733810887,0.012074969223248227,0.15466503882919286
127.6,100678.094,30.65,-0.15551517100546253,-0.16227124225360615,0.014648160286458758,0.15466503882919158
127.8,100677.672,30.65,-0.12015578322797316,-0.14758905074879872,0.025096694090575945,0.1546650388291921
128.0,100677.5,30.65,-0.10574386563270144,-0.13152495464709282,0.03491596114906005,0.15466503882919244
128.2,100677.555,30.65,-0.11035232981583709,-0.12028608726438177,0.038699440474817555,0.1546650388291913
128.4,100677.375,30.65,-0.09527007579842817,-0.10736476795694865,0.043305956988855185,0.15466503882919325
128.6,100677.203,30.65,-0.08085812377151225,-0.09335139284938121,0.04806427986034508,0.1546650388291919
128.8,100677.203,30.65,-0.08085812377151225,-0.08287464733156674,0.04883231504128129,0.15466503882919364
129.0,100677.555,30.65,-0.11035232981583709,-0.08427839732727468,0.038901512419748895,0.15466503882919216
129.2,100677.375,30.65,-0.09527007579842817,-0.08212816160957519,0.03389613948891608,0.1546650388291911
129.4,100677.203,30.65,-0.08085812377151225,-0.07700124243394348,0.032427165550486595,0.15466503882919314
129.6,100677.023,30.65,-0.06577582705413976,-0.06909420034645006,0.033691037434980954,0.1546650388291918
129.8,100676.781,30.65,-0.045498482609407365,-0.05730011151973228,0.03818593468043562,0.1546650388291936
130.0,100677.141,30.65,-0.07566311292676264,-0.057460865390048875,0.03125322793837928,0.15466503882919214
130.2,100677.117,30.65,-0.07365214028703715,-0.057940969795872654,0.025269299999260874,0.1546650388291911
130.4,100677.055,30.65,-0.06845712584950592,-0.057556847643206635,0.02111770102453639,0.1546650388291931
130.6,100677.359,30.64,-0.09392942993446729,-0.06550884078509608,0.010293125124684084,0.15466503882919178
130.8,100677.266,30.64,-0.08613692246719706,-0.07025438170153969,0.004243927231678196,0.15466503882919358
131.0,100677.203,30.64,-0.08085812377151225,-0.07284042259097245,0.0011902180170326906,0.1546650388291921
131.2,100677.148,30.63,-0.07624964653624389,-0.07369626246542293,0.00021770828013701943,0.15466503882919108
131.4,100677.297,30.63,-0.0887344256059408,-0.07817600501453643,-0.0038036870707314012,0.1546650388291931
131.6,100677.242,30.63,-0.08412595185517846,-0.0804930829984446,-0.005187341169780768,0.15466503882919178
131.8,100677.18,30.63,-0.07893094263456302,-0.08075088018932075,-0.004494179881289208,0.15466503882919358
132.0,100677.273,30.62,-0.0867234554959273,-0.0831714251025699,-0.005847044960524565,0.1546650388291921
132.201,100677.391,30.62,-0.09661072148521077,-0.0880294755516017,-0.00912117119485538,0.15476130647348338
132.4,100677.516,30.62,-0.10708450997096053,-0.09501323177125515,-0.013716342815741247,0.15463616453170356
132.6,100677.305,30.61,-0.08940474888735617,-0.09525230783215366,-0.011489996042762813,0.1546448671428743
132.801,100677.602,30.61,-0.11429047033367112,-0.10258437192266123,-0.015955250941821018,0.1547472341178011
133.0,100677.359,30.61,-0.09392942993446729,-0.10221319254548952,-0.012802432426132689,0.1546263655348691
133.2,100677.719,30.61,-0.12409392003490671,-0.11056615643179143,-0.017952233666320722,0.1546380409357426
133.401,100677.484,30.61,-0.10440322111726408,-0.11124101487012183,-0.015344203608742616,0.1547424774492081
133.6,100677.656,30.61,-0.11881514057290765,-0.11564959624344624,-0.016548944167123176,0.15462305097036622
133.8,100677.656,30.61,-0.11881514057290765,-0.11891613985985838,-0.016510496994969977,0.15463572611524548
134.0,100677.633,30.6,-0.11688796645418664,-0.12062001382197958,-0.015089596916529929,0.1546445914791394
134.2,100677.813,30.6,-0.13197018917994408,-0.12613647124649077,-0.017310914716863336,0.15465078051448372
134.4,100677.75,30.6,-0.12669141370445614,-0.12872683073209348,-0.016535823804578867,0.15465509461759194
134.6,100677.875,30.6,-0.1371651719517808,-0.13357279279113102,-0.017903883448342522,0.15465809887636492
134.8,100677.844,30.6,-0.13456768089068927,-0.13637806194737556,-0.017214423078242214,0.15466019036360376
135.0,100678.023,30.6,-0.14956608809617133,-0.14274356784707512,-0.01981276094025399,0.15466164701432616
135.2,100677.727,30.59,-0.12476424104253425,-0.14012554400592153,-0.013962343276134836,0.15466266263043202
135.4,100677.906,30.59,-0.13976266236321866,-0.14197168472882055,-0.013121016789858648,0.1546633718988863
135.6,100677.844,30.59,-0.13456768089068927,-0.14158828747540028,-0.010447129819983986,0.1546638681942645
135.8,100677.758,30.58,-0.12736173454474864,-0.13878429949695006,-0.00609667329448867,0.15466421616928178
136.0,100678.117,30.58,-0.15744233798783647,-0.1452337871697358,-0.01074650547337358,0.15466446059542735
136.2,100677.875,30.58,-0.1371651719517808,-0.14431856092760303,-0.008022008114030607,0.15466463252445387
136.4,100677.852,30.58,-0.13523800121913343,-0.14271835543317785,-0.005172973728870246,0.1546647535527557
136.6,100677.969,30.58,-0.14504143121420787,-0.1441393886430054,-0.005516534247144398,0.15466483875595818
136.8,100678.148,30.58,-0.16003982333985034,-0.14968062172789462,-0.009462042744700236,0.1546648987008407
137.0,100678.086,30.57,-0.1548448519763257,-0.15255430930723668,-0.01033444227276671,0.15466494082290724
137.2,100678.031,30.57,-0.15023640746982148,-0.15330611863907198,-0.009165280018331171,0.15466497037117466
137.4,100678.203,30.57,-0.16464826351533013,-0.15799112576584562,-0.011700787985725722,0.15466499105892648
137.6,100678.18,30.57,-0.16272109787163647,-0.161048032941982,-0.012338009376735922,0.15466500551496787
137.8,100678.063,30.56,-0.15291768452147636,-0.1603371130635405,-0.009512166005013483,0.15466501559911297
138.0,100678.031,30.56,-0.15023640746982148,-0.15863958210414192,-0.0063116421062089844,0.15466502262453424
138.2,100677.977,30.56,-0.1457117508733119,-0.15564601793908148,-0.0025279694634276055,0.15466502751568723
138.4,100677.648,30.55,-0.11814481918139386,-0.14475266790452318,0.007606184857409321,0.15466503092101094
138.6,100677.766,30.55,-0.1280320553456682,-0.13867285539211313,0.011658955734808643,0.1546650332935806
138.8,100678.063,30.55,-0.15291768452147636,-0.1413127011999698,0.007238955391564208,0.15466503494883693
139.0,100677.742,30.54,-0.12602109281494744,-0.135712891579872,0.010930279505412402,0.15466503610572446
139.2,100677.859,30.54,-0.13582453148191398,-0.13421595743376113,0.010317620451563737,0.15466503691592884
139.4,100678.016,30.53,-0.14897955861100654,-0.1371992015731625,0.005830825155473648,0.1546650374844626
139.6,100677.688,30.53,-0.12149642570586039,-0.13167323622273294,0.009706876258855792,0.15466503788407202
139.8,100677.805,30.52,-0.13129986862510545,-0.13020213567069333,0.009288781705129876,0.1546650381652745
140.0,100677.75,30.52,-0.12669141370445614,-0.12784862415079523,0.009729529507193363,0.1546650383632455
140.2,100678.078,30.52,-0.15417453289797267,-0.13438196206401878,0.002191114915088303,0.15466503850259003
140.4,100678.313,30.51,-0.17386513774379608,-0.1459169101462577,-0.008453552161992848,0.15466503860058373
140.6,100678.43,30.51,-0.18366853138779504,-0.1584229594378465,-0.01806885631610558,0.15466503866939266
140.8,100678.164,30.51,-0.16138046069925416,-0.16183990310304272,-0.01789386806603172,0.15466503871762532
141.0,100678.438,30.5,-0.18433884856640326,-0.17109318868666135,-0.022938754706327964,0.15466503875136356
141.2,100678.734,30.5,-0.2091405537986768,-0.18571610118453766,-0.031860447485161626,0.15466503877492077
141.4,100678.844,30.5,-0.21835738866403664,-0.19996681248597517,-0.038864883125047246,0.15466503879134635
141.6,100678.703,30.49,-0.20654308068180693,-0.2073808739613356,-0.038545792029130256,0.1546650388027828
141.8,100679.063,30.49,-0.2367072447250096,-0.22157343702951202,-0.044309819267885894,0.154665038810747
142.0,100679.0,30.49,-0.23142852232425737,-0.23073325650276005,-0.04457462580001075,0.15466503881629037
142.2,100679.328,30.48,-0.2589113652279451,-0.2454255692410479,-0.04971097330634137,0.15466503882015453
142.4,100678.914,30.48,-0.2242226429812333,-0.2460267619785646,-0.04140641847294356,0.15466503882285507
142.6,100679.273,30.48,-0.2543029667484187,-0.25430652240901674,-0.04140506422522503,0.15466503882474142
142.8,100679.391,30.48,-0.26419007371035974,-0.26306816638860553,-0.04183236609755424,0.15466503882606633
143.0,100679.156,30.48,-0.24449963957580145,-0.2633563313630108,-0.03465040057285372,0.15466503882699403
143.2,100679.328,30.48,-0.2589113652279451,-0.26687482321704953,-0.03161735101245116,0.15466503882764646
143.4,100679.656,30.47,-0.2863941356361899,-0.27715597230773453,-0.03513589876656447,0.15466503882810842
143.6,100679.836,30.47,-0.30147611297988375,-0.28936963316770814,-0.039746904855014566,0.1546650388284309
143.8,100679.781,30.47,-0.29686773333047034,-0.297183666618022,-0.03962657505353208,0.15466503882866056
144.0,100679.953,30.47,-0.31127938654623044,-0.30695960100359604,-0.04127185574181248,0.15466503882881927
144.2,100679.875,30.47,-0.3047438718655915,-0.3120737940427664,-0.038480101548067414,0.1546650388289306
144.4,100680.227,30.47,-0.33423744410386425,-0.3241089260127248,-0.04233775953868764,0.1546650388290113
144.6,100679.992,30.46,-0.3145471423510049,-0.3271691443391113,-0.03753040604541733,0.15466503882906502
144.8,100680.289,30.46,-0.339432326012048,-0.33610196859088626,-0.038798842336075376,0.15466503882910518
145.0,100680.047,30.46,-0.31915551418488786,-0.33645188059965836,-0.032211159369191035,0.15466503882913044
145.2,100680.203,30.46,-0.33222652136935205,-0.3396947031892552,-0.029366746098287287,0.15466503882914803
145.4,100680.227,30.45,-0.33423744410386425,-0.34216979191567065,-0.026345545499608623,0.15466503882916302
145.6,100680.375,30.45,-0.3466381256740658,-0.34719873357410885,-0.026132026253678258,0.15466503882917074
145.8,100680.5,30.45,-0.35711166280290696,-0.3538307146647748,-0.027381643985317297,0.15466503882917884
146.0,100680.172,30.44,-0.3296290789436962,-0.35040606907223354,-0.019468292666850028,0.15466503882918176
146.2,100680.289,30.44,-0.339432326012048,-0.3498407169230038,-0.015504039258209822,0.1546650388291838
146.4,100680.406,30.43,-0.3492355638671296,-0.3518300380651543,-0.014515879486815847,0.15466503882918797
146.6,100680.68,30.43,-0.37219353777693254,-0.3599698903191899,-0.019171511324141438,0.1546650388291882
146.8,100680.383,30.42,-0.3473084323696263,-0.3588568068185418,-0.014773071338073623,0.15466503882919105
147.0,100680.711,30.42,-0.37479096959157854,-0.36570422946136627,-0.01823394639962703,0.15466503882919033
147.2,100680.922,30.41,-0.39247024638790595,-0.37628490576929763,-0.024398471950813863,0.15466503882918983
147.4,100681.219,30.41,-0.41735524392317425,-0.39201884837069634,-0.034048368201910664,0.15466503882919222
147.6,100680.922,30.41,-0.39247024638790595,-0.39692155671198176,-0.03235299354927717,0.15466503882919116
147.8,100680.594,30.4,-0.36498775579336895,-0.39187396058970153,-0.022112820027634282,0.15466503882919316
148.0,100680.563,30.4,-0.36239032152775685,-0.3861274227025481,-0.013072048495468986,0.15466503882919183
148.2,100680.516,30.39,-0.35845227479628816,-0.379657429852642,-0.0049956216075797335,0.1546650388291909
148.4,100680.453,30.39,-0.3531736140831043,-0.3724139084983739,0.002332447002785525,0.15466503882919294
148.6,100680.359,30.39,-0.34529751216482607,-0.3639546155835826,0.009438395122520121,0.1546650388291917
148.8,100680.125,30.38,-0.32569101982943494,-0.351157121534161,0.01913769267498741,0.15466503882919352
149.0,100679.891,30.38,-0.306084490591747,-0.3349594114872019,0.030135310324373797,0.15466503882919208
149.2,100679.797,30.38,-0.29820835308032256,-0.319717650603635,0.03832757623307502,0.15466503882919108
149.4,100679.742,30.37,-0.29359997198395327,-0.3065179878410708,0.04324767280060032,0.15466503882919308
149.6,100680.094,30.37,-0.3230935757698017,-0.3054339374000076,0.03652163011045401,0.15466503882919178
149.8,100680.016,30.37,-0.3165580684912772,-0.30365664894498734,0.03160785459508097,0.15466503882919358
150.0,100680.188,30.37,-0.3309696944707996,-0.30742272603150145,0.022639499092561396,0.1546650388291921
150.2,100679.953,30.37,-0.31127938654623044,-0.3054095120415495,0.020403834597199175,0.15466503882919108
150.4,100680.125,30.37,-0.32569101982943494,-0.30863544511866353,0.013907862187829346,0.1546650388291931
150.6,100680.125,30.37,-0.32569101982943494,-0.31180340263023737,0.00861847266635511,0.15466503882919178
150.8,100680.305,30.37,-0.340772940279217,-0.3192851801710848,0.00043440973276004727,0.15466503882919358
151.0,100680.305,30.37,-0.340772940279217,-0.3256689352615258,-0.005318266534662326,0.1546650388291921
151.2,100680.305,30.37,-0.340772940279217,-0.33094355158521505,-0.00906199483699158,0.15466503882919108
151.4,100680.125,30.37,-0.32569101982943494,-0.3306370462257042,-0.007178197219436708,0.1546650388291931
151.6,100680.125,30.37,-0.32569101982943494,-0.3301587052087168,-0.005476585784482785,0.15466503882919178
151.8,100680.484,30.37,-0.3557710506421907,-0.338607135840281,-0.012013821783898603,0.15466503882919358
152.0,100680.664,30.37,-0.37085292755533406,-0.34996038000715385,-0.019971185562951542,0.1546650388291921
152.2,100680.422,30.36,-0.35057617687436426,-0.3529413599577659,-0.019070356109038067,0.15466503882919108
152.4,100680.219,30.36,-0.3335671365716286,-0.34980082968330933,-0.012887414499392024,0.1546650388291931
152.6,100680.578,30.36,-0.3636471446366629,-0.3557580452278383,-0.015892143039095474,0.15466503882919178
152.8,100680.75,30.36,-0.37805870548348386,-0.36467158730900134,-0.020990907037208767,0.15466503882919358
153.0,100680.281,30.36,-0.3387620188144824,-0.3598398936843401,-0.012962957470884834,0.1546650388291921
153.2,100680.219,30.35,-0.3335671365716286,-0.35377522943781786,-0.005266282575383374,0.15466503882919108
153.4,100680.398,30.35,-0.34856525729953125,-0.35295002701054523,-0.003596251307178811,0.1546650388291931
153.6,100680.313,30.35,-0.3414432473488205,-0.35000246315586864,-0.00033629491923537966,0.15466503882919178
153.8,100680.25,30.35,-0.33616457801296074,-0.34589931039600047,0.003371381546975332,0.15466503882919358
154.0,100680.219,30.34,-0.3335671365716286,-0.34172861346267674,0.006479850748571598,0.1546650388291921
154.2,100680.453,30.34,-0.3531736140831043,-0.3442538977812203,0.0030825902059614576,0.15466503882919108
154.4,100680.195,30.33,-0.33155621370915433,-0.3400140130036857,0.006303919993609432,0.1546650388291931
154.6,100680.313,30.33,-0.3414432473488205,-0.3395600156149957,0.005586651792987089,0.15466503882919178
154.8,100680.109,30.32,-0.32435040362314815,-0.3342161474885539,0.009344226722849257,0.15466503882919358
155.0,100680.047,30.32,-0.31915551418488786,-0.3283908392030959,0.01286169344720146,0.1546650388291921
155.2,100679.781,30.31,-0.29686773333047034,-0.3171356261507782,0.020581144406167425,0.15466503882919108
155.4,100680.047,30.31,-0.31915551418488786,-0.31485973303386916,0.01894500629256373,0.1546650388291931
155.6,100679.75,30.3,-0.29427028208527384,-0.3060319639604726,0.023424688874049665,0.15466503882919178
155.8,100679.688,30.3,-0.2890753776557631,-0.2976665301996217,0.026696809036283083,0.15466503882919358
156.0,100679.844,30.3,-0.3021464225791992,-0.29527214563258714,0.024078596860099027,0.1546650388291921
156.2,100679.719,30.29,-0.29167283019042367,-0.29082124845787316,0.023754254143258314,0.15466503882919108
156.4,100679.516,30.29,-0.27466369371925925,-0.2826493146465819,0.02679574492238832,0.1546650388291931
156.6,100679.453,30.29,-0.2693849905521928,-0.27491925639183906,0.028903585837168806,0.15466503882919178
156.8,100679.406,30.29,-0.26544690867052356,-0.26803135045490895,0.029887924553963108,0.15466503882919358
157.0,100679.164,30.28,-0.2451699528368012,-0.2569899956075078,0.03438983510333838,0.1546650388291921
157.2,100679.516,30.28,-0.27466369371925925,-0.25747553029977777,0.027843363510670637,0.15466503882919108
157.4,100679.492,30.28,-0.2726527594976891,-0.25812894002478204,0.022311663044717506,0.1546650388291931
157.6,100679.25,30.28,-0.25237581769057993,-0.2532794755328597,0.022655840037314107,0.15466503882919178
157.8,100679.43,30.28,-0.2674578442799902,-0.2543596461127254,0.01766711726778608,0.15466503882919358
158.0,100679.375,30.28,-0.26284944959011014,-0.254432212380172,0.01446123639856233,0.1546650388291921
158.2,100678.984,30.28,-0.23008789398125895,-0.24510608937022627,0.020181230273857598,0.15466503882919108
158.4,100679.164,30.28,-0.2451699528368012,-0.24229954253629474,0.01908797446560359,0.1546650388291931
158.6,100679.109,30.27,-0.24056154828399734,-0.23910565861342148,0.018533468429218065,0.15466503882919178
158.8,100678.875,30.27,-0.22095485883777854,-0.23106690845155278,0.02238485405574709,0.15466503882919358
159.0,100678.813,30.27,-0.21575991785048432,-0.22334181296763278,0.025272577414645492,0.1546650388291921
159.2,100678.719,30.26,-0.20788371204667921,-0.21516706841753447,0.02804659604696997,0.15466503882919108
159.4,100678.656,30.26,-0.20260497503856278,-0.20747248272086832,0.02990048816980084,0.1546650388291931
159.6,100678.453,30.26,-0.1855956931532532,-0.19672467105805655,0.0341391922088052,0.15466503882919178
159.8,100678.398,30.26,-0.18098726225010298,-0.18722468649915178,0.0365148457129798,0.15466503882919358
160.0,100678.281,30.25,-0.17118386608623526,-0.17730107299498735,0.038844711928309586,0.1546650388291921
160.2,100678.016,30.25,-0.14897955861100654,-0.16336803142099593,0.044324862786411526,0.15466503882919108
160.4,100678.125,30.24,-0.15811265684963827,-0.15558564453800514,0.04336239728566592,0.1546650388291931
160.6,100677.984,30.24,-0.1462982805454982,-0.1467287497548623,0.0435263504889166,0.15466503882919178
160.8,100677.922,30.23,-0.14110330232123713,-0.13894717584390562,0.042705144616621254,0.15466503882919358
161.0,100677.656,30.23,-0.11881514057290765,-0.1269297882037522,0.04579577791486086,0.1546650388291921
161.2,100677.688,30.22,-0.12149642570586039,-0.11888806736975037,0.04480233007903865,0.15466503882919108
161.4,100677.625,30.22,-0.11621764493471076,-0.11181410259251917,0.043125148861550694,0.1546650388291931
161.6,100677.922,30.22,-0.14110330232123713,-0.11456025650041038,0.03301567461417558,0.15466503882919178
161.8,100677.953,30.21,-0.1437007917581945,-0.11867731408517503,0.023484959683311428,0.15466503882919358
162.0,100677.516,30.2,-0.10708450997096053,-0.11191213962371739,0.025323663424391366,0.1546650388291921
162.2,100677.633,30.2,-0.11688796645418664,-0.10985875776947955,0.022646442254780415,0.15466503882919108
162.4,100677.664,30.19,-0.11948546191520526,-0.10957511519108595,0.018871879393142547,0.1546650388291931
162.6,100677.398,30.19,-0.09719725391350353,-0.10322039377863158,0.021165918207146067,0.15466503882919178
162.8,100677.516,30.19,-0.10708450997096053,-0.1014157411909805,0.019006849033910204,0.15466503882919358
163.0,100677.375,30.18,-0.09527007579842817,-0.09691127346931798,0.019631933498621267,0.1546650388291921
163.2,100677.484,30.18,-0.10440322111726408,-0.09640945793714947,0.01658734157219005,0.15466503882919108
163.4,100677.219,30.17,-0.08219877131866671,-0.08982491053831462,0.019491916223055364,0.1546650388291931
163.6,100677.336,30.17,-0.09200225121895445,-0.08774875007532047,0.017871881334707764,0.15466503882919178
163.8,100677.375,30.16,-0.09527007579842817,-0.08750218152200251,0.014913316305134445,0.15466503882919358
164.0,100677.484,30.16,-0.10440322111726408,-0.09048301113415316,0.009611513140107495,0.1546650388291921
164.2,100677.43,30.16,-0.0998785446177286,-0.09195513838064336,0.006593718127206124,0.15466503882919108
164.4,100676.922,30.15,-0.05731297322306261,-0.08064207990081593,0.015479096420452561,0.1546650388291931
164.6,100676.867,30.15,-0.052704485563805914,-0.07009574953456514,0.022102923106677858,0.15466503882919178
164.8,100677.398,30.15,-0.09719725391350353,-0.07512922658672441,0.013697853264414283,0.15466503882919358
165.0,100677.313,30.14,-0.09007507212939858,-0.07769384168856017,0.0089822026515422,0.1546650388291921
165.2,100677.609,30.14,-0.11487700176779692,-0.08758810947925276,-0.0014113428252155221,0.15466503882919108
165.4,100677.766,30.14,-0.1280320553456682,-0.09991561318448218,-0.01212007798225242,0.1546650388291931
165.6,100677.641,30.13,-0.11755828792444634,-0.1069039881458663,-0.016177990927226354,0.15466503882919178
165.8,100677.578,30.13,-0.11227950514527629,-0.11078138784526977,-0.01674858023962848,0.15466503882919358
166.0,100677.734,30.13,-0.1253507718860658,-0.11749609132025993,-0.019740199642970167,0.1546650388291921
166.2,100677.609,30.12,-0.11487700176779692,-0.1194745267873221,-0.017989136064950683,0.15466503882919108
166.4,100677.234,30.12,-0.08345562822924979,-0.11119055997523022,-0.007425707130253948,0.1546650388291931
166.6,100677.172,30.12,-0.07826061867396428,-0.10235397701938313,0.00175075239778847,0.15466503882919178
166.8,100677.047,30.11,-0.0677868012097238,-0.09174150326069523,0.010874401775578846,0.15466503882919358
167.0,100677.227,30.11,-0.08286909502334128,-0.08755790953451834,0.012660234866153194,0.1546650388291921
167.2,100677.195,30.11,-0.08018779993887559,-0.08357483745910893,0.0139502589582197,0.15466503882919108
167.4,100677.078,30.1,-0.0703843089255729,-0.07766548895617313,0.0167234486858319,0.1546650388291931
167.6,100676.875,30.1,-0.053374811178068526,-0.06803870723108073,0.02230850024754054,0.15466503882919178
167.8,100676.813,30.1,-0.04817978662168931,-0.058959093921690416,0.026414024922045018,0.15466503882919358
168.0,100676.992,30.1,-0.06317831819647513,-0.056526124512550444,0.023880397802152804,0.1546650388291921
168.2,100677.047,30.09,-0.0677868012097238,-0.056559766880792804,0.019604346922804716,0.15466503882919108
168.4,100676.844,30.09,-0.05077729921978413,-0.05208056949593139,0.020100724670219918,0.1546650388291931
168.6,100676.781,30.09,-0.045498482609407365,-0.04729205044739123,0.020783842500457436,0.15466503882919178
168.8,100676.906,30.09,-0.05597232247685602,-0.04698534952595922,0.017360965856147707,0.15466503882919358
169.0,100676.875,30.08,-0.053374811178068526,-0.04647085033566344,0.014731447947301824,0.1546650388291921
169.2,100676.813,30.08,-0.04817978662168931,-0.04492074970216081,0.013490175561622332,0.15466503882919108
169.4,100677.109,30.08,-0.07298181599176834,-0.051447942069925645,0.005288549217433779,0.1546650388291931
169.6,100677.047,30.08,-0.0677868012097238,-0.05560778732165342,0.0006499170087946411,0.15466503882919178
169.8,100677.023,30.07,-0.06577582705413976,-0.05856637288578338,-0.0020959544237688634,0.15466503882919358
170.0,100676.961,30.07,-0.06058080868915683,-0.05946400743728869,-0.0025213115425942586,0.1546650388291921
170.2,100677.078,30.07,-0.0703843089255729,-0.06309223392210891,-0.005298650848530397,0.15466503882919108
170.4,100677.266,30.07,-0.08613692246719706,-0.07074566263661256,-0.011160734120445964,0.1546650388291931
170.6,100677.0,30.06,-0.06384864312171112,-0.07023980242076021,-0.008726527406538544,0.15466503882919178
170.8,100676.938,30.06,-0.058653623792090936,-0.06798674748332018,-0.005171812011743179,0.15466503882919358
171.0,100677.109,30.06,-0.07298181599176834,-0.07020899942551899,-0.0062278972047694545,0.1546650388291921
171.2,100676.672,30.06,-0.03636528565294839,-0.06093064620080718,0.0031283342357534705,0.15466503882919108
171.4,100677.203,30.06,-0.08085812377151225,-0.06646925022126836,-0.002351969252657571,0.1546650388291931
171.6,100677.141,30.05,-0.07566311292676264,-0.06955597487909226,-0.004678000531616701,0.15466503882919178
171.8,100677.078,30.05,-0.0703843089255729,-0.07045940389595465,-0.004649399041256239,0.15466503882919358
172.0,100677.172,30.05,-0.07826061867396428,-0.07345012505843126,-0.006481576164095527,0.1546650388291921
172.2,100677.531,30.05,-0.10834136387935622,-0.08482218366966467,-0.015439347938075092,0.15466503882919108
172.4,100677.234,30.04,-0.08345562822924979,-0.08657408821592145,-0.014251617217963418,0.1546650388291931
172.6,100677.734,30.04,-0.1253507718860658,-0.10019939631497456,-0.023831044738768063,0.15466503882919178
172.8,100677.859,30.04,-0.13582453148191398,-0.11422077206501374,-0.03205928843566438,0.15466503882919358
173.0,100677.977,30.03,-0.1457117508733119,-0.12815432534137222,-0.03874640122835227,0.1546650388291921
173.2,100677.891,30.03,-0.13850581224446934,-0.13668405583658885,-0.03944025526510367,0.15466503882919108
173.4,100678.25,30.03,-0.16858638350017108,-0.15177443577455943,-0.045843437240811004,0.1546650388291931
173.6,100678.008,30.03,-0.1483092391586105,-0.15715398605237532,-0.042474730365547,0.15466503882919178
173.801,100678.297,30.02,-0.17252450200852643,-0.16774333133877867,-0.04429895920617764,0.15476130647348316
174.0,100677.922,30.02,-0.14110330232123713,-0.16592902280088348,-0.0348485559987609,0.15463616453170342
174.2,100677.922,30.02,-0.14110330232123713,-0.16336517901852557,-0.026372770151480616,0.15464486714287418
174.4,100678.031,30.02,-0.15023640746982148,-0.16312123718663515,-0.021466567523333858,0.15465096730549197
174.6,100677.797,30.02,-0.13062954804073712,-0.15638344212444064,-0.011659402433978538,0.15465523258596012
174.8,100677.797,30.02,-0.13062954804073712,-0.15029261968333815,-0.004171237704833884,0.15465820794659085
175.0,100677.977,30.02,-0.1457117508733119,-0.14950287290965253,-0.002727434315552603,0.15466027956418824
175.2,100677.766,30.01,-0.1280320553456682,-0.14344554332483653,0.0031427604245624075,0.15466172018968058
175.4,100677.766,30.01,-0.1280320553456682,-0.13838284642449633,0.007084908854624171,0.15466272163567316
175.6,100677.945,30.01,-0.1430304719711284,-0.13878471523869587,0.0054678716662081295,0.15466341814956175
175.8,100677.945,30.01,-0.1430304719711284,-0.13929248223615984,0.004044209866733042,0.1546639032445028
176.0,100678.328,30.02,-0.17512198360042364,-0.14947204866107597,-0.005724960438037476,0.15466424178844115
176.2,100678.328,30.02,-0.17512198360042364,-0.15796647634042965,-0.012258926386937236,0.1546644786399043
176.4,100678.516,30.02,-0.19087443878404553,-0.16955258993138128,-0.020379739140108932,0.1546646447701252
176.6,100678.328,30.02,-0.17512198360042364,-0.17407644838058323,-0.02077795105049073,0.1546647615647957
176.8,100678.328,30.02,-0.17512198360042364,-0.17729927751825808,-0.019948686112468413,0.15466484381895856
177.0,100678.156,30.02,-0.16071014204416034,-0.17511703841920453,-0.01446153214782543,0.15466490180400813
177.2,100677.977,30.02,-0.1457117508733119,-0.16832270683048373,-0.005849691822376574,0.1546649426841411
177.4,100678.156,30.02,-0.16071014204416034,-0.16685861119659007,-0.003507921618982584,0.15466497148227343
177.6,100677.977,30.02,-0.1457117508733119,-0.1610074439759342,0.002317758056254416,0.15466499173759687
177.8,100677.977,30.02,-0.1457117508733119,-0.15609545873463265,0.006272608043412203,0.15466500595406119
178.0,100677.977,30.02,-0.1457117508733119,-0.15210292492508096,0.008706819363494269,0.15466501590786066
178.2,100677.797,30.02,-0.13062954804073712,-0.14444356401129801,0.013968174794138668,0.15466502286011335
178.4,100677.797,30.02,-0.13062954804073712,-0.13834471197872875,0.016906655778426143,0.15466502770543902
178.6,100677.977,30.02,-0.1457117508733119,-0.13818701689479287,0.014040703838629928,0.15466503107688734
178.8,100677.977,30.02,-0.1457117508733119,-0.13847789752386036,0.011285539739162069,0.15466503342075935
179.0,100678.156,30.02,-0.16071014204416034,-0.14356560220129533,0.004755683549777933,0.15466503505025347
179.2,100678.156,30.02,-0.16071014204416034,-0.14804169578375403,-6.935898159690212e-05,0.1546650361841208
179.4,100678.156,30.02,-0.16071014204416034,-0.151850910095758,-0.003443582677437733,0.15466503697444747
179.6,100678.328,30.02,-0.17512198360042364,-0.1593124960283664,-0.009464956588259658,0.15466503752656643
179.8,100678.125,30.01,-0.15811265684963827,-0.16027788987898914,-0.008640282309144858,0.1546650379132644
