index,elapsed_s,lat,lon,ele_m,gpx_time
0,0.0,26.030501033412587,119.19306063132451,185.23865159665905,1970-01-21T15:12:20.012Z
1,2.332506203473945,26.030517752922677,119.19306550210597,185.23865159665905,1970-01-21T15:12:20.018Z
2,4.66501240694789,26.030530194071723,119.19306324588388,185.23865159665905,1970-01-21T15:12:20.022Z
3,6.997518610421836,26.030530517858708,119.19305447756881,185.23865159665905,1970-01-21T15:12:20.030Z
4,9.33002481389578,26.030518484226658,119.19305616742379,185.23865159665905,1970-01-21T15:12:20.034Z
5,11.662531017369727,26.03050338048878,119.19307723403216,185.23865159665905,1970-01-21T15:12:20.038Z
6,13.995037220843672,26.030493074096103,119.19311343888103,185.23865159665905,1970-01-21T15:12:20.042Z
7,16.327543424317618,26.03048716651276,119.19315706550316,185.23865159665905,1970-01-21T15:12:20.046Z
8,18.66004962779156,26.030482458936714,119.19320296117225,185.23865159665905,1970-01-21T15:12:20.050Z
9,20.99255583126551,26.030478391145095,119.19324881853673,185.23865159665905,1970-01-21T15:12:20.054Z
10,23.325062034739453,26.03047538804659,119.19329358261724,185.23865159665905,1970-01-21T15:12:20.058Z
11,25.6575682382134,26.03047376003001,119.19333794554606,185.23865159665905,1970-01-21T15:12:20.062Z
12,27.990074441687344,26.03047352833388,119.19338314471854,185.23865159665905,1970-01-21T15:12:20.066Z
13,30.322580645161292,26.030473000734382,119.19342892897558,185.23865159665905,1970-01-21T15:12:20.070Z
14,32.655086848635236,26.03046981763159,119.19347350325599,185.23865159665905,1970-01-21T15:12:20.074Z
15,34.98759305210918,26.03046317669351,119.19351437514192,185.23865159665905,1970-01-21T15:12:20.078Z
16,37.32009925558312,26.030454182792848,119.1935519940604,185.23865159665905,1970-01-21T15:12:20.082Z
17,39.65260545905707,26.030445225049252,119.1935897189536,185.23865159665905,1970-01-21T15:12:20.088Z
18,41.98511166253102,26.03043814360763,119.19363072704529,185.23865159665905,1970-01-21T15:12:20.092Z
19,44.317617866004966,26.030432265612014,119.19367467065545,185.23865159665905,1970-01-21T15:12:20.096Z
20,46.650124069478906,26.030425596263346,119.19371851058516,185.23865159665905,1970-01-21T15:12:20.100Z
21,48.98263027295285,26.030417466490373,119.19376102691896,185.23865159665905,1970-01-21T15:12:20.104Z
22,51.3151364764268,26.03040762500923,119.19380252324372,185.23865159665905,1970-01-21T15:12:20.108Z
23,53.64764267990074,26.030397133309002,119.19384288323823,185.23865159665905,1970-01-21T15:12:20.112Z
24,55.98014888337469,26.030388067773472,119.19388300148343,185.23865159665905,1970-01-21T15:12:20.116Z
25,58.312655086848636,26.03038278182669,119.19392326480666,185.23865159665905,1970-01-21T15:12:20.120Z
26,60.645161290322584,26.03038316360518,119.19396283714369,185.23865159665905,1970-01-21T15:12:20.124Z
27,62.977667493796524,26.030387946312263,119.19400156810624,185.23865159665905,1970-01-21T15:12:20.128Z
28,65.31017369727047,26.03039423086958,119.1940397792869,185.23865159665905,1970-01-21T15:12:20.132Z
29,67.64267990074441,26.030399620051305,119.19407843292772,185.23865159665905,1970-01-21T15:12:20.136Z
30,69.97518610421837,26.03040322312489,119.19411841360602,185.23865159665905,1970-01-21T15:12:20.140Z
31,72.3076923076923,26.030405068365088,119.19416137416394,185.23865159665905,1970-01-21T15:12:20.144Z
32,74.64019851116625,26.030406142940215,119.19420727373591,185.23865159665905,1970-01-21T15:12:20.148Z
33,76.9727047146402,26.030407609294013,119.19425399083994,185.23865159665905,1970-01-21T15:12:20.152Z
34,79.30521091811414,26.03040935241354,119.19430016151573,185.23865159665905,1970-01-21T15:12:20.156Z
35,81.6377171215881,26.03041012538418,119.19434569346963,185.23865159665905,1970-01-21T15:12:20.160Z
36,83.97022332506204,26.030409786997645,119.19439130817,185.23865159665905,1970-01-21T15:12:20.164Z
37,86.30272952853598,26.03040881456862,119.194437170053,185.23865159665905,1970-01-21T15:12:20.168Z
38,88.63523573200993,26.030407740979793,119.19448177318239,185.23865159665905,1970-01-21T15:12:20.172Z
39,90.96774193548387,26.030407263468362,119.19452359952194,185.23865159665905,1970-01-21T15:12:20.176Z
40,93.30024813895781,26.03040767186005,119.19456209489987,185.23865159665905,1970-01-21T15:12:20.180Z
41,95.63275434243177,26.030408934214048,119.19459859656776,185.23865159665905,1970-01-21T15:12:20.184Z
42,97.9652605459057,26.030410055643088,119.19463511703071,185.23865159665905,1970-01-21T15:12:20.188Z
43,100.29776674937965,26.03040805336567,119.19467369458829,185.23865159665905,1970-01-21T15:12:20.192Z
44,102.6302729528536,26.03040028140377,119.19471544259089,185.23865159665905,1970-01-21T15:12:20.196Z
45,104.96277915632754,26.030388703256527,119.19476069770268,185.23865159665905,1970-01-21T15:12:20.200Z
46,107.29528535980148,26.030377410838994,119.19480747124123,185.23865159665905,1970-01-21T15:12:20.204Z
47,109.62779156327544,26.030369678471203,119.19485280019155,185.23865159665905,1970-01-21T15:12:20.208Z
48,111.96029776674938,26.03036632532358,119.19489579754416,185.23865159665905,1970-01-21T15:12:20.212Z
49,114.29280397022333,26.030366207481812,119.19493680312308,185.23865159665905,1970-01-21T15:12:20.216Z
50,116.62531017369727,26.030368254032066,119.19497640723691,185.23865159665905,1970-01-21T15:12:20.220Z
51,118.95781637717121,26.030371408923152,119.19501619610888,185.23865159665905,1970-01-21T15:12:20.224Z
52,121.29032258064517,26.03037555515935,119.19505697131096,185.23865159665905,1970-01-21T15:12:20.228Z
53,123.62282878411911,26.030380886936637,119.19509732361117,185.23865159665905,1970-01-21T15:12:20.232Z
54,125.95533498759305,26.030386175309665,119.19513641195955,185.23865159665905,1970-01-21T15:12:20.236Z
55,128.287841191067,26.03039043120432,119.19517370923471,185.23865159665905,1970-01-21T15:12:20.240Z
56,130.62034739454094,26.030391704429523,119.19520958655586,185.23865159665905,1970-01-21T15:12:20.244Z
57,132.95285359801488,26.030390191422903,119.19524519332855,185.23865159665905,1970-01-21T15:12:20.248Z
58,135.28535980148882,26.030387964520276,119.19528201937177,185.23865159665905,1970-01-21T15:12:20.252Z
59,137.6178660049628,26.030384999040344,119.19532149637881,185.23865159665905,1970-01-21T15:12:20.256Z
60,139.95037220843673,26.030381233056918,119.1953639203696,185.23865159665905,1970-01-21T15:12:20.260Z
61,142.28287841191067,26.0303771838582,119.19540917609689,185.23865159665905,1970-01-21T15:12:20.264Z
62,144.6153846153846,26.030373688667368,119.19545515093412,185.23865159665905,1970-01-21T15:12:20.268Z
63,146.94789081885855,26.030372082379,119.19550086820202,185.23865159665905,1970-01-21T15:12:20.272Z
64,149.2803970223325,26.03037287988691,119.19554760466349,185.23865159665905,1970-01-21T15:12:20.276Z
65,151.61290322580646,26.030375303650253,119.19559486509328,185.23865159665905,1970-01-21T15:12:20.280Z
66,153.9454094292804,26.030379140946327,119.19563834226192,185.23865159665905,1970-01-21T15:12:20.284Z
67,156.27791563275434,26.03037988735044,119.19567929859726,185.23865159665905,1970-01-21T15:12:20.288Z
68,158.61042183622828,26.030380496688306,119.19572197050142,185.23865159665905,1970-01-21T15:12:20.292Z
69,160.94292803970222,26.03038338979887,119.19576502895751,185.23865159665905,1970-01-21T15:12:20.296Z
70,163.2754342431762,26.030385681630246,119.19580831840418,185.23865159665905,1970-01-21T15:12:20.300Z
71,165.60794044665013,26.030390616726702,119.19585219069016,185.23865159665905,1970-01-21T15:12:20.304Z
72,167.94044665012407,26.03039365375445,119.19589692684409,185.23865159665905,1970-01-21T15:12:20.308Z
73,170.272952853598,26.030391843026784,119.19594227008606,185.23865159665905,1970-01-21T15:12:20.312Z
74,172.60545905707195,26.03038585509831,119.19598733898219,185.23865159665905,1970-01-21T15:12:20.316Z
75,174.9379652605459,26.030377897017154,119.19603245997722,185.23865159665905,1970-01-21T15:12:20.320Z
76,177.27047146401986,26.03037378097963,119.19607964882299,185.23865159665905,1970-01-21T15:12:20.324Z
77,179.6029776674938,26.03037225988415,119.19612917158847,185.23865159665905,1970-01-21T15:12:20.328Z
78,181.93548387096774,26.030375405430085,119.19617766023258,185.23865159665905,1970-01-21T15:12:20.332Z
79,184.26799007444168,26.030383158219358,119.19622345022803,185.23865159665905,1970-01-21T15:12:20.336Z
80,186.60049627791562,26.030388906209446,119.19626683111198,185.23865159665905,1970-01-21T15:12:20.340Z
81,188.93300248138956,26.030391325274113,119.19630856061208,185.23865159665905,1970-01-21T15:12:20.344Z
82,191.26550868486353,26.03039218114612,119.19634975649184,185.23865159665905,1970-01-21T15:12:20.348Z
83,193.59801488833747,26.030393747606013,119.19638936188318,185.23865159665905,1970-01-21T15:12:20.352Z
84,195.9305210918114,26.030396549436208,119.19642719341381,185.23865159665905,1970-01-21T15:12:20.356Z
85,198.26302729528535,26.030399463315835,119.19646469532329,185.23865159665905,1970-01-21T15:12:20.360Z
86,200.5955334987593,26.030402716969487,119.19650420768944,185.23865159665905,1970-01-21T15:12:20.364Z
87,202.92803970223326,26.030406986351775,119.19654675214318,185.23865159665905,1970-01-21T15:12:20.368Z
88,205.2605459057072,26.030411593242178,119.19659038957036,185.23865159665905,1970-01-21T15:12:20.372Z
89,207.59305210918114,26.030414507794926,119.19663330170013,185.23865159665905,1970-01-21T15:12:20.376Z
90,209.92555831265508,26.030415046631965,119.1966750429066,185.23865159665905,1970-01-21T15:12:20.380Z
91,212.25806451612902,26.03041386209438,119.19671628101469,185.23865159665905,1970-01-21T15:12:20.384Z
92,214.59057071960297,26.030411108751885,119.19675701651195,185.23865159665905,1970-01-21T15:12:20.388Z
93,216.92307692307693,26.03040814913556,119.19679625282406,185.23865159665905,1970-01-21T15:12:20.392Z
94,219.25558312655087,26.030405474345393,119.1968339926246,185.23865159665905,1970-01-21T15:12:20.396Z
95,221.58808933002481,26.030401788177766,119.19687229125782,185.23865159665905,1970-01-21T15:12:20.400Z
96,223.92059553349876,26.03039646287582,119.19691329387197,185.23865159665905,1970-01-21T15:12:20.404Z
97,226.2531017369727,26.03038927147661,119.19695739139632,185.23865159665905,1970-01-21T15:12:20.408Z
98,228.58560794044666,26.030384831933475,119.1970035966952,185.23865159665905,1970-01-21T15:12:20.412Z
99,230.9181141439206,26.03038492138208,119.19704908764443,185.23865159665905,1970-01-21T15:12:20.416Z
100,233.25062034739454,26.030386208550766,119.19709258023792,185.23865159665905,1970-01-21T15:12:20.420Z
101,235.58312655086849,26.030388088093098,119.19713407693743,185.23865159665905,1970-01-21T15:12:20.424Z
102,237.91563275434243,26.03038974376349,119.19717458491641,185.23865159665905,1970-01-21T15:12:20.428Z
103,240.24813895781637,26.030391727026313,119.19721612590752,185.23865159665905,1970-01-21T15:12:20.432Z
104,242.58064516129033,26.030394693492717,119.1972587663844,185.23865159665905,1970-01-21T15:12:20.436Z
105,244.91315136476427,26.030400610405376,119.19730070619373,185.23865159665905,1970-01-21T15:12:20.440Z
106,247.24565756823822,26.030413379086436,119.197338544451,185.23865159665905,1970-01-21T15:12:20.444Z
107,249.57816377171216,26.03043570206987,119.19736907700243,185.23865159665905,1970-01-21T15:12:20.448Z
108,251.9106699751861,26.030469685315282,119.19739068966044,185.23865159665905,1970-01-21T15:12:20.454Z
109,254.24317617866004,26.03050831116983,119.19740920421823,185.23865159665905,1970-01-21T15:12:20.490Z
110,256.575682382134,26.030515564277362,119.197439234797,185.23865159665905,1970-01-21T15:12:20.500Z
111,258.90818858560795,26.030505977803127,119.19746957393694,185.23865159665905,1970-01-21T15:12:20.504Z
112,261.2406947890819,26.03048711125736,119.19750101570915,185.23865159665905,1970-01-21T15:12:20.508Z
113,263.5732009925558,26.030463817810897,119.19753382480505,185.23865159665905,1970-01-21T15:12:20.512Z
114,265.90570719602977,26.030435716626368,119.19756109096528,185.23865159665905,1970-01-21T15:12:20.516Z
115,268.2382133995037,26.030411521308178,119.1975707673307,185.23865159665905,1970-01-21T15:12:20.520Z
116,270.57071960297765,26.03039480169528,119.19755781180756,185.23865159665905,1970-01-21T15:12:20.526Z
117,272.9032258064516,26.03038280760653,119.19752803667824,185.23865159665905,1970-01-21T15:12:20.530Z
118,275.2357320099256,26.03037773404095,119.19749078885661,185.23865159665905,1970-01-21T15:12:20.534Z
119,277.5682382133995,26.03037730786907,119.1974514404381,185.23865159665905,1970-01-21T15:12:20.538Z
120,279.90074441687347,26.03037319042709,119.19741069317222,185.23865159665905,1970-01-21T15:12:20.542Z
121,282.2332506203474,26.030367031987154,119.19736878305925,185.23865159665905,1970-01-21T15:12:20.546Z
122,284.56575682382135,26.030364549019083,119.1973254918875,185.23865159665905,1970-01-21T15:12:20.550Z
123,286.8982630272953,26.030362383544396,119.19728006875663,185.23865159665905,1970-01-21T15:12:20.554Z
124,289.2307692307692,26.030359725193758,119.19723426431547,185.23865159665905,1970-01-21T15:12:20.558Z
125,291.56327543424317,26.030356317148936,119.19719166067382,185.23865159665905,1970-01-21T15:12:20.560Z
126,293.8957816377171,26.030351766325744,119.19715178409257,185.23865159665905,1970-01-21T15:12:20.562Z
127,296.22828784119105,26.030346822743248,119.19711015113776,185.23865159665905,1970-01-21T15:12:20.566Z
128,298.560794044665,26.030342327711725,119.1970632721087,185.23865159665905,1970-01-21T15:12:20.570Z
129,300.893300248139,26.030338926197487,119.19701357709032,185.23865159665905,1970-01-21T15:12:20.574Z
130,303.2258064516129,26.030337173946887,119.19696613700378,185.23865159665905,1970-01-21T15:12:20.578Z
131,305.55831265508687,26.03033718031161,119.19692285560816,185.23865159665905,1970-01-21T15:12:20.582Z
132,307.8908188585608,26.030337751231535,119.19688243575415,185.23865159665905,1970-01-21T15:12:20.586Z
133,310.22332506203475,26.030335808256545,119.19684129829253,185.23865159665905,1970-01-21T15:12:20.590Z
134,312.5558312655087,26.030330023625737,119.19679691657724,185.23865159665905,1970-01-21T15:12:20.594Z
135,314.8883374689826,26.030321755999545,119.19674945160426,185.23865159665905,1970-01-21T15:12:20.598Z
136,317.22084367245657,26.030313859529446,119.19669996140186,185.23865159665905,1970-01-21T15:12:20.602Z
137,319.5533498759305,26.030309087249744,119.19665013511656,185.23865159665905,1970-01-21T15:12:20.606Z
138,321.88585607940445,26.030308058834613,119.19660220149822,185.23865159665905,1970-01-21T15:12:20.610Z
139,324.2183622828784,26.030309481605187,119.19655756710183,185.23865159665905,1970-01-21T15:12:20.614Z
140,326.5508684863524,26.03031112141449,119.19651403128861,185.23865159665905,1970-01-21T15:12:20.618Z
141,328.8833746898263,26.030311629921442,119.1964678600614,185.23865159665905,1970-01-21T15:12:20.622Z
142,331.21588089330027,26.030310256866066,119.1964171416651,185.23865159665905,1970-01-21T15:12:20.626Z
143,333.5483870967742,26.03030825540878,119.19636390776446,185.23865159665905,1970-01-21T15:12:20.630Z
144,335.88089330024815,26.03030904816557,119.19631284040126,185.23865159665905,1970-01-21T15:12:20.634Z
145,338.2133995037221,26.030314076420773,119.19626583409159,185.23865159665905,1970-01-21T15:12:20.638Z
146,340.545905707196,26.030321313126088,119.19621994441692,185.23865159665905,1970-01-21T15:12:20.642Z
147,342.87841191066997,26.030326889402428,119.19617334113154,185.23865159665905,1970-01-21T15:12:20.646Z
148,345.2109181141439,26.030329321990838,119.19612806643588,185.23865159665905,1970-01-21T15:12:20.650Z
149,347.54342431761785,26.030329509175516,119.19608564668273,185.23865159665905,1970-01-21T15:12:20.654Z
150,349.8759305210918,26.030329249334244,119.19604584530464,185.23865159665905,1970-01-21T15:12:20.658Z
151,352.20843672456573,26.030329439621546,119.19600591780102,185.23865159665905,1970-01-21T15:12:20.662Z
152,354.5409429280397,26.03032947676297,119.19596228195137,185.23865159665905,1970-01-21T15:12:20.666Z
153,356.87344913151367,26.03032795935644,119.19591340867846,185.23865159665905,1970-01-21T15:12:20.670Z
154,359.2059553349876,26.030325321723865,119.19586045589126,185.23865159665905,1970-01-21T15:12:20.674Z
155,361.53846153846155,26.030323210106413,119.19580547803534,185.23865159665905,1970-01-21T15:12:20.678Z
156,363.8709677419355,26.030322174407804,119.1957504929697,185.23865159665905,1970-01-21T15:12:20.682Z
157,366.2034739454094,26.030323298812245,119.19569717440038,185.23865159665905,1970-01-21T15:12:20.686Z
158,368.53598014888337,26.03032769143233,119.19564634100747,185.23865159665905,1970-01-21T15:12:20.690Z
159,370.8684863523573,26.03033563467824,119.19559649677066,185.23865159665905,1970-01-21T15:12:20.694Z
160,373.20099255583125,26.030344074943226,119.19554637886955,185.23865159665905,1970-01-21T15:12:20.698Z
161,375.5334987593052,26.030348481107385,119.19549601048692,185.23865159665905,1970-01-21T15:12:20.702Z
162,377.86600496277913,26.030348386392923,119.19544615346705,185.23865159665905,1970-01-21T15:12:20.706Z
163,380.1985111662531,26.03034646420618,119.19539784428156,185.23865159665905,1970-01-21T15:12:20.710Z
164,382.53101736972707,26.030344658928808,119.19535212890199,185.23865159665905,1970-01-21T15:12:20.714Z
165,384.863523573201,26.0303428890133,119.19530889795844,185.23865159665905,1970-01-21T15:12:20.718Z
166,387.19602977667495,26.030339931241723,119.19526616346631,185.23865159665905,1970-01-21T15:12:20.722Z
167,389.5285359801489,26.030337179414417,119.1952219273468,185.23865159665905,1970-01-21T15:12:20.726Z
168,391.8610421836228,26.030336598528915,119.19517518833865,185.23865159665905,1970-01-21T15:12:20.730Z
169,394.19354838709677,26.030338242059116,119.19512694652632,185.23865159665905,1970-01-21T15:12:20.734Z
170,396.5260545905707,26.030341525927167,119.19507920237669,185.23865159665905,1970-01-21T15:12:20.738Z
171,398.85856079404465,26.030345056182973,119.19503195776268,185.23865159665905,1970-01-21T15:12:20.742Z
172,401.1910669975186,26.030347466290163,119.1949846691688,185.23865159665905,1970-01-21T15:12:20.746Z
173,403.52357320099253,26.030347579799386,119.19493622696956,185.23865159665905,1970-01-21T15:12:20.750Z
174,405.8560794044665,26.03034601938266,119.19488861256376,185.23865159665905,1970-01-21T15:12:20.754Z
175,408.18858560794047,26.030344912315,119.19484508017091,185.23865159665905,1970-01-21T15:12:20.756Z
176,410.5210918114144,26.030345455572615,119.19480457417347,185.23865159665905,1970-01-21T15:12:20.758Z
177,412.85359801488835,26.030346549719287,119.19476341063121,185.23865159665905,1970-01-21T15:12:20.762Z
178,415.1861042183623,26.03034632921605,119.19471836256197,185.23865159665905,1970-01-21T15:12:20.766Z
179,417.51861042183623,26.030344770800273,119.19467135346686,185.23865159665905,1970-01-21T15:12:20.770Z
180,419.85111662531017,26.0303436656208,119.19462535666135,185.23865159665905,1970-01-21T15:12:20.774Z
181,422.1836228287841,26.0303442108866,119.19458102974407,185.23865159665905,1970-01-21T15:12:20.778Z
182,424.51612903225805,26.030345606450798,119.19453692605966,185.23865159665905,1970-01-21T15:12:20.782Z
183,426.848635235732,26.030346085751844,119.1944922307249,185.23865159665905,1970-01-21T15:12:20.786Z
184,429.18114143920593,26.030345359622387,119.19444733852615,185.23865159665905,1970-01-21T15:12:20.790Z
185,431.5136476426799,26.030345731207493,119.19440337989792,185.23865159665905,1970-01-21T15:12:20.794Z
186,433.84615384615387,26.030347668535402,119.19436006523568,185.23865159665905,1970-01-21T15:12:20.798Z
187,436.1786600496278,26.03034892839413,119.1943156326287,185.23865159665905,1970-01-21T15:12:20.802Z
188,438.51116625310175,26.03034786366905,119.19426816206195,185.23865159665905,1970-01-21T15:12:20.806Z
189,440.8436724565757,26.03034542500971,119.19421767946088,185.23865159665905,1970-01-21T15:12:20.810Z
190,443.17617866004963,26.03034312805017,119.19416685913137,185.23865159665905,1970-01-21T15:12:20.814Z
191,445.50868486352357,26.030341477534414,119.19411759231642,185.23865159665905,1970-01-21T15:12:20.818Z
192,447.8411910669975,26.03034004155499,119.19407084294198,185.23865159665905,1970-01-21T15:12:20.822Z
193,450.17369727047145,26.03033957661341,119.19402593215,185.23865159665905,1970-01-21T15:12:20.826Z
194,452.5062034739454,26.03034063534556,119.19398163372722,185.23865159665905,1970-01-21T15:12:20.830Z
195,454.83870967741933,26.03034220196134,119.1939375394195,185.23865159665905,1970-01-21T15:12:20.834Z
196,457.1712158808933,26.030340936614298,119.1938961805029,185.23865159665905,1970-01-21T15:12:20.838Z
197,459.50372208436727,26.030335514667208,119.1938600578636,185.23865159665905,1970-01-21T15:12:20.842Z
198,461.8362282878412,26.030326435651904,119.193833678139,185.23865159665905,1970-01-21T15:12:20.848Z
199,464.16873449131515,26.030311743555764,119.19381988584456,185.23865159665905,1970-01-21T15:12:20.858Z
200,466.5012406947891,26.030285846119646,119.19381562167146,185.23865159665905,1970-01-21T15:12:20.862Z
201,468.83374689826303,26.030249880782126,119.19381153410767,185.23865159665905,1970-01-21T15:12:20.866Z
202,471.16625310173697,26.030213561307292,119.19379750732091,185.23865159665905,1970-01-21T15:12:20.870Z
203,473.4987593052109,26.03018145821669,119.19377416860264,185.23865159665905,1970-01-21T15:12:20.874Z
204,475.83126550868485,26.03015476095025,119.19374572628583,185.23865159665905,1970-01-21T15:12:20.878Z
205,478.1637717121588,26.030134532471898,119.19371458295758,185.23865159665905,1970-01-21T15:12:20.882Z
206,480.49627791563273,26.030123127224552,119.19368087294073,185.23865159665905,1970-01-21T15:12:20.886Z
207,482.8287841191067,26.030117996505055,119.19364564081717,185.23865159665905,1970-01-21T15:12:20.890Z
208,485.16129032258067,26.030112957106983,119.1936109011284,185.23865159665905,1970-01-21T15:12:20.898Z
209,487.4937965260546,26.030111282264386,119.19357199306643,185.23865159665905,1970-01-21T15:12:20.908Z
210,489.82630272952855,26.030118063536538,119.19352469686281,185.23865159665905,1970-01-21T15:12:20.914Z
211,492.1588089330025,26.030130330892682,119.1934706053532,185.23865159665905,1970-01-21T15:12:20.918Z
212,494.49131513647643,26.03013842644662,119.19341691488879,185.23865159665905,1970-01-21T15:12:20.924Z
213,496.82382133995037,26.030139797211948,119.19336802388105,185.23865159665905,1970-01-21T15:12:20.928Z
214,499.1563275434243,26.03014092631326,119.19332106595417,185.23865159665905,1970-01-21T15:12:20.932Z
215,501.48883374689825,26.03014397485194,119.19327475237942,185.23865159665905,1970-01-21T15:12:20.936Z
216,503.8213399503722,26.030145989048528,119.19325167613394,185.23865159665905,1970-01-21T15:12:20.940Z
217,506.15384615384613,26.030145989048528,119.19325167613394,185.92648757904985,2026-06-29T13:33:36.970Z
218,508.4863523573201,26.030145989048528,119.19325167613394,185.5788348697194,2026-06-29T13:33:41.970Z
219,510.81885856079407,26.030145989048528,119.19325167613394,185.2451707383645,2026-06-29T13:33:46.970Z
220,513.151364764268,26.030145989048528,119.19325167613394,185.1729297227363,2026-06-29T13:33:51.970Z
221,515.483870967742,26.030145989048528,119.19325167613394,181.88848577681316,2026-06-29T13:33:56.969Z
222,517.8163771712159,26.030145989048528,119.19325167613394,183.6656531941031,2026-06-29T13:34:01.971Z
223,520.1488833746898,26.030145989048528,119.19325167613394,185.03901295005505,2026-06-29T13:34:06.971Z
224,522.4813895781638,26.030145989048528,119.19325167613394,184.15307677880205,2026-06-29T13:34:11.975Z
225,524.8138957816377,26.030145989048528,119.19325167613394,184.21547905122563,2026-06-29T13:34:16.969Z
226,527.1464019851117,26.030145989048528,119.19325167613394,183.98797257656776,2026-06-29T13:34:21.970Z
227,529.4789081885856,26.030145989048528,119.19325167613394,186.14948553854884,2026-06-29T13:34:26.970Z
228,531.8114143920595,26.030145989048528,119.19325167613394,185.6564421667009,2026-06-29T13:34:31.970Z
229,534.1439205955335,26.030145989048528,119.19325167613394,186.42507017823633,2026-06-29T13:34:36.969Z
230,536.4764267990074,26.030145989048528,119.19325167613394,184.30794560856492,2026-06-29T13:34:41.969Z
231,538.8089330024814,26.030145989048528,119.19325167613394,184.3983003692896,2026-06-29T13:34:46.970Z
232,541.1414392059553,26.030145989048528,119.19325167613394,183.98634754826233,2026-06-29T13:34:51.970Z
233,543.4739454094292,26.030145989048528,119.19325167613394,185.74282667843,2026-06-29T13:34:56.970Z
234,545.8064516129032,26.030145989048528,119.19325167613394,184.4514410367038,2026-06-29T13:35:01.970Z
235,548.1389578163771,26.030145989048528,119.19325167613394,185.48034351300063,2026-06-29T13:35:06.969Z
236,550.4714640198512,26.030145989048528,119.19325167613394,185.76883156411512,2026-06-29T13:35:11.969Z
237,552.8039702233251,26.030145989048528,119.19325167613394,185.63263169866892,2026-06-29T13:35:16.969Z
238,555.136476426799,26.030145989048528,119.19325167613394,184.85358007871375,2026-06-29T13:35:21.970Z
239,557.468982630273,26.030145989048528,119.19325167613394,186.02116360534632,2026-06-29T13:35:26.970Z
240,559.8014888337469,26.030145989048528,119.19325167613394,184.26796875330027,2026-06-29T13:35:31.969Z
241,562.1339950372209,26.030145989048528,119.19325167613394,185.1526958276553,2026-06-29T13:35:36.969Z
242,564.4665012406948,26.030145989048528,119.19325167613394,184.9571848020226,2026-06-29T13:35:41.970Z
243,566.7990074441688,26.030145989048528,119.19325167613394,185.7123522859665,2026-06-29T13:35:46.970Z
244,569.1315136476427,26.030145989048528,119.19325167613394,185.91762952293584,2026-06-29T13:35:51.970Z
245,571.4640198511166,26.030145989048528,119.19325167613394,186.77242615366376,2026-06-29T13:35:56.970Z
246,573.7965260545906,26.030145989048528,119.19325167613394,185.67383278197903,2026-06-29T13:36:01.970Z
247,576.1290322580645,26.030145989048528,119.19325167613394,185.64002675285747,2026-06-29T13:36:06.970Z
248,578.4615384615385,26.030145989048528,119.19325167613394,186.7812036663612,2026-06-29T13:36:11.970Z
249,580.7940446650124,26.030145989048528,119.19325167613394,186.73910418234863,2026-06-29T13:36:16.969Z
250,583.1265508684863,26.030145989048528,119.19325167613394,185.1399345443071,2026-06-29T13:36:21.969Z
251,585.4590570719603,26.030145989048528,119.19325167613394,183.3110635755614,2026-06-29T13:36:26.969Z
252,587.7915632754342,26.030145989048528,119.19325167613394,184.14844537510191,2026-06-29T13:36:31.970Z
253,590.1240694789082,26.030145989048528,119.19325167613394,184.99238328081455,2026-06-29T13:36:36.969Z
254,592.4565756823821,26.030145989048528,119.19325167613394,184.34093475554556,2026-06-29T13:36:41.970Z
255,594.789081885856,26.030145989048528,119.19325167613394,182.22350424991745,2026-06-29T13:36:46.969Z
256,597.12158808933,26.030145989048528,119.19325167613394,183.62779127701089,2026-06-29T13:36:51.970Z
257,599.4540942928039,26.030145989048528,119.19325167613394,184.71503577141863,2026-06-29T13:36:56.969Z
258,601.786600496278,26.030145989048528,119.19325167613394,184.70682880597812,2026-06-29T13:37:01.969Z
259,604.1191066997519,26.030145989048528,119.19325167613394,184.87551981612708,2026-06-29T13:37:06.970Z
260,606.4516129032259,26.030145989048528,119.19325167613394,184.55463546497575,2026-06-29T13:37:11.970Z
261,608.7841191066998,26.030145989048528,119.19325167613394,184.43770894213276,2026-06-29T13:37:16.970Z
262,611.1166253101737,26.030145989048528,119.19325167613394,184.89762211702643,2026-06-29T13:37:21.969Z
263,613.4491315136477,26.030145989048528,119.19325167613394,184.6756261451571,2026-06-29T13:37:26.970Z
264,615.7816377171216,26.030145989048528,119.19325167613394,184.65409311364104,2026-06-29T13:37:31.971Z
265,618.1141439205956,26.030145989048528,119.19325167613394,184.57194297747264,2026-06-29T13:37:36.970Z
266,620.4466501240695,26.030145989048528,119.19325167613394,184.94832757346893,2026-06-29T13:37:41.970Z
267,622.7791563275434,26.030145989048528,119.19325167613394,184.73860036173085,2026-06-29T13:37:46.969Z
268,625.1116625310174,26.030145989048528,119.19325167613394,185.02170465836755,2026-06-29T13:37:51.970Z
269,627.4441687344913,26.030145989048528,119.19325167613394,184.98716942087412,2026-06-29T13:37:56.970Z
270,629.7766749379653,26.030145989048528,119.19325167613394,184.76135243075151,2026-06-29T13:38:01.969Z
271,632.1091811414392,26.030145989048528,119.19325167613394,184.86113709413976,2026-06-29T13:38:06.969Z
272,634.4416873449131,26.030145989048528,119.19325167613394,184.6347540517287,2026-06-29T13:38:11.970Z
273,636.7741935483871,26.030145989048528,119.19325167613394,185.1391253257564,2026-06-29T13:38:16.970Z
274,639.106699751861,26.030145989048528,119.19325167613394,184.89006507502373,2026-06-29T13:38:21.970Z
275,641.439205955335,26.030145989048528,119.19325167613394,185.21754194407663,2026-06-29T13:38:26.970Z
276,643.7717121588089,26.030145989048528,119.19325167613394,184.37831174832627,2026-06-29T13:38:31.970Z
277,646.1042183622828,26.030145989048528,119.19325167613394,184.5747056816716,2026-06-29T13:38:36.970Z
278,648.4367245657568,26.030145989048528,119.19325167613394,185.23501308485172,2026-06-29T13:38:41.970Z
279,650.7692307692307,26.030145989048528,119.19325167613394,183.75424803330668,2026-06-29T13:38:46.970Z
280,653.1017369727048,26.030145989048528,119.19325167613394,183.63575364295468,2026-06-29T13:38:51.969Z
281,655.4342431761787,26.030145989048528,119.19325167613394,183.805158488775,2026-06-29T13:38:56.969Z
282,657.7667493796527,26.030145989048528,119.19325167613394,185.06054678048767,2026-06-29T13:39:01.970Z
283,660.0992555831266,26.030145989048528,119.19325167613394,184.18127150905096,2026-06-29T13:39:06.969Z
284,662.4317617866005,26.030145989048528,119.19325167613394,183.88134638654745,2026-06-29T13:39:11.969Z
285,664.7642679900745,26.030145989048528,119.19325167613394,184.13837004789164,2026-06-29T13:39:16.969Z
286,667.0967741935484,26.030145989048528,119.19325167613394,183.8998151587488,2026-06-29T13:39:21.970Z
287,669.4292803970224,26.030145989048528,119.19325167613394,183.5767440673644,2026-06-29T13:39:26.969Z
288,671.7617866004963,26.030145989048528,119.19325167613394,183.85407109796412,2026-06-29T13:39:31.969Z
289,674.0942928039702,26.030145989048528,119.19325167613394,184.11253175347147,2026-06-29T13:39:36.969Z
290,676.4267990074442,26.030145989048528,119.19325167613394,184.37798673041723,2026-06-29T13:39:41.970Z
291,678.7593052109181,26.030145989048528,119.19325167613394,183.9092402478429,2026-06-29T13:39:46.969Z
292,681.091811414392,26.030145989048528,119.19325167613394,183.14664821918927,2026-06-29T13:39:51.970Z
293,683.424317617866,26.030145989048528,119.19325167613394,184.48914344897793,2026-06-29T13:39:56.970Z
294,685.7568238213399,26.030145989048528,119.19325167613394,184.42218925949592,2026-06-29T13:40:01.969Z
295,688.0893300248139,26.030145989048528,119.19325167613394,184.6433672429182,2026-06-29T13:40:06.970Z
296,690.4218362282878,26.030145989048528,119.19325167613394,184.20605368393217,2026-06-29T13:40:11.970Z
297,692.7543424317618,26.030145989048528,119.19325167613394,184.5357028669991,2026-06-29T13:40:16.969Z
298,695.0868486352357,26.030145989048528,119.19325167613394,184.60387663264703,2026-06-29T13:40:21.969Z
299,697.4193548387096,26.030145989048528,119.19325167613394,184.62484076506277,2026-06-29T13:40:26.969Z
300,699.7518610421836,26.030145989048528,119.19325167613394,184.7541205176896,2026-06-29T13:40:31.969Z
301,702.0843672456575,26.030145989048528,119.19325167613394,184.38359329077025,2026-06-29T13:40:36.969Z
302,704.4168734491315,26.030145989048528,119.19325167613394,184.0874247931736,2026-06-29T13:40:41.969Z
303,706.7493796526055,26.030145989048528,119.19325167613394,184.2244981607057,2026-06-29T13:40:46.970Z
304,709.0818858560795,26.030145989048528,119.19325167613394,183.59553563260783,2026-06-29T13:40:51.970Z
305,711.4143920595534,26.030145989048528,119.19325167613394,183.5103877130196,2026-06-29T13:40:56.969Z
306,713.7468982630273,26.030145989048528,119.19325167613394,183.96075338606065,2026-06-29T13:41:01.970Z
307,716.0794044665013,26.030145989048528,119.19325167613394,184.103025227377,2026-06-29T13:41:06.970Z
308,718.4119106699752,26.030145989048528,119.19325167613394,183.48820711968963,2026-06-29T13:41:11.969Z
309,720.7444168734492,26.030145989048528,119.19325167613394,183.4575768544641,2026-06-29T13:41:16.969Z
310,723.0769230769231,26.030145989048528,119.19325167613394,184.57161795349523,2026-06-29T13:41:21.969Z
311,725.409429280397,26.030145989048528,119.19325167613394,185.45718355252876,2026-06-29T13:41:26.969Z
312,727.741935483871,26.030145989048528,119.19325167613394,183.5120126667772,2026-06-29T13:41:31.970Z
313,730.0744416873449,26.030145989048528,119.19325167613394,184.29632630345648,2026-06-29T13:41:36.970Z
314,732.4069478908189,26.030145989048528,119.19325167613394,183.73130251087065,2026-06-29T13:41:41.970Z
315,734.7394540942928,26.030145989048528,119.19325167613394,184.51993927101304,2026-06-29T13:41:46.970Z
316,737.0719602977667,26.030145989048528,119.19325167613394,184.60728939550037,2026-06-29T13:41:51.970Z
317,739.4044665012407,26.030145989048528,119.19325167613394,184.6057455264537,2026-06-29T13:41:56.970Z
318,741.7369727047146,26.030145989048528,119.19325167613394,184.41089484536795,2026-06-29T13:42:01.970Z
319,744.0694789081886,26.030145989048528,119.19325167613394,184.23197346459847,2026-06-29T13:42:06.970Z
320,746.4019851116625,26.030145989048528,119.19325167613394,184.46663574240904,2026-06-29T13:42:11.969Z
321,748.7344913151364,26.030145989048528,119.19325167613394,184.7850796415865,2026-06-29T13:42:16.970Z
322,751.0669975186104,26.030145989048528,119.19325167613394,184.59063187315388,2026-06-29T13:42:21.970Z
323,753.3995037220843,26.030145989048528,119.19325167613394,184.67489649222532,2026-06-29T13:42:26.970Z
324,755.7320099255583,26.030145989048528,119.19325167613394,183.71919635562617,2026-06-29T13:42:31.969Z
325,758.0645161290323,26.030145989048528,119.19325167613394,183.7429211832164,2026-06-29T13:42:36.969Z
326,760.3970223325063,26.030145989048528,119.19325167613394,183.84277730227691,2026-06-29T13:42:41.969Z
327,762.7295285359802,26.030145989048528,119.19325167613394,183.2879339459525,2026-06-29T13:42:46.969Z
328,765.0620347394541,26.030145989048528,119.19325167613394,183.85342109499788,2026-06-29T13:42:51.969Z
329,767.3945409429281,26.030145989048528,119.19325167613394,183.58505460097592,2026-06-29T13:42:56.970Z
330,769.727047146402,26.030145989048528,119.19325167613394,183.6197476686428,2026-06-29T13:43:01.970Z
331,772.059553349876,26.030145989048528,119.19325167613394,183.54296808444911,2026-06-29T13:43:06.969Z
332,774.3920595533499,26.030145989048528,119.19325167613394,183.6259225593588,2026-06-29T13:43:11.970Z
333,776.7245657568238,26.030145989048528,119.19325167613394,183.62860376305372,2026-06-29T13:43:16.969Z
334,779.0570719602978,26.030145989048528,119.19325167613394,183.58164217435777,2026-06-29T13:43:21.971Z
335,781.3895781637717,26.030145989048528,119.19325167613394,183.49088828779145,2026-06-29T13:43:26.969Z
336,783.7220843672457,26.030145989048528,119.19325167613394,183.48406349761575,2026-06-29T13:43:31.970Z
337,786.0545905707196,26.030145989048528,119.19325167613394,183.61186656346604,2026-06-29T13:43:36.968Z
338,788.3870967741935,26.030145989048528,119.19325167613394,183.58286089802056,2026-06-29T13:43:41.970Z
339,790.7196029776675,26.030145989048528,119.19325167613394,183.5456492667055,2026-06-29T13:43:46.970Z
340,793.0521091811414,26.030145989048528,119.19325167613394,183.53256835377425,2026-06-29T13:43:51.969Z
341,795.3846153846154,26.030145989048528,119.19325167613394,183.49885054866857,2026-06-29T13:43:56.969Z
342,797.7171215880893,26.030145989048528,119.19325167613394,183.39753529720687,2026-06-29T13:44:01.969Z
343,800.0496277915632,26.030145989048528,119.19325167613394,183.27980935518409,2026-06-29T13:44:06.969Z
344,802.3821339950372,26.030145989048528,119.19325167613394,183.17111409405095,2026-06-29T13:44:11.970Z
345,804.7146401985111,26.030145989048528,119.19325167613394,183.2171855546851,2026-06-29T13:44:16.969Z
346,807.0471464019851,26.030145989048528,119.19325167613394,183.5231436068557,2026-06-29T13:44:21.969Z
347,809.379652605459,26.030145989048528,119.19325167613394,183.2062820980719,2026-06-29T13:44:26.968Z
348,811.712158808933,26.030145989048528,119.19325167613394,183.23544920179836,2026-06-29T13:44:31.969Z
349,814.044665012407,26.030145989048528,119.19325167613394,183.27696574991944,2026-06-29T13:44:36.969Z
350,816.3771712158809,26.030145989048528,119.19325167613394,183.16492832274344,2026-06-29T13:44:41.969Z
351,818.7096774193549,26.030145989048528,119.19325167613394,183.2319556446637,2026-06-29T13:44:46.970Z
352,821.0421836228288,26.030145989048528,119.19325167613394,183.30881417340737,2026-06-29T13:44:51.970Z
353,823.3746898263028,26.030145989048528,119.19325167613394,183.227080915738,2026-06-29T13:44:56.970Z
354,825.7071960297767,26.030145989048528,119.19325167613394,183.32798827142736,2026-06-29T13:45:01.969Z
355,828.0397022332506,26.030145989048528,119.19325167613394,182.91567172967424,2026-06-29T13:45:06.969Z
356,830.3722084367246,26.030145989048528,119.19325167613394,182.9315141315387,2026-06-29T13:45:11.969Z
357,832.7047146401985,26.030145989048528,119.19325167613394,183.00227715520165,2026-06-29T13:45:16.969Z
358,835.0372208436725,26.030145989048528,119.19325167613394,182.71443470968063,2026-06-29T13:45:21.970Z
359,837.3697270471464,26.030145989048528,119.19325167613394,183.20100115490885,2026-06-29T13:45:26.969Z
360,839.7022332506203,26.030145989048528,119.19325167613394,182.27671501746215,2026-06-29T13:45:31.970Z
361,842.0347394540943,26.030145989048528,119.19325167613394,182.9636864682291,2026-06-29T13:45:36.968Z
362,844.3672456575682,26.030145989048528,119.19325167613394,182.87610645220724,2026-06-29T13:45:41.970Z
363,846.6997518610422,26.030145989048528,119.19325167613394,182.48826098168385,2026-06-29T13:45:46.970Z
364,849.0322580645161,26.030145989048528,119.19325167613394,182.46413282544552,2026-06-29T13:45:51.969Z
365,851.36476426799,26.030145989048528,119.19325167613394,182.40125365163783,2026-06-29T13:45:56.970Z
366,853.697270471464,26.030145989048528,119.19325167613394,182.48302341318904,2026-06-29T13:46:01.971Z
367,856.0297766749379,26.030145989048528,119.19325167613394,182.39199738398116,2026-06-29T13:46:06.969Z
368,858.3622828784119,26.030145989048528,119.19325167613394,182.3637213031456,2026-06-29T13:46:11.969Z
369,860.6947890818858,26.030145989048528,119.19325167613394,182.5040214911358,2026-06-29T13:46:16.969Z
370,863.0272952853599,26.030145989048528,119.19325167613394,182.34731607198847,2026-06-29T13:46:21.969Z
371,865.3598014888338,26.030145989048528,119.19325167613394,182.07565286275704,2026-06-29T13:46:26.970Z
372,867.6923076923077,26.030145989048528,119.19325167613394,182.97262324612583,2026-06-29T13:46:31.970Z
373,870.0248138957817,26.030145989048528,119.19325167613394,182.34747357534673,2026-06-29T13:46:36.971Z
374,872.3573200992556,26.030145989048528,119.19325167613394,182.38451843185985,2026-06-29T13:46:41.969Z
375,874.6898263027296,26.030145989048528,119.19325167613394,182.3646961676266,2026-06-29T13:46:46.969Z
376,877.0223325062035,26.030145989048528,119.19325167613394,182.39426710029343,2026-06-29T13:46:51.970Z
377,879.3548387096774,26.030145989048528,119.19325167613394,182.42115722486508,2026-06-29T13:46:56.970Z
378,881.6873449131514,26.030145989048528,119.19325167613394,182.47152562156097,2026-06-29T13:47:01.970Z
379,884.0198511166253,26.030145989048528,119.19325167613394,182.43204327698595,2026-06-29T13:47:06.969Z
380,886.3523573200993,26.030145989048528,119.19325167613394,182.38988019836145,2026-06-29T13:47:11.969Z
381,888.6848635235732,26.030145989048528,119.19325167613394,182.40775277338955,2026-06-29T13:47:16.969Z
382,891.0173697270471,26.030145989048528,119.19325167613394,182.32570165998692,2026-06-29T13:47:21.970Z
383,893.3498759305211,26.030145989048528,119.19325167613394,182.44422916977624,2026-06-29T13:47:26.970Z
384,895.682382133995,26.030145989048528,119.19325167613394,182.42668148869143,2026-06-29T13:47:31.970Z
385,898.014888337469,26.030145989048528,119.19325167613394,182.4548715278552,2026-06-29T13:47:36.970Z
386,900.3473945409429,26.030145989048528,119.19325167613394,182.27411540110833,2026-06-29T13:47:41.969Z
387,902.6799007444168,26.030145989048528,119.19325167613394,182.3577908795495,2026-06-29T13:47:46.970Z
388,905.0124069478908,26.030145989048528,119.19325167613394,182.24600709083137,2026-06-29T13:47:51.970Z
389,907.3449131513647,26.030145989048528,119.19325167613394,182.48882965943932,2026-06-29T13:47:56.970Z
390,909.6774193548387,26.030145989048528,119.19325167613394,182.50499636879195,2026-06-29T13:48:01.968Z
391,912.0099255583126,26.030145989048528,119.19325167613394,182.68665017142465,2026-06-29T13:48:06.970Z
392,914.3424317617867,26.030145989048528,119.19325167613394,182.7889333856092,2026-06-29T13:48:11.970Z
393,916.6749379652606,26.030145989048528,119.19325167613394,183.16338466830888,2026-06-29T13:48:16.970Z
394,919.0074441687345,26.030145989048528,119.19325167613394,183.22179996199347,2026-06-29T13:48:21.970Z
395,921.3399503722085,26.030145989048528,119.19325167613394,183.2572230262836,2026-06-29T13:48:26.968Z
396,923.6724565756824,26.030145989048528,119.19325167613394,183.040543009692,2026-06-29T13:48:31.969Z
397,926.0049627791564,26.030145989048528,119.19325167613394,182.7890146276397,2026-06-29T13:48:36.970Z
398,928.3374689826303,26.030145989048528,119.19325167613394,182.7730912014525,2026-06-29T13:48:41.970Z
399,930.6699751861042,26.030145989048528,119.19325167613394,182.77081642828037,2026-06-29T13:48:46.971Z
400,933.0024813895782,26.030145989048528,119.19325167613394,182.8011196975688,2026-06-29T13:48:51.968Z
401,935.3349875930521,26.030145989048528,119.19325167613394,182.80233832955668,2026-06-29T13:48:56.972Z
402,937.6674937965261,26.030145989048528,119.19325167613394,182.82557360675992,2026-06-29T13:49:01.970Z
403,940.0,26.030145989048528,119.19325167613394,182.5764064064581,2026-06-29T13:49:06.969Z
