# sample_hz,50
# duration_s,30
# sda_gpio,21
# scl_gpio,22
t_ms,ax_g,ay_g,az_g
0,0.066406,-0.996582,0.028076
20,0.067627,-0.981689,0.026855
41,0.066406,-0.987061,0.031738
60,0.069092,-0.985107,0.030518
80,0.071533,-0.989502,0.031250
100,0.064941,-0.990723,0.031494
120,0.067871,-0.988037,0.030762
140,0.065918,-0.988281,0.033936
160,0.070801,-0.987549,0.035889
180,0.071533,-0.990234,0.029053
200,0.068604,-0.988525,0.031494
220,0.066650,-0.989014,0.030273
240,0.067871,-0.990479,0.031006
260,0.068359,-0.985840,0.029297
280,0.069336,-0.989014,0.031006
300,0.062744,-0.985596,0.032959
320,0.065186,-0.991211,0.031738
340,0.065918,-0.993896,0.033447
360,0.067871,-0.983643,0.033936
380,0.066406,-0.987793,0.029053
400,0.072998,-0.990723,0.027588
420,0.063965,-0.989014,0.028809
440,0.068604,-0.989502,0.033203
460,0.065918,-0.993164,0.033936
480,0.070801,-0.989014,0.032715
500,0.068359,-0.990234,0.028564
520,0.073242,-0.993896,0.033691
540,0.070801,-0.989258,0.036377
560,0.066406,-0.989746,0.037354
580,0.066406,-0.993164,0.034424
600,0.067871,-0.985596,0.028076
620,0.070068,-0.990479,0.034912
640,0.064453,-0.989990,0.025879
660,0.069580,-0.990234,0.032715
680,0.066895,-0.992676,0.031006
700,0.069092,-0.988037,0.030273
720,0.071045,-0.988037,0.032227
741,0.061768,-0.990479,0.034668
760,0.066895,-0.988037,0.029541
780,0.067139,-0.987305,0.032715
800,0.069336,-0.990479,0.029053
820,0.069824,-0.990234,0.032715
840,0.069336,-0.989258,0.030518
860,0.069092,-0.993896,0.036865
880,0.070801,-0.994629,0.036621
900,0.069092,-0.993896,0.031982
920,0.068604,-0.992432,0.028809
941,0.069336,-0.989990,0.025391
960,0.070068,-0.989502,0.032715
980,0.066406,-0.987061,0.027344
1000,0.071777,-0.990723,0.031982
1020,0.069092,-0.994873,0.030273
1041,0.070557,-0.989746,0.029541
1060,0.066895,-0.987305,0.034180
1080,0.067383,-0.991455,0.029785
1100,0.071289,-0.993164,0.033691
1120,0.066650,-0.993408,0.034912
1141,0.067383,-0.989502,0.035400
1160,0.068604,-0.989014,0.032227
1180,0.071045,-0.992188,0.029785
1200,0.066406,-0.991455,0.031982
1220,0.067383,-0.990723,0.032715
1241,0.067871,-0.992188,0.026611
1260,0.064697,-0.990234,0.033447
1280,0.067383,-0.992676,0.029297
1300,0.068848,-0.988770,0.033691
1320,0.067383,-0.991943,0.035400
1340,0.065918,-0.991211,0.031494
1360,0.071533,-0.987549,0.032471
1380,0.069092,-0.988770,0.031982
1400,0.063965,-0.988281,0.031738
1420,0.064941,-0.989990,0.030029
1440,0.068604,-0.987549,0.030762
1460,0.072510,-0.988525,0.031738
1480,0.067627,-0.988281,0.035889
1500,0.070557,-0.989014,0.033691
1520,0.067871,-0.989014,0.027100
1540,0.068604,-0.989990,0.027832
1560,0.068848,-0.988281,0.031250
1580,0.069580,-0.992676,0.035156
1600,0.071289,-0.991455,0.031006
1620,0.064697,-0.988525,0.028076
1640,0.067383,-0.991943,0.030029
1660,0.069824,-0.990479,0.028076
1680,0.068604,-0.992188,0.026367
1700,0.063477,-0.988281,0.025879
1720,0.068359,-0.992432,0.030762
1740,0.064697,-0.989502,0.028076
1760,0.067383,-0.993164,0.033936
1780,0.065186,-0.988525,0.027832
1800,0.065918,-0.992676,0.031982
1820,0.069336,-0.989990,0.032959
1840,0.068848,-0.990723,0.031250
1860,0.066406,-0.990967,0.031494
1880,0.067627,-0.988525,0.031006
1900,0.067383,-0.990723,0.034424
1920,0.068115,-0.987061,0.035400
1940,0.071533,-0.988770,0.033936
1960,0.066650,-0.985840,0.029053
1980,0.069580,-0.984863,0.029785
2000,0.065186,-0.992676,0.035156
2020,0.068604,-0.985596,0.028076
2040,0.066650,-0.992920,0.032227
2060,0.069092,-0.990479,0.039551
2080,0.066406,-0.987061,0.027344
2100,0.067627,-0.987549,0.024658
2120,0.060547,-0.989746,0.030762
2140,0.065918,-0.989990,0.032227
2160,0.071045,-0.987305,0.035889
2180,0.065430,-0.990723,0.030762
2200,0.067383,-0.987305,0.027832
2220,0.064941,-0.990234,0.032959
2240,0.070068,-0.991943,0.025635
2260,0.067871,-0.988770,0.029785
2280,0.067139,-0.993896,0.035645
2300,0.072266,-0.986572,0.033691
2320,0.060303,-0.989014,0.031250
2340,0.071533,-0.991455,0.029297
2360,0.062744,-0.988525,0.024658
2380,0.069580,-0.993652,0.030518
2400,0.064453,-0.986084,0.039551
2420,0.071289,-0.990723,0.027588
2440,0.067139,-0.988770,0.035889
2460,0.066895,-0.991455,0.031494
2480,0.067871,-0.992188,0.031494
2500,0.068604,-0.989014,0.035400
2520,0.065430,-0.990479,0.029297
2540,0.069580,-0.993164,0.034424
2560,0.067627,-0.989258,0.027588
2580,0.066162,-0.986328,0.028320
2600,0.068604,-0.991211,0.026855
2621,0.066650,-0.993652,0.028564
2640,0.069824,-0.987549,0.029053
2660,0.071289,-0.988037,0.026611
2680,0.064941,-0.992676,0.027344
2700,0.069824,-0.992432,0.031738
2720,0.067383,-0.987305,0.033936
2740,0.064941,-0.987305,0.029785
2760,0.065186,-0.989990,0.030518
2780,0.066162,-0.991211,0.031006
2800,0.064209,-0.989746,0.030029
2820,0.063721,-0.990967,0.037598
2840,0.069092,-0.989014,0.031494
2860,0.068604,-0.989990,0.030029
2880,0.065186,-0.990723,0.029541
2900,0.064209,-0.987305,0.027344
2920,0.068359,-0.986816,0.036621
2940,0.069580,-0.989258,0.030518
2960,0.065430,-0.989746,0.030518
2981,0.068115,-0.989746,0.035156
3000,0.068848,-0.993652,0.031250
3020,0.070801,-0.992188,0.034668
3040,0.069580,-0.988281,0.034180
3060,0.062988,-0.990967,0.033203
3081,0.066406,-0.979736,0.037109
3100,0.067627,-0.989502,0.032471
3120,0.071045,-0.993164,0.028809
3140,0.069336,-0.991943,0.036865
3160,0.065430,-0.989502,0.036865
3180,0.065186,-0.985596,0.027832
3200,0.067627,-0.991699,0.032227
3220,0.067871,-0.992920,0.035156
3240,0.067871,-0.989746,0.029541
3260,0.066406,-0.991455,0.030518
3280,0.063721,-0.991943,0.031250
3300,0.061279,-0.988525,0.034668
3320,0.065430,-0.993896,0.029785
3340,0.065430,-0.987549,0.033936
3360,0.074951,-0.996582,0.042725
3380,0.065430,-0.989502,0.032471
3400,0.064941,-0.985596,0.028076
3420,0.068848,-0.987793,0.031006
3440,0.063477,-0.987061,0.030762
3460,0.070313,-0.990479,0.029053
3480,0.061768,-0.984131,0.033936
3500,0.078125,-0.993164,0.031006
3520,0.060791,-0.977051,0.031738
3540,0.077148,-0.999268,0.034668
3560,0.054932,-0.986572,0.036377
3580,0.066406,-0.979248,0.031250
3600,0.077637,-0.992676,0.023926
3620,0.048828,-0.979980,0.028320
3641,0.080566,-0.993652,0.030273
3660,0.064697,-0.979736,0.032471
3680,0.074707,-0.989990,0.031006
3700,0.056396,-0.980713,0.034668
3720,0.070801,-0.991699,0.025146
3741,0.059570,-0.984131,0.035156
3760,0.073242,-0.991699,0.034668
3780,0.067871,-0.994141,0.052734
3800,0.058350,-0.989014,0.001465
3820,0.069336,-0.958008,0.013916
3840,0.077148,-0.992920,0.041016
3860,0.051025,-0.993164,0.037842
3880,0.081543,-0.982422,0.036377
3900,0.070068,-0.984863,0.048096
3920,0.068848,-0.995361,0.025879
3940,0.060059,-0.995361,0.032471
3960,0.070313,-0.997314,0.027832
3980,0.068604,-0.995117,0.033203
4000,0.065186,-0.991455,0.032959
4020,0.073975,-1.000000,0.037354
4040,0.052979,-0.981689,0.028320
4060,0.080078,-1.001221,0.034668
4080,0.053955,-0.983643,0.030029
4100,0.079102,-0.996582,0.026611
4120,0.066650,-0.989258,0.034180
4140,0.067627,-0.987793,0.030518
4160,0.073242,-0.995361,0.026123
4180,0.065430,-0.987061,0.034912
4201,0.072510,-1.000488,0.032715
4220,0.058594,-0.981689,0.027344
4240,0.075439,-0.991943,0.027344
4260,0.061768,-0.982666,0.034180
4280,0.073975,-0.996826,0.037109
4300,0.062744,-0.989258,0.032715
4320,0.067383,-0.995117,0.031738
4340,0.074951,-0.993896,0.032227
4360,0.059326,-0.984863,0.021240
4380,0.073242,-0.995117,0.035156
4401,0.060791,-0.985596,0.031738
4420,0.067871,-0.992432,0.029053
4440,0.067139,-0.994873,0.024170
4460,0.064941,-0.990479,0.030762
4480,0.071533,-0.992676,0.031738
4501,0.060791,-0.990967,0.023682
4520,0.064453,-0.993408,0.022949
4540,0.062744,-0.988037,0.021484
4560,0.071289,-0.993652,0.025391
4580,0.065918,-0.992432,0.032959
4600,0.061523,-0.989258,0.030029
4620,0.069824,-0.992188,0.037598
4640,0.061523,-0.987061,0.036377
4660,0.072510,-0.992432,0.028809
4680,0.066162,-0.989014,0.030273
4700,0.073242,-0.991211,0.023926
4720,0.062988,-0.989502,0.032227
4740,0.064453,-0.989990,0.025635
4760,0.070068,-0.994629,0.024902
4780,0.059082,-0.985596,0.037842
4800,0.072998,-0.996094,0.028809
4820,0.065186,-0.989258,0.029297
4840,0.070557,-0.990234,0.041504
4860,0.066406,-0.988525,0.029541
4880,0.067139,-0.990479,0.030518
4900,0.069092,-0.993896,0.029785
4920,0.062012,-0.987549,0.031250
4940,0.069580,-0.989990,0.028076
4960,0.065918,-0.988525,0.029541
4980,0.070313,-0.991699,0.033936
5000,0.064453,-0.987061,0.031494
5020,0.068115,-0.994385,0.032227
5040,0.073486,-0.995361,0.025391
5060,0.066650,-0.985107,0.028076
5080,0.066406,-0.986084,0.028564
5100,0.070801,-0.997803,0.028564
5120,0.068604,-0.991699,0.024414
5140,0.065430,-0.990234,0.029785
5160,0.067139,-0.987549,0.033691
5180,0.068115,-0.990479,0.033203
5200,0.065674,-0.988037,0.027588
5220,0.064941,-0.991455,0.031982
5240,0.066406,-0.989258,0.031738
5260,0.066406,-0.988281,0.030518
5280,0.065918,-0.993652,0.034180
5300,0.064697,-0.989990,0.038818
5320,0.066895,-0.983154,0.028809
5340,0.066406,-1.000732,0.029053
5360,0.071289,-0.984863,0.029785
5380,0.065186,-0.985352,0.033203
5400,0.065186,-0.994141,0.027344
5420,0.069580,-0.987305,0.026855
5440,0.066162,-0.991943,0.034912
5460,0.069092,-0.989746,0.031250
5480,0.068115,-0.990723,0.028564
5500,0.063477,-0.986328,0.033691
5520,0.068848,-0.991211,0.034912
5541,0.070313,-0.988037,0.027344
5560,0.063232,-0.988525,0.037109
5580,0.071777,-0.990723,0.029541
5600,0.067383,-0.987549,0.031250
5620,0.069580,-0.987793,0.036865
5641,0.067139,-0.989258,0.033203
5660,0.066406,-0.985352,0.033447
5680,0.066406,-0.987061,0.033203
5700,0.066895,-0.991211,0.026855
5720,0.068848,-0.994385,0.030029
5741,0.068848,-0.990479,0.031250
5760,0.068848,-0.996338,0.035156
5780,0.069336,-0.984375,0.028564
5800,0.071533,-0.993164,0.034424
5820,0.069336,-0.991455,0.024414
5841,0.067871,-0.990234,0.031494
5860,0.064697,-0.988281,0.032959
5880,0.071045,-0.989990,0.034668
5900,0.066650,-0.987793,0.029053
5920,0.068848,-0.987061,0.028076
5941,0.070557,-0.990967,0.026855
5960,0.069580,-0.991455,0.026611
5980,0.064209,-0.984131,0.040527
6000,0.071777,-0.996826,0.030029
6020,0.056885,-0.986816,0.027344
6041,0.077148,-0.992188,0.029053
6060,0.067139,-0.991455,0.033447
6080,0.067139,-0.989990,0.031738
6100,0.071045,-0.990967,0.028320
6120,0.058594,-0.986816,0.027588
6141,0.074707,-0.996338,0.028809
6160,0.059814,-0.983398,0.035645
6180,0.075195,-0.992920,0.035645
6200,0.069336,-0.987793,0.041504
6220,0.070068,-0.989746,0.028809
6240,0.067627,-0.993164,0.033691
6260,0.065186,-0.991455,0.032715
6280,0.067871,-0.997070,0.032959
6300,0.064209,-0.992432,0.031982
6321,0.073486,-0.993652,0.030029
6340,0.065186,-0.989746,0.030029
6360,0.070801,-0.991211,0.029053
6380,0.064697,-0.987549,0.030273
6400,0.072266,-0.988770,0.028564
6421,0.069824,-0.993896,0.031250
6440,0.063477,-0.987061,0.030029
6460,0.071289,-0.985596,0.029053
6480,0.069092,-0.988037,0.033936
6500,0.072510,-0.989502,0.034180
6521,0.072998,-0.988525,0.032959
6540,0.068115,-0.989990,0.031250
6560,0.068848,-0.988281,0.031250
6580,0.067139,-0.990234,0.033203
6600,0.065918,-0.986572,0.032227
6621,0.068848,-0.991211,0.034668
6640,0.068115,-0.990967,0.032959
6660,0.070068,-0.990967,0.036621
6680,0.068359,-0.988525,0.032471
6700,0.065918,-0.990479,0.033447
6721,0.062744,-0.991943,0.028076
6740,0.072998,-0.987793,0.029785
6760,0.068604,-0.990234,0.031006
6780,0.066895,-0.988037,0.035400
6800,0.064941,-0.988770,0.026855
6820,0.067871,-0.989502,0.031006
6840,0.069092,-0.987061,0.027344
6860,0.065430,-0.993408,0.033203
6880,0.068115,-0.991455,0.031006
6900,0.064941,-0.989990,0.034180
6920,0.071045,-0.993408,0.034180
6940,0.066406,-0.984619,0.029297
6960,0.071289,-0.994385,0.035889
6980,0.065430,-0.990479,0.031250
7000,0.067383,-0.992676,0.032715
7020,0.070068,-0.991699,0.031738
7040,0.066406,-0.989502,0.036133
7060,0.068848,-0.989014,0.041748
7080,0.065674,-0.986084,0.034424
7100,0.070068,-0.988525,0.039795
7120,0.068115,-0.986816,0.036133
7140,0.066162,-0.987793,0.024170
7160,0.070557,-0.989746,0.026611
7180,0.067871,-0.992432,0.033203
7200,0.063721,-0.991211,0.025146
7220,0.070557,-0.985840,0.031738
7240,0.067627,-0.992188,0.034912
7260,0.064209,-0.987549,0.029785
7280,0.068604,-0.992188,0.031982
7300,0.066895,-0.990967,0.030518
7320,0.069580,-0.987793,0.024414
7340,0.069580,-0.993408,0.033447
7360,0.071533,-0.989014,0.033936
7380,0.066650,-0.988770,0.028320
7400,0.069824,-0.989258,0.033447
7420,0.069336,-0.988525,0.032227
7440,0.065186,-0.988525,0.031982
7460,0.069824,-0.989014,0.030518
7480,0.066895,-0.996826,0.032471
7500,0.066162,-0.987305,0.028564
7520,0.066895,-0.987549,0.034180
7540,0.070801,-0.989258,0.033203
7560,0.065186,-0.991943,0.030273
7581,0.066406,-0.990967,0.036377
7600,0.071533,-0.991943,0.026611
7620,0.067871,-0.991211,0.029785
7640,0.067383,-0.990479,0.030762
7660,0.063721,-0.990479,0.026855
7681,0.071045,-0.989258,0.029541
7700,0.068115,-0.992188,0.039307
7720,0.067627,-0.990723,0.025635
7740,0.066406,-0.989502,0.032959
7760,0.070801,-0.987061,0.027832
7780,0.068848,-0.990723,0.029297
7800,0.062988,-0.991455,0.027100
7820,0.071777,-0.990723,0.035645
7840,0.067627,-0.990234,0.031006
7860,0.068848,-0.992920,0.032227
7880,0.065674,-0.989990,0.034912
7900,0.069580,-0.986084,0.032471
7920,0.065430,-0.990234,0.027832
7940,0.064941,-0.989258,0.032715
7960,0.071289,-0.989502,0.025879
7980,0.068359,-0.987793,0.030518
8000,0.067627,-0.991943,0.031982
8020,0.069092,-0.992188,0.031494
8040,0.069580,-0.991211,0.032227
8060,0.072754,-0.991699,0.028564
8080,0.063965,-0.992920,0.030029
8100,0.068604,-0.992676,0.034180
8120,0.068848,-0.990479,0.035645
8140,0.064697,-0.990234,0.035156
8160,0.068115,-0.988525,0.030029
8180,0.069824,-0.989746,0.033447
8200,0.069824,-0.992188,0.032715
8220,0.068848,-0.988770,0.028076
8240,0.065186,-0.994385,0.028809
8260,0.063477,-0.993164,0.022217
8280,0.067627,-0.979004,0.029053
8300,0.066162,-0.987549,0.031250
8320,0.068115,-0.989014,0.027832
8340,0.071289,-0.988281,0.028564
8360,0.067627,-0.994141,0.034912
8380,0.073486,-0.989990,0.028564
8400,0.064209,-0.990723,0.037598
8420,0.070313,-0.988281,0.032959
8440,0.071533,-0.992188,0.036865
8460,0.065186,-0.993164,0.035156
8480,0.073242,-0.988037,0.033447
8500,0.066162,-0.991943,0.028809
8520,0.067139,-0.988281,0.029297
8540,0.063965,-0.989746,0.027588
8560,0.065186,-0.993164,0.029541
8580,0.070557,-0.990723,0.034180
8600,0.070801,-0.993408,0.037109
8620,0.065186,-0.987793,0.030762
8640,0.065430,-0.990234,0.031738
8660,0.064941,-0.989990,0.037354
8680,0.068359,-0.994629,0.029297
8700,0.067871,-0.989014,0.027832
8720,0.067383,-0.989990,0.033203
8740,0.068115,-0.989746,0.025391
8760,0.068604,-0.985840,0.027832
8780,0.067627,-0.988037,0.030762
8800,0.066406,-0.993896,0.033691
8820,0.072021,-0.991699,0.027588
8840,0.070801,-0.989990,0.032471
8860,0.067383,-0.991943,0.025635
8880,0.067383,-0.990479,0.033936
8900,0.067139,-0.988281,0.037598
8920,0.066895,-0.995117,0.030762
8940,0.064697,-0.986816,0.027588
8960,0.065430,-0.988281,0.030518
8981,0.072754,-0.993652,0.031006
9000,0.067871,-0.989746,0.037354
9020,0.070313,-0.990723,0.026367
9040,0.065430,-0.990234,0.030273
9060,0.068848,-0.989502,0.030762
9081,0.070557,-0.989258,0.027100
9100,0.068848,-0.990479,0.031250
9120,0.069336,-0.991943,0.029053
9140,0.067871,-0.988770,0.033203
9160,0.066650,-0.989746,0.034180
9181,0.068848,-0.988037,0.036133
9200,0.066406,-0.991455,0.030762
9220,0.069824,-0.990967,0.030029
9240,0.067383,-0.989746,0.030518
9260,0.068604,-0.987305,0.032471
9281,0.067627,-0.988281,0.034912
9300,0.070557,-0.989258,0.028564
9320,0.068604,-0.988770,0.033936
9340,0.070313,-0.987549,0.034912
9360,0.065430,-0.991455,0.031250
9381,0.062988,-0.987793,0.029053
9400,0.065430,-0.990479,0.029297
9420,0.069580,-0.987549,0.028564
9440,0.067139,-0.992676,0.027832
9460,0.067139,-0.988770,0.029541
9481,0.064697,-0.989502,0.028076
9500,0.065674,-0.992676,0.037598
9520,0.066895,-0.993896,0.031738
9540,0.068848,-0.988770,0.033691
9560,0.066406,-0.991699,0.029297
9581,0.068848,-0.989014,0.029541
9600,0.068848,-0.986816,0.024902
9620,0.072754,-0.990723,0.031982
9640,0.066895,-0.991211,0.031494
9660,0.069092,-0.986816,0.036377
9681,0.069336,-0.992676,0.036133
9700,0.067627,-0.989014,0.028564
9720,0.069580,-0.989746,0.030762
9740,0.067627,-0.986816,0.032471
9760,0.068115,-0.988037,0.027832
9780,0.071045,-0.991699,0.030762
9800,0.067139,-0.989502,0.032471
9820,0.069336,-0.988770,0.032227
9840,0.068115,-0.989258,0.033936
9860,0.068604,-0.987305,0.034668
9880,0.067383,-0.989746,0.022949
9900,0.069336,-0.989258,0.033691
9920,0.069580,-0.990479,0.029297
9940,0.070068,-0.988525,0.026367
9961,0.069092,-0.989502,0.028564
9980,0.068604,-0.988770,0.035645
10000,0.067871,-0.991455,0.032715
10020,0.068359,-0.989990,0.028320
10040,0.068848,-0.990234,0.035156
10060,0.069336,-0.990967,0.029297
10080,0.067871,-0.991211,0.036377
10100,0.069824,-0.991943,0.030273
10120,0.064697,-0.988037,0.027344
10140,0.067139,-0.992188,0.031494
10160,0.067627,-0.992432,0.032959
10180,0.068604,-0.988281,0.033447
10200,0.069092,-0.990723,0.022949
10220,0.067139,-0.992676,0.030518
10240,0.068359,-0.991943,0.033936
10260,0.066406,-0.987305,0.027588
10280,0.068848,-0.992432,0.033691
10300,0.067383,-0.990234,0.033203
10321,0.062012,-0.986816,0.035645
10340,0.069092,-0.984131,0.029297
10360,0.065186,-0.989014,0.033936
10380,0.071289,-0.991943,0.030029
10400,0.068115,-0.988281,0.037842
10421,0.068604,-0.986816,0.033203
10440,0.068848,-0.985352,0.032715
10460,0.065674,-0.994629,0.038086
10480,0.070068,-0.992676,0.031738
10500,0.075684,-0.988281,0.033447
10520,0.069092,-0.986572,0.031982
10540,0.067871,-0.988525,0.035645
10560,0.067383,-0.989014,0.032959
10580,0.067139,-0.991455,0.035156
10600,0.070557,-0.988037,0.027832
10620,0.070801,-0.989746,0.024658
10640,0.067383,-0.990967,0.027588
10660,0.071533,-0.988037,0.033203
10680,0.064697,-0.990234,0.029785
10700,0.067871,-0.993164,0.032227
10720,0.069824,-0.986084,0.033203
10740,0.067383,-0.987061,0.028320
10760,0.069580,-0.988770,0.030518
10780,0.067139,-0.992188,0.037842
10800,0.068115,-0.990479,0.035156
10820,0.063965,-0.994141,0.030762
10840,0.071289,-0.983154,0.038574
10860,0.067383,-0.987061,0.034180
10881,0.064941,-0.987549,0.032959
10900,0.067383,-0.989990,0.028076
10920,0.067871,-0.987305,0.031250
10940,0.063965,-0.988037,0.027344
10960,0.072021,-0.987061,0.028809
10980,0.070068,-0.990723,0.034180
11000,0.069824,-0.991455,0.033936
11020,0.067383,-0.988037,0.031494
11040,0.069336,-0.987549,0.029785
11060,0.065918,-0.987305,0.034424
11080,0.066650,-0.990234,0.030029
11100,0.062256,-0.990723,0.033447
11120,0.068115,-0.989746,0.030762
11140,0.069336,-0.987305,0.029541
11160,0.065674,-0.987549,0.029297
11180,0.068848,-0.988770,0.036133
11200,0.065918,-0.990479,0.035156
11220,0.068359,-0.991211,0.032227
11240,0.066406,-0.989258,0.031006
11260,0.065430,-0.988281,0.035156
11280,0.064453,-0.988037,0.031982
11300,0.071777,-0.987549,0.029297
11320,0.071045,-0.989258,0.035400
11340,0.069092,-0.990234,0.034180
11360,0.069336,-0.989014,0.035400
11380,0.068359,-0.986572,0.034180
11400,0.066406,-0.987061,0.033447
11420,0.066650,-0.989990,0.026611
11440,0.072021,-0.990967,0.026855
11460,0.069336,-0.991943,0.029053
11480,0.068359,-0.991211,0.029297
11500,0.066895,-0.990967,0.032471
11520,0.072021,-0.991455,0.033691
11540,0.066895,-0.992920,0.027344
11560,0.069336,-0.991699,0.033203
11580,0.065430,-0.985596,0.033936
11600,0.067871,-0.990234,0.035889
11620,0.070801,-0.990967,0.031982
11640,0.068359,-0.994629,0.032715
11660,0.067871,-0.989746,0.028809
11680,0.067139,-0.987305,0.034912
11700,0.068848,-0.991211,0.037598
11720,0.064697,-0.988770,0.033447
11741,0.064697,-0.990234,0.030518
11760,0.065918,-0.991455,0.031738
11780,0.067139,-0.990479,0.037598
11800,0.065918,-0.990723,0.029541
11820,0.066162,-0.991943,0.030762
11841,0.071045,-0.989990,0.035156
11860,0.069580,-0.989746,0.028564
11880,0.064209,-0.990967,0.029053
11900,0.070801,-0.996582,0.033936
11920,0.068848,-0.984375,0.036621
11940,0.066895,-0.989990,0.036865
11960,0.069092,-0.991211,0.034912
11980,0.069336,-0.991211,0.030518
12000,0.070557,-0.989502,0.030029
12020,0.067139,-0.989502,0.030518
12040,0.067627,-0.994141,0.035645
12060,0.067139,-0.992188,0.034180
12080,0.066650,-0.986328,0.028564
12100,0.072266,-0.990234,0.038086
12120,0.064941,-0.989746,0.035645
12140,0.070801,-0.992676,0.030273
12160,0.066162,-0.989502,0.036865
12180,0.067871,-0.989502,0.026611
12200,0.068359,-0.992188,0.029541
12220,0.070068,-0.989746,0.032471
12240,0.067871,-0.987793,0.028076
12260,0.067139,-0.989014,0.034180
12280,0.068359,-0.987305,0.030029
12300,0.063965,-0.989258,0.025146
12320,0.067139,-0.987061,0.028809
12340,0.067627,-0.984375,0.033691
12360,0.067627,-0.992432,0.034912
12380,0.066895,-0.993408,0.031982
12400,0.065674,-0.989014,0.030518
12420,0.070801,-0.993164,0.024170
12440,0.065674,-0.987793,0.031006
12460,0.070557,-0.990479,0.028320
12480,0.070801,-0.987549,0.027832
12500,0.066162,-0.986816,0.038086
12520,0.068115,-0.990234,0.037109
12540,0.066650,-0.987793,0.031982
12560,0.072266,-0.989502,0.030029
12580,0.062988,-0.989258,0.031494
12600,0.067139,-0.994629,0.028076
12620,0.064697,-0.986816,0.032471
12640,0.069092,-0.990967,0.033936
12660,0.066895,-0.989746,0.032715
12680,0.068359,-0.988770,0.024902
12700,0.066650,-0.988037,0.032959
12720,0.068848,-0.989746,0.030273
12740,0.072510,-0.991699,0.035889
12760,0.067139,-0.989502,0.028564
12780,0.062744,-0.990723,0.025635
12800,0.068848,-0.989746,0.027344
12820,0.066650,-0.991211,0.028320
12840,0.065430,-0.989990,0.030273
12860,0.068359,-0.989258,0.030518
12880,0.068848,-0.988525,0.031982
12900,0.068604,-0.986572,0.028564
12920,0.066895,-0.989502,0.036133
12940,0.066895,-0.992920,0.031982
12960,0.070068,-0.990967,0.030029
12980,0.068848,-0.984619,0.034668
13000,0.068359,-0.989990,0.024902
13020,0.068848,-0.983398,0.032959
13040,0.069092,-0.984131,0.032959
13060,0.068848,-0.989502,0.021484
13080,0.070068,-0.989746,0.033203
13100,0.064209,-0.987549,0.032227
13120,0.067627,-0.987305,0.036621
13140,0.072266,-0.986572,0.033936
13160,0.068848,-0.989258,0.032715
13180,0.072266,-0.987305,0.032471
13200,0.064941,-0.987793,0.033203
13220,0.069580,-0.996826,0.030029
13240,0.068848,-0.986572,0.034424
13260,0.070313,-0.988037,0.030762
13280,0.065430,-0.989258,0.033203
13300,0.066895,-0.988037,0.035400
13320,0.069092,-0.989990,0.031738
13340,0.065186,-0.995361,0.030029
13360,0.065186,-0.984619,0.030518
13380,0.066895,-0.993408,0.033936
13400,0.062500,-0.981934,0.032471
13420,0.070313,-0.998779,0.028564
13440,0.067627,-0.973633,0.028809
13461,0.075439,-0.965088,0.030029
13480,0.068604,-0.985596,0.035400
13500,0.066162,-0.977783,0.042969
13520,0.071533,-0.992920,0.029053
13540,0.062744,-0.989014,0.029297
13560,0.073486,-0.991211,0.036133
13580,0.065186,-0.997070,0.030762
13600,0.072266,-0.984375,0.016113
13620,0.071289,-0.991211,0.032715
13640,0.066406,-0.990234,0.031494
13660,0.069092,-0.989746,0.027832
13680,0.061768,-0.992676,0.024414
13700,0.069336,-0.987305,0.035889
13720,0.061035,-0.991943,0.036133
13740,0.068848,-0.986572,0.030029
13760,0.070313,-0.995117,0.032959
13780,0.067383,-0.990479,0.026855
13800,0.070313,-0.988525,0.033936
13820,0.070313,-0.994385,0.030762
13840,0.071533,-0.987549,0.033691
13860,0.068115,-0.992188,0.033447
13880,0.069336,-0.989258,0.025391
13900,0.069092,-0.991211,0.028564
13920,0.066406,-0.995361,0.030762
13940,0.066162,-0.992432,0.034424
13960,0.064941,-0.990967,0.029053
13980,0.068359,-0.986084,0.026855
14000,0.066406,-0.994385,0.032227
14020,0.068848,-0.990723,0.032959
14040,0.065186,-0.992188,0.031250
14060,0.063721,-0.991455,0.032471
14080,0.066650,-0.989746,0.031006
14100,0.069824,-0.988770,0.035156
14121,0.068604,-0.991455,0.030029
14140,0.073486,-0.987061,0.029541
14160,0.067383,-0.985352,0.030518
14180,0.071533,-0.991699,0.028809
14200,0.068115,-0.988770,0.026367
14221,0.071777,-0.990479,0.027588
14240,0.066650,-0.990479,0.026367
14260,0.065186,-0.985840,0.031250
14280,0.067139,-0.988281,0.029541
14300,0.072266,-0.988770,0.029785
14321,0.066650,-0.988770,0.035645
14340,0.067871,-0.989746,0.034912
14360,0.069824,-0.989502,0.033691
14380,0.065430,-0.989746,0.034912
14400,0.069092,-0.988525,0.033447
14421,0.068115,-0.989014,0.031494
14440,0.066650,-0.989502,0.030762
14460,0.066650,-0.988037,0.039551
14480,0.064941,-0.988281,0.030762
14500,0.067627,-0.989746,0.031738
14521,0.069824,-0.991943,0.030029
14540,0.068848,-0.992188,0.027344
14560,0.067383,-0.989258,0.032227
14580,0.069824,-0.991943,0.032471
14600,0.068115,-0.989990,0.026367
14620,0.065430,-0.991211,0.032227
14640,0.069580,-0.990234,0.029297
14660,0.067627,-0.988525,0.031494
14680,0.066406,-0.989502,0.033936
14700,0.070068,-0.988770,0.030518
14720,0.072754,-0.989746,0.029053
14740,0.067383,-0.986572,0.030518
14760,0.068848,-0.990967,0.033936
14780,0.065186,-0.988281,0.031982
14800,0.068604,-0.992920,0.033447
14820,0.071533,-0.987061,0.033936
14840,0.062500,-0.988770,0.034424
14860,0.070801,-0.988037,0.025391
14881,0.065430,-0.990479,0.031006
14900,0.068115,-0.988525,0.038330
14920,0.068359,-0.987793,0.025635
14940,0.065430,-0.987549,0.033691
14960,0.069336,-0.986328,0.029541
14981,0.070313,-0.990234,0.039063
15000,0.070557,-0.989746,0.034668
15020,0.068115,-0.987793,0.028809
15040,0.066650,-0.989746,0.032959
15060,0.066162,-0.989502,0.031006
15080,0.070557,-0.986084,0.038086
15100,0.069824,-0.988525,0.031006
15120,0.069824,-0.990723,0.033691
15140,0.067139,-0.989990,0.032959
15160,0.067383,-0.990723,0.030029
15180,0.065430,-0.987549,0.028320
15200,0.065674,-0.990479,0.026367
15220,0.066162,-0.988281,0.033691
15240,0.067871,-0.988281,0.032959
15260,0.064941,-0.990479,0.032227
15280,0.071289,-0.988770,0.037842
15300,0.067139,-0.985840,0.031738
15320,0.069580,-0.988281,0.035400
15340,0.068359,-0.985840,0.033936
15360,0.068604,-0.990234,0.032227
15380,0.068115,-0.989746,0.028564
15400,0.066650,-0.990234,0.037354
15420,0.066895,-0.989014,0.034668
15440,0.071289,-0.986084,0.032471
15460,0.065430,-0.989502,0.030029
15480,0.064697,-0.989014,0.033203
15500,0.067383,-0.991699,0.023438
15520,0.067627,-0.987061,0.029053
15540,0.070801,-0.990967,0.036133
15560,0.073242,-0.988037,0.030029
15580,0.068115,-0.990967,0.030762
15600,0.067383,-0.986084,0.028320
15620,0.066162,-0.989014,0.034424
15640,0.065430,-0.990967,0.023438
15660,0.069824,-0.989258,0.029053
15680,0.067383,-0.983643,0.033936
15700,0.067627,-0.990479,0.034668
15720,0.069580,-0.992188,0.029541
15740,0.065430,-0.990967,0.026855
15760,0.067139,-0.989014,0.033447
15780,0.068848,-0.994141,0.032959
15800,0.068604,-0.991455,0.025879
15820,0.067139,-0.989502,0.031494
15840,0.066895,-0.990967,0.029541
15860,0.067627,-0.985352,0.026611
15880,0.067627,-0.989502,0.029785
15900,0.064453,-0.989258,0.033203
15920,0.064697,-0.988770,0.032227
15940,0.071045,-0.993164,0.034424
15960,0.062988,-0.990234,0.032471
15980,0.067871,-0.992432,0.027832
16000,0.064941,-0.988525,0.034424
16020,0.065186,-0.989502,0.033203
16040,0.069092,-0.988281,0.031982
16060,0.068359,-0.991211,0.025879
16080,0.069092,-0.991699,0.031494
16100,0.067871,-0.991943,0.030762
16120,0.069092,-0.988037,0.031250
16140,0.068848,-0.987305,0.033691
16160,0.066650,-0.986816,0.028564
16180,0.066650,-0.989746,0.034180
16200,0.069824,-0.993896,0.031738
16220,0.069336,-0.987549,0.036133
16240,0.069580,-0.990723,0.030029
16260,0.067139,-0.989502,0.034180
16280,0.065430,-0.989990,0.030273
16300,0.072998,-0.989014,0.026855
16320,0.064209,-0.990723,0.036621
16340,0.069336,-0.990967,0.033447
16360,0.067627,-0.990234,0.027588
16380,0.070313,-0.989746,0.040039
16400,0.064697,-0.988281,0.034912
16420,0.068115,-0.990967,0.028564
16440,0.067871,-0.990234,0.029785
16460,0.070313,-0.989014,0.031250
16481,0.068359,-0.991699,0.031250
16500,0.066406,-0.987549,0.031738
16520,0.067139,-0.991943,0.028564
16540,0.064209,-0.987305,0.033691
16560,0.067383,-0.991211,0.031982
16581,0.066650,-0.987061,0.032959
16600,0.064453,-0.989014,0.036133
16620,0.071045,-0.997070,0.026367
16640,0.065430,-1.000000,0.031982
16660,0.065674,-0.994629,0.027100
16681,0.066895,-0.989746,0.032715
16700,0.063965,-0.989502,0.034180
16720,0.066406,-0.987549,0.029785
16740,0.071289,-0.983643,0.030273
16760,0.067627,-0.987061,0.026611
16781,0.068848,-0.990723,0.030762
16800,0.068848,-0.988525,0.032471
16820,0.070313,-0.984375,0.031982
16840,0.068604,-0.988281,0.029053
16860,0.068359,-0.987549,0.031982
16881,0.067627,-0.986328,0.032227
16900,0.066162,-0.987305,0.030762
16920,0.066406,-0.988770,0.033203
16940,0.069580,-0.990967,0.031250
16960,0.062744,-0.991211,0.034668
16981,0.071045,-0.990723,0.028320
17000,0.062012,-0.989258,0.034180
17020,0.068359,-0.990967,0.033691
17040,0.067383,-0.986816,0.033203
17060,0.067139,-0.989014,0.034668
17080,0.072998,-0.988770,0.030762
17100,0.066162,-0.989502,0.031006
17120,0.071289,-0.993408,0.026123
17140,0.068115,-0.989990,0.027832
17160,0.065674,-0.990723,0.028564
17180,0.069580,-0.985352,0.030762
17200,0.068359,-0.989990,0.034668
17220,0.074707,-0.992188,0.029785
17240,0.062012,-0.989502,0.028076
17261,0.069092,-0.990723,0.027588
17280,0.066162,-0.991211,0.031006
17300,0.071533,-0.990234,0.026367
17320,0.067871,-0.991211,0.028564
17340,0.071533,-0.986328,0.031738
17360,0.067627,-0.990234,0.028564
17380,0.065918,-0.993408,0.035156
17400,0.067871,-0.988770,0.037598
17420,0.067871,-0.988037,0.034180
17440,0.071777,-0.990234,0.030518
17460,0.068604,-0.991943,0.026123
17480,0.065186,-0.990967,0.030273
17500,0.071045,-0.984619,0.028320
17521,0.065674,-0.989258,0.032715
17540,0.066162,-0.984375,0.034180
17560,0.066406,-0.985840,0.030273
17580,0.069092,-0.993408,0.028564
17600,0.067627,-0.987305,0.033447
17621,0.066895,-0.988770,0.029541
17640,0.066162,-0.988770,0.022949
17660,0.065918,-0.989258,0.029053
17680,0.065186,-0.990234,0.033936
17700,0.069580,-0.989258,0.034912
17720,0.070557,-0.989258,0.030518
17740,0.065186,-0.990234,0.032227
17760,0.065918,-0.989258,0.034180
17780,0.067383,-0.990234,0.031982
17800,0.069092,-0.986328,0.028320
17820,0.065674,-0.990479,0.025391
17840,0.069580,-0.990967,0.035400
17860,0.072021,-0.987305,0.032227
17880,0.070068,-0.994629,0.034668
17900,0.070068,-0.988525,0.031738
17920,0.069824,-0.993408,0.034180
17940,0.070557,-0.989258,0.029297
17960,0.066650,-0.990479,0.032715
17980,0.067871,-0.989258,0.027344
18000,0.066406,-0.990723,0.029297
18020,0.065186,-0.988525,0.032959
18040,0.066895,-0.983398,0.033203
18060,0.067627,-0.985352,0.034180
18081,0.068848,-0.990234,0.030762
18100,0.065430,-0.987305,0.028564
18120,0.066650,-0.989990,0.031006
18140,0.066895,-0.988525,0.028809
18160,0.070557,-0.990967,0.030273
18181,0.070557,-0.990967,0.031494
18200,0.070313,-0.993652,0.024414
18220,0.067139,-0.989502,0.035400
18240,0.066406,-0.988525,0.031006
18260,0.069336,-0.989502,0.033447
18280,0.068848,-0.986816,0.030518
18300,0.070313,-0.986816,0.038330
18320,0.066895,-0.994141,0.037109
18340,0.066162,-0.991211,0.030029
18360,0.070557,-0.986816,0.029297
18380,0.069824,-0.988525,0.031006
18400,0.068115,-0.992676,0.035400
18420,0.068848,-0.987793,0.034668
18440,0.067627,-0.990479,0.030518
18460,0.066406,-0.990967,0.030029
18480,0.069580,-0.990967,0.032227
18500,0.068848,-0.993164,0.028320
18520,0.070557,-0.992188,0.031982
18540,0.068359,-0.988281,0.029053
18560,0.069824,-0.991943,0.033691
18580,0.066162,-0.991455,0.032471
18600,0.066162,-0.991943,0.029541
18620,0.067627,-0.989258,0.037109
18641,0.068115,-0.989990,0.034668
18660,0.068115,-0.992432,0.023926
18680,0.070557,-0.988770,0.032959
18700,0.068848,-0.991211,0.031250
18720,0.071777,-0.987305,0.031738
18741,0.065186,-0.991211,0.032227
18760,0.067871,-0.988037,0.028076
18780,0.062256,-0.991699,0.036621
18800,0.067871,-0.984863,0.028320
18820,0.070557,-0.991943,0.031250
18840,0.069092,-0.988037,0.040527
18860,0.069336,-0.984131,0.030518
18880,0.071045,-0.990967,0.035156
18900,0.069336,-0.993408,0.028320
18920,0.070557,-0.986328,0.036865
18941,0.068848,-0.989990,0.032715
18960,0.068115,-0.990479,0.034912
18980,0.064697,-0.988770,0.032959
19000,0.066406,-0.987793,0.029785
19020,0.069336,-0.990723,0.034180
19041,0.067139,-0.986572,0.030029
19060,0.062744,-0.990234,0.028564
19080,0.069824,-0.993164,0.028564
19100,0.067383,-0.988037,0.031006
19120,0.065674,-0.987549,0.026611
19141,0.069092,-0.996338,0.028809
19160,0.068848,-0.989258,0.031250
19180,0.068359,-0.990234,0.028809
19200,0.068359,-0.989990,0.037598
19220,0.069580,-0.990479,0.031006
19241,0.067383,-0.988770,0.032715
19260,0.064697,-0.986816,0.034424
19280,0.070801,-0.990723,0.034912
19300,0.067627,-0.990967,0.026123
19320,0.064209,-0.986816,0.035889
19340,0.063232,-0.989014,0.029053
19360,0.065674,-0.992188,0.030273
19380,0.071045,-0.987305,0.035156
19400,0.071289,-0.989014,0.035156
19420,0.067383,-0.989258,0.032471
19440,0.062744,-0.992188,0.028320
19460,0.069092,-0.988037,0.035889
19480,0.068359,-0.990234,0.032227
19500,0.068115,-0.988525,0.035889
19520,0.068848,-0.982178,0.035156
19540,0.067871,-0.990723,0.034912
19560,0.066895,-0.987061,0.034912
19580,0.068115,-0.987549,0.028564
19600,0.070068,-0.992676,0.031250
19620,0.068359,-0.991699,0.034424
19640,0.067139,-0.988770,0.030762
19660,0.067139,-0.990967,0.032715
19680,0.066895,-0.987793,0.031006
19700,0.066162,-0.989258,0.031982
19720,0.067871,-0.991699,0.033447
19740,0.067627,-0.993164,0.030762
19760,0.066650,-0.989990,0.030762
19780,0.065186,-0.991699,0.040771
19800,0.073730,-0.991943,0.036377
19820,0.067383,-0.995361,0.037598
19840,0.067627,-0.990723,0.032471
19860,0.071777,-0.989258,0.030762
19880,0.069580,-0.991943,0.026611
19900,0.062500,-0.994141,0.034912
19920,0.066162,-0.993408,0.031982
19940,0.071045,-0.991455,0.035889
19960,0.066650,-0.986572,0.028564
19980,0.071777,-0.988037,0.030273
20000,0.066650,-0.991455,0.030518
20020,0.066895,-0.991211,0.035156
20040,0.063721,-0.992188,0.028564
20060,0.066650,-0.988281,0.037598
20080,0.066895,-0.987793,0.029785
20100,0.068604,-0.992432,0.030029
20120,0.070313,-0.989258,0.031982
20140,0.066895,-0.994141,0.037598
20160,0.068848,-0.990723,0.027344
20180,0.064453,-0.989258,0.030029
20200,0.069092,-0.987061,0.024170
20220,0.068604,-0.988770,0.027100
20240,0.067871,-0.986572,0.032227
20260,0.065430,-0.989746,0.034180
20280,0.069824,-0.993652,0.032471
20300,0.067627,-0.988770,0.030273
20320,0.068604,-0.988770,0.036621
20340,0.071045,-0.990723,0.032715
20360,0.066895,-0.990234,0.034668
20380,0.068848,-0.987793,0.031250
20400,0.072021,-0.988770,0.031006
20420,0.067383,-0.991699,0.036377
20440,0.066650,-0.990723,0.034668
20460,0.069092,-0.989746,0.029785
20480,0.065674,-0.986572,0.035156
20500,0.065430,-0.989014,0.028320
20520,0.067871,-0.991211,0.029053
20540,0.064453,-0.988525,0.032959
20560,0.067139,-0.989502,0.033691
20580,0.070068,-0.988525,0.034912
20600,0.069824,-0.989258,0.034668
20620,0.068604,-0.990234,0.034668
20640,0.065430,-0.990234,0.031738
20660,0.063477,-0.992432,0.027832
20680,0.070801,-0.986816,0.026855
20700,0.068115,-0.986572,0.031738
20720,0.070557,-0.986816,0.030029
20740,0.070313,-0.988525,0.031982
20760,0.066895,-0.985596,0.034424
20780,0.065674,-0.990234,0.031982
20800,0.067139,-0.987061,0.030273
20820,0.065918,-0.988037,0.032959
20840,0.068359,-0.986816,0.029297
20860,0.070557,-0.988770,0.032471
20880,0.070313,-0.990967,0.033447
20900,0.070068,-0.989258,0.035889
20920,0.067627,-0.988770,0.035400
20940,0.064453,-0.991943,0.035889
20960,0.068359,-0.995605,0.030273
20980,0.068604,-0.988770,0.033936
21000,0.067627,-0.990479,0.029541
21020,0.068115,-0.984863,0.030762
21040,0.068115,-0.991211,0.031250
21060,0.068848,-0.990967,0.031006
21080,0.071289,-0.989014,0.030029
21100,0.069092,-0.991211,0.031494
21120,0.069580,-0.991699,0.033447
21140,0.068115,-0.986816,0.031738
21160,0.068115,-0.990234,0.030273
21180,0.065918,-0.990723,0.028564
21200,0.068115,-0.993652,0.030762
21220,0.067871,-0.988037,0.034424
21240,0.064697,-0.994873,0.031006
21260,0.069580,-0.988037,0.030273
21280,0.070801,-0.989014,0.036377
21300,0.071289,-0.989014,0.030518
21320,0.067383,-0.988525,0.026855
21340,0.071045,-0.988281,0.037598
21360,0.065674,-0.988770,0.035645
21380,0.067383,-0.987061,0.037109
21400,0.071289,-0.986328,0.031006
21421,0.068359,-0.988037,0.027588
21440,0.070557,-0.988281,0.029541
21460,0.065918,-0.988770,0.027100
21480,0.065674,-0.991455,0.034424
21500,0.065430,-0.989746,0.031250
21521,0.067871,-0.989990,0.032715
21540,0.064453,-0.992676,0.036133
21560,0.067139,-0.989502,0.034180
21580,0.069580,-0.990723,0.033203
21600,0.063232,-0.984619,0.032227
21621,0.066895,-0.986084,0.026367
21640,0.067383,-0.985352,0.035156
21660,0.068604,-0.988525,0.036133
21680,0.067627,-0.991455,0.036377
21700,0.071289,-0.991455,0.035156
21721,0.066406,-0.991211,0.034912
21740,0.069336,-0.990723,0.032471
21760,0.067627,-0.992432,0.030518
21780,0.067627,-0.991211,0.032227
21800,0.068115,-0.991211,0.024902
21821,0.068604,-0.988770,0.035889
21840,0.071533,-0.990479,0.035400
21860,0.068604,-0.988037,0.032471
21880,0.069336,-0.990479,0.031250
21900,0.072021,-0.990234,0.029541
21920,0.066406,-0.993652,0.028564
21940,0.070801,-0.990967,0.030518
21960,0.071777,-0.989014,0.027588
21980,0.064453,-0.990967,0.032227
22000,0.066895,-0.992920,0.035889
22020,0.066406,-0.987305,0.027100
22040,0.066406,-0.990479,0.031494
22060,0.068359,-0.990479,0.025635
22080,0.065674,-0.988525,0.031982
22100,0.071533,-0.990967,0.027344
22120,0.068359,-0.990967,0.032227
22140,0.068604,-0.990723,0.030518
22160,0.069824,-0.992676,0.027100
22180,0.068359,-0.992188,0.028809
22200,0.065674,-0.987305,0.029541
22220,0.066650,-0.988281,0.037109
22240,0.068359,-0.989746,0.041748
22260,0.069824,-0.990479,0.032959
22280,0.067627,-0.987793,0.037842
22300,0.064453,-0.988281,0.027344
22320,0.071777,-0.987305,0.021240
22340,0.068359,-0.990234,0.031250
22360,0.069824,-0.986572,0.033691
22380,0.072021,-0.990967,0.030029
22400,0.065918,-0.991455,0.031250
22420,0.069580,-0.990967,0.031250
22440,0.072754,-0.991211,0.031738
22460,0.068115,-0.988281,0.026367
22480,0.068359,-0.991943,0.036377
22500,0.065430,-0.991455,0.028320
22520,0.069824,-0.987305,0.031982
22540,0.065918,-0.983643,0.031738
22560,0.069092,-0.991455,0.029785
22580,0.068115,-0.992432,0.033691
22600,0.063721,-0.990479,0.035889
22620,0.065918,-0.985840,0.036377
22640,0.068848,-0.990723,0.028320
22660,0.070313,-0.987305,0.029785
22680,0.068115,-0.989014,0.034424
22700,0.069092,-0.991455,0.029785
22720,0.067871,-0.988770,0.033447
22740,0.069336,-0.990234,0.035400
22760,0.069580,-0.986572,0.030762
22780,0.068604,-0.991455,0.031250
22800,0.069092,-0.991699,0.030273
22820,0.064697,-0.989990,0.033203
22840,0.068359,-0.989502,0.032959
22860,0.067139,-0.989746,0.034668
22880,0.069824,-0.989990,0.024658
22900,0.066406,-0.989258,0.035889
22920,0.067383,-0.990479,0.031982
22940,0.066162,-0.991943,0.025879
22960,0.068115,-0.987549,0.034424
22981,0.067627,-0.995117,0.030762
23000,0.068848,-0.990479,0.033691
23020,0.071777,-0.989014,0.036133
23040,0.065918,-0.990967,0.035156
23060,0.068359,-0.990479,0.037598
23080,0.067627,-0.986816,0.031250
23100,0.069824,-0.993164,0.028564
23120,0.067139,-0.988037,0.028564
23140,0.068848,-0.988770,0.028809
23160,0.069824,-0.988770,0.037354
23181,0.069580,-0.987549,0.032715
23200,0.067871,-0.994141,0.032959
23220,0.065918,-0.986328,0.031250
23240,0.066895,-0.989258,0.031494
23260,0.066895,-0.989014,0.028076
23281,0.068848,-0.988525,0.042480
23300,0.072021,-0.992920,0.038330
23320,0.063232,-0.990723,0.029297
23340,0.072754,-0.994385,0.031982
23360,0.069092,-0.993896,0.030762
23381,0.069336,-0.989746,0.030029
23400,0.065430,-0.985352,0.033203
23420,0.065918,-0.989990,0.029053
23440,0.066650,-0.989014,0.029541
23460,0.069824,-0.989258,0.035889
23481,0.067627,-0.989746,0.037598
23500,0.068115,-0.992432,0.030762
23520,0.070801,-0.987305,0.030762
23540,0.065186,-0.989502,0.034180
23560,0.068359,-0.987061,0.030518
23581,0.071533,-0.986572,0.038086
23600,0.068604,-0.988037,0.037109
23620,0.066650,-0.988770,0.034424
23640,0.066895,-0.990967,0.032959
23660,0.065918,-0.988037,0.027832
23681,0.066162,-0.985107,0.031738
23700,0.065674,-0.991699,0.033691
23720,0.069824,-0.990234,0.035889
23740,0.069336,-0.991211,0.029053
23760,0.070313,-0.990234,0.035400
23781,0.071533,-0.993408,0.032227
23800,0.070313,-0.988037,0.034668
23820,0.067139,-0.990967,0.033447
23840,0.067871,-0.994385,0.034180
23860,0.067383,-0.988037,0.029785
23881,0.069092,-0.989014,0.028809
23900,0.070068,-0.990967,0.032471
23920,0.067627,-0.992676,0.026367
23940,0.070068,-0.988770,0.034424
23960,0.066162,-0.992432,0.030762
23981,0.069336,-0.992432,0.026123
24000,0.073975,-0.991211,0.032715
24020,0.065430,-0.987549,0.027344
24040,0.070068,-0.989014,0.025635
24060,0.070068,-0.988281,0.034668
24081,0.068604,-0.989014,0.039551
24100,0.072510,-0.988525,0.035889
24120,0.068115,-0.987305,0.031250
24140,0.067383,-0.991943,0.029053
24160,0.066162,-0.993408,0.030029
24181,0.070557,-0.991211,0.033691
24200,0.073730,-0.990723,0.032471
24220,0.067383,-0.988281,0.028076
24240,0.069092,-0.989014,0.028076
24260,0.067871,-0.990479,0.025635
24281,0.070801,-0.986328,0.032715
24300,0.062988,-1.086914,0.037598
24320,0.047607,-0.974365,0.008057
24340,0.095215,-0.945801,0.012207
24361,0.041016,-1.030029,0.053711
24380,0.078369,-0.926758,0.009766
24400,0.085449,-1.114502,0.031982
24420,0.023193,-0.928955,0.010742
24440,0.119873,-0.973877,0.019775
24461,0.022461,-0.993652,0.035156
24480,0.090576,-0.944092,0.023926
24500,0.076904,-1.046631,0.043457
24520,0.045166,-0.949951,0.024658
24540,0.111572,-1.017090,0.041260
24560,0.029785,-0.978027,0.030762
24580,0.097900,-0.990723,0.034424
24600,0.055664,-1.001953,0.037109
24620,0.073975,-0.975098,0.026611
24640,0.079834,-1.006592,0.033691
24660,0.047119,-0.974854,0.026611
24680,0.084961,-0.997314,0.030518
24700,0.048828,-0.984863,0.028564
24720,0.081543,-0.992920,0.031006
24740,0.060791,-0.988525,0.029785
24760,0.070801,-0.990723,0.030762
24780,0.066406,-0.986816,0.033447
24800,0.063477,-0.989990,0.035400
24821,0.070801,-0.988281,0.033203
24840,0.064941,-0.987549,0.026367
24860,0.074463,-1.000977,0.033447
24880,0.062256,-0.988037,0.027588
24900,0.071289,-0.997314,0.034180
24921,0.059326,-0.989014,0.035889
24940,0.074219,-0.990723,0.027588
24960,0.061035,-0.990723,0.036621
24980,0.066162,-0.992188,0.034668
25000,0.066406,-0.985840,0.031738
25020,0.067139,-0.992188,0.034668
25040,0.071289,-0.989502,0.028809
25060,0.068359,-0.987793,0.033936
25080,0.068848,-0.991211,0.024414
25100,0.062012,-0.988525,0.027588
25120,0.072998,-0.990967,0.038330
25140,0.066650,-0.988525,0.030029
25160,0.071045,-0.990723,0.030273
25180,0.064209,-0.992676,0.034180
25200,0.070313,-0.986084,0.033447
25220,0.070801,-0.993896,0.030029
25240,0.065186,-0.985107,0.030273
25260,0.067383,-0.991211,0.032471
25280,0.066650,-0.986084,0.024902
25300,0.071289,-0.989014,0.035400
25320,0.062988,-0.989014,0.037354
25340,0.074951,-0.989502,0.034424
25360,0.067627,-0.987061,0.032227
25380,0.068115,-0.988770,0.030029
25400,0.068115,-0.991943,0.026611
25420,0.064697,-0.990723,0.030762
25440,0.064941,-0.986328,0.030762
25460,0.065186,-0.991211,0.026611
25481,0.068604,-0.989014,0.030518
25500,0.065918,-0.986084,0.032959
25520,0.071045,-0.985596,0.034180
25540,0.067627,-0.986572,0.029541
25560,0.070557,-0.984619,0.026367
25581,0.065674,-0.993164,0.038818
25600,0.069092,-0.985352,0.034668
25620,0.068848,-0.990723,0.034668
25640,0.064453,-0.988037,0.031250
25660,0.072510,-0.989990,0.036621
25681,0.068115,-0.989502,0.034180
25700,0.071533,-0.989502,0.025879
25720,0.062256,-0.991943,0.026855
25740,0.071289,-0.991943,0.032471
25760,0.065430,-0.989014,0.034668
25780,0.069824,-0.989502,0.034180
25800,0.068848,-0.988037,0.032715
25820,0.067871,-0.988525,0.030762
25840,0.065918,-0.989258,0.032715
25860,0.063232,-0.988281,0.029053
25880,0.070801,-0.989014,0.031006
25900,0.065186,-0.990967,0.039551
25920,0.068604,-0.992188,0.029053
25940,0.067139,-0.988281,0.031738
25960,0.067139,-0.989990,0.027344
25980,0.064697,-0.991211,0.031494
26000,0.068359,-0.990234,0.027588
26020,0.068848,-0.990967,0.030273
26040,0.066406,-0.996582,0.031982
26060,0.069580,-0.988525,0.029053
26080,0.066162,-0.990479,0.034180
26100,0.067383,-0.987549,0.029297
26120,0.067871,-0.990479,0.027100
26140,0.066406,-0.986328,0.035156
26160,0.070313,-0.986328,0.031250
26180,0.065430,-0.990234,0.029541
26200,0.068359,-0.987305,0.031982
26220,0.060791,-0.990234,0.030273
26241,0.072754,-0.982422,0.034912
26260,0.067871,-0.995361,0.027344
26280,0.068115,-0.988037,0.027588
26300,0.073730,-0.990479,0.035889
26320,0.066895,-0.984619,0.038330
26340,0.072510,-0.985596,0.025879
26360,0.064453,-0.993408,0.028809
26380,0.071045,-0.988525,0.026611
26400,0.075684,-0.961670,0.027832
26420,0.064941,-0.933594,0.018555
26440,0.073730,-0.946289,0.030273
26460,0.060547,-0.972412,0.028809
26480,0.071045,-0.944824,0.012207
26500,0.092529,-0.938721,0.057617
26520,0.077148,-0.962891,0.034668
26540,0.070557,-0.991455,0.020020
26560,0.065430,-0.998047,0.034912
26580,0.066162,-1.000488,0.030273
26600,0.072021,-1.007080,0.045654
26620,0.082275,-0.995850,0.023682
26640,0.072510,-0.995605,0.025146
26660,0.057129,-0.979492,0.015137
26680,0.068848,-0.963135,0.035400
26700,0.063477,-1.014404,0.036133
26720,0.071289,-0.968262,0.022461
26740,0.074951,-1.002686,0.032471
26760,0.054932,-0.986816,0.037109
26780,0.087646,-0.984863,0.027344
26800,0.050049,-0.995850,0.036865
26820,0.079590,-0.981201,0.029541
26840,0.066650,-1.000488,0.041748
26860,0.066895,-0.987549,0.026611
26880,0.076904,-0.995361,0.034424
26900,0.056396,-0.987305,0.033936
26920,0.083008,-0.989502,0.030029
26940,0.062012,-0.982910,0.037598
26960,0.071289,-0.992432,0.028809
26980,0.069336,-0.989990,0.034180
27000,0.067871,-0.989990,0.041504
27020,0.069336,-0.991211,0.033691
27040,0.064697,-0.989502,0.033691
27060,0.072998,-0.987793,0.028076
27080,0.065674,-0.994141,0.032227
27100,0.068359,-0.983643,0.035645
27120,0.065186,-0.993408,0.031006
27140,0.068604,-0.982666,0.034912
27160,0.068115,-0.992188,0.030518
27180,0.063965,-0.990234,0.027588
27200,0.070557,-0.980957,0.040527
27220,0.068359,-0.994141,0.028564
27240,0.067139,-0.992676,0.028809
27260,0.065674,-0.991211,0.029297
27280,0.068848,-0.991943,0.036377
27300,0.070557,-0.985840,0.027100
27320,0.066650,-0.989990,0.029297
27340,0.061279,-0.990723,0.027100
27360,0.063721,-0.985596,0.032227
27380,0.066650,-0.990234,0.036133
27400,0.069092,-0.983887,0.034180
27420,0.072510,-1.005127,0.036865
27440,0.069336,-0.991211,0.027344
27460,0.071777,-0.983154,0.031250
27480,0.062256,-0.995117,0.030518
27500,0.076660,-0.971924,0.034668
27520,0.073486,-1.041016,0.054199
27540,0.073486,-0.948242,0.045410
27560,0.069336,-0.983887,0.038574
27581,0.056152,-0.993164,0.032715
27600,0.080811,-0.990479,0.032227
27620,0.056396,-0.973145,0.030029
27640,0.073975,-0.980957,0.023926
27660,0.061035,-0.995117,0.034668
27681,0.068604,-0.981934,0.025879
27700,0.066895,-0.993652,0.031982
27720,0.065186,-0.989502,0.030029
27740,0.071289,-0.989014,0.032959
27760,0.064453,-0.991943,0.035400
27781,0.067627,-0.991455,0.031982
27800,0.064209,-0.988281,0.028320
27820,0.068848,-0.992432,0.024658
27840,0.065186,-0.987305,0.028320
27860,0.070068,-0.990967,0.030518
27881,0.062988,-0.985596,0.038330
27900,0.073242,-0.990967,0.032227
27920,0.063232,-0.988281,0.037842
27940,0.073730,-0.988281,0.033203
27960,0.065186,-0.989502,0.032227
27980,0.068604,-0.986572,0.027344
28000,0.066650,-0.992676,0.037598
28020,0.067139,-0.988281,0.032715
28040,0.070557,-0.992188,0.027344
28061,0.068359,-0.987549,0.034668
28080,0.072266,-0.991455,0.028564
28100,0.067627,-0.989502,0.033936
28120,0.068848,-0.992188,0.031494
28140,0.066162,-0.991455,0.036621
28161,0.068359,-0.989014,0.031494
28180,0.071533,-0.987793,0.030762
28200,0.069824,-0.987061,0.032471
28220,0.071777,-0.986816,0.033691
28240,0.066162,-0.992920,0.035889
28260,0.067627,-0.989014,0.029053
28280,0.068604,-0.989258,0.029541
28300,0.065186,-0.991943,0.028564
28320,0.069336,-0.988770,0.030762
28340,0.066895,-0.991699,0.034180
28360,0.067139,-0.992676,0.028564
28380,0.064453,-0.989014,0.031250
28400,0.064209,-0.991455,0.036865
28420,0.068604,-0.991699,0.027344
28440,0.066406,-0.989502,0.036621
28461,0.066650,-0.994385,0.033203
28480,0.066162,-0.989258,0.030518
28500,0.070313,-0.989014,0.033447
28520,0.066406,-0.989502,0.031982
28540,0.065674,-0.988525,0.031250
28560,0.068359,-0.992188,0.037842
28580,0.064453,-0.990479,0.033203
28600,0.070801,-0.987793,0.034668
28620,0.066650,-0.988281,0.039551
28640,0.069336,-0.989990,0.026611
28660,0.065674,-0.992676,0.033936
28680,0.069580,-0.990479,0.031494
28700,0.069824,-0.988770,0.034424
28720,0.067383,-0.991699,0.032715
28740,0.069336,-0.989258,0.030029
28760,0.068604,-0.991455,0.029297
28780,0.068848,-0.989502,0.033447
28800,0.068848,-0.987549,0.034668
28820,0.069824,-0.986816,0.031006
28840,0.066162,-0.990479,0.031982
28860,0.068848,-0.990234,0.026611
28880,0.065186,-0.988770,0.029541
28900,0.064941,-0.989258,0.029785
28920,0.068115,-0.988037,0.031006
28940,0.067139,-0.987793,0.035889
28960,0.071777,-0.990479,0.028320
28980,0.067627,-0.991211,0.035889
29000,0.069092,-0.990479,0.024902
29020,0.066162,-0.990723,0.026611
29040,0.070801,-0.986816,0.031738
29060,0.065430,-0.987549,0.034180
29080,0.067139,-0.989258,0.029541
29100,0.068115,-0.990234,0.034424
29121,0.063965,-0.989502,0.029785
29140,0.070313,-0.989746,0.028809
29160,0.070313,-0.990234,0.032471
29180,0.067139,-0.991211,0.037842
29200,0.066895,-0.988525,0.023193
29221,0.068359,-0.991699,0.029053
29240,0.069092,-0.988525,0.032715
29260,0.065674,-0.987305,0.034180
29280,0.066650,-0.992432,0.025391
29300,0.063721,-0.990967,0.033691
29321,0.065918,-0.992920,0.027832
29340,0.068604,-0.991455,0.033691
29360,0.067139,-0.988281,0.035400
29380,0.069824,-0.989990,0.022461
29400,0.067139,-0.987793,0.027832
29420,0.066162,-0.988037,0.026123
29440,0.064697,-0.988525,0.027100
29460,0.066162,-0.991699,0.033203
29480,0.063232,-0.992676,0.036377
29500,0.069824,-0.988037,0.031494
29520,0.066895,-0.987549,0.034180
29540,0.067871,-0.989746,0.029541
29560,0.070313,-0.985596,0.027588
29581,0.064209,-0.987793,0.029297
29600,0.064453,-0.985107,0.028076
29620,0.071045,-0.989014,0.029541
29640,0.067627,-0.989258,0.025879
29660,0.070313,-0.986816,0.033203
29681,0.066406,-0.989014,0.032715
29700,0.075195,-0.993896,0.034180
29720,0.067139,-0.984863,0.032715
29740,0.069824,-0.994141,0.031982
29760,0.065186,-0.984863,0.029785
29781,0.069580,-0.987549,0.027588
29800,0.065918,-0.989746,0.027832
29820,0.068359,-0.987305,0.026611
29840,0.068604,-0.987549,0.033447
29860,0.064209,-0.984863,0.038330
29881,0.069336,-0.988525,0.028564
29900,0.061523,-0.983398,0.035400
29920,0.069824,-0.993652,0.034424
29940,0.063965,-0.990723,0.036865
29960,0.066162,-0.994141,0.027832
29981,0.070801,-0.992188,0.035156
