t_s,innovation_e_m,innovation_n_m,innovation_h_m,hdop,sats
134.774,2.086430487732743,-4.896037841777693,5.32206526907176,2.81,5
135.632,0.0125586176549409,-2.3691720844205033,2.369205369839178,2.81,5
135.746,-0.0026694014047204963,0.5791615665379015,0.5791677182461878,2.8,5
136.658,0.011990919402105733,0.11264165923292824,0.11327808942092431,2.8,5
136.772,-0.002019842970052075,0.344093349597816,0.34409927782991423,2.8,5
137.701,-1.5100373966281961,0.7024053014680427,1.6654087026150883,2.8,5
137.819,0.15756450400390665,0.11591374354443706,0.19560820244683666,2.8,5
138.698,1.941272765032397,0.1364876024983901,1.9460649562366328,2.8,5
138.813,-0.07863637882832715,0.03273192063291441,0.08517663237972951,2.8,5
139.667,-1.749318194665809,0.42579008967687626,1.800391998053726,2.8,5
139.782,0.07282274206516037,-0.023143013418553515,0.07641171920576206,2.8,5
140.689,1.8193462472229849,-0.5590703322776918,1.9033077532856968,2.8,5
140.808,-0.028092432437111153,0.0040470779983734495,0.02838245233517663,2.8,5
141.725,-0.20552063368945725,0.007029163118667636,0.2056408033593161,2.8,5
141.841,-0.08483971385691573,-0.00042105805234937677,0.08484075870244671,2.8,5
142.676,-0.08307195964138638,-0.03529031661437054,0.09025717104697357,2.8,5
142.792,-0.03097274786554994,-0.018033078714573936,0.035839964261546745,2.8,5
143.676,-0.014834812531390107,-0.059900993158508165,0.06171062018985979,2.8,5
143.794,-0.003647188579702157,-0.02694174735999777,0.027187492259233042,2.8,5
144.683,0.014599549147821017,0.7806336058873371,0.7807701156396715,2.8,5
144.799,-0.003355184745370012,-0.17981993897176185,0.17985123773964895,2.8,5
145.685,0.017776353687893418,0.12045448969483274,0.12175911809010301,2.8,5
145.801,-0.0010996552476517252,-0.09226528386134802,0.09227183669830581,2.8,5
146.746,0.021780731069389405,0.19889494521355666,0.2000839810615052,2.79,5
147.634,0.018829700989337526,-0.20550650209056776,0.20636734247658564,2.79,5
147.748,0.009251041406153094,-0.08559391026915875,0.08609238782995368,2.79,5
148.634,0.02795373117865188,-0.13642397586219968,0.13925843700422022,2.79,5
148.748,0.012560336370993264,-0.056607712816561184,0.05798443929257885,2.79,5
149.724,0.033486813982247524,-0.10751681461855389,0.11261097698005347,2.79,5
149.841,0.014159264039818504,-0.04388638006674084,0.04611397958875079,2.79,5
150.721,0.03109127363942705,0.9769690092425057,0.9774636117609724,2.79,5
150.837,-0.0011030122613628762,-0.23091178417259295,0.23091441857497522,2.79,5
151.732,0.022682683724829764,-0.36476674688806876,0.3654713173099431,2.79,5
151.849,0.01086045916983618,-0.14703288779514523,0.14743344148041668,2.79,5
152.73,0.03027938885384885,0.22994414333620206,0.23192919273774576,2.79,5
152.846,-0.0005581883571454727,-0.09661296388083312,0.09661457635409482,2.79,5
153.665,0.021065738199610252,-0.19087416432868526,0.1920331011416221,2.79,5
153.824,0.011721829220731898,-0.08787721320598135,0.08865554625137397,2.79,5
154.717,0.03150538056979814,-0.13779960538140057,0.1413552979131576,2.79,5
154.834,0.013976717722202159,-0.056986521333533935,0.05867548254580816,2.79,5
155.728,0.033165004113978026,-0.10133368274834537,0.10662285288446603,2.79,5
155.845,0.014323239130033258,-0.042293126730723274,0.04465270146180559,2.79,5
156.707,2.322088654344678,0.3398182239932372,2.3468217111647394,2.79,5
156.823,-0.5197596029638718,-0.09421506463531022,0.5282296122685638,2.79,5
157.64,-0.6458308781292668,0.2492150558925153,0.692246825365584,2.79,5
157.754,-0.11056042379985875,-0.07780141890668457,0.13519122787628562,2.78,5
158.692,-0.16694351975096078,-0.20708484083039969,0.26599674826695047,2.78,5
158.809,-0.06455297042666341,-0.08744109199663785,0.10868776637906478,2.78,5
159.698,-0.04657568432503112,-0.1371625963992622,0.14485465895625121,2.78,5
159.815,-0.015613307857881065,-0.05725446117875044,0.059345165827841544,2.78,5
160.741,0.006816167838806564,-0.10185879294029099,0.102086599724253,2.78,5
161.021,0.008658432885475076,-0.054180651515901734,0.05486812789516206,2.78,5
161.732,0.021806749680152393,-0.07058614844094696,0.07387786328353187,2.78,5
161.884,0.01127220633682624,-0.03321853213332521,0.035078961113361735,2.78,5
162.645,0.026811920691819147,-0.06530731858779754,0.07059691885849187,2.78,5
162.754,0.011839660621629111,-0.028252247233357952,0.0306327771736442,2.78,5
163.655,0.031380803014614767,-0.07123706441298777,0.0778426242107897,2.78,5
163.764,0.013146939378330558,-0.02960275364773407,0.03239081719478426,2.78,5
164.719,-2.2520157940806285,-0.07881858219740567,2.2533946626563695,2.78,5
164.831,0.509168455062264,0.007307352169319936,0.5092208882461708,2.78,5
165.668,0.6176149036467788,-0.49101012952624506,0.7890114805907452,2.78,5
165.814,0.11317776035664505,0.06638056558889731,0.13120817401079884,2.78,5
166.677,0.14872331980646405,0.45160830094625853,0.4754668057160481,2.78,5
166.789,0.03003527832244568,-0.016608055427572155,0.034321209899886754,2.78,5
167.645,0.02628291680538812,0.27920766574784317,0.28044199458739816,2.78,5
167.755,0.009768979832845434,-0.039339899271812584,0.04053468442816474,2.78,5
168.687,-0.011350870495800759,0.6438173329488157,0.6439173863674894,2.78,5
168.803,0.0005189988339252109,-0.05755095928291554,0.05755329942039308,2.77,5
169.667,-0.013622139619886694,-0.27993992169095216,0.28027115878049264,2.77,5
169.825,-0.006002863958500915,-0.13368036404172412,0.13381507428549355,2.77,5
170.645,-0.0015694702114615084,-0.203402298790188,0.20340835378586983,2.77,5
170.755,0.0008289207549264699,-0.08669629279349289,0.08670025544225919,2.77,5
171.646,2.318161802756904,0.476741258319775,2.3666762286264382,2.77,5
171.76,-0.41677837796922423,-0.1194130925378567,0.4335478093729828,2.77,5
172.701,-0.6045347492592166,0.1369523390764904,0.6198533747915114,2.77,5
172.814,-0.12295748110792015,-0.07266281225361215,0.1428230599203372,2.77,5
173.678,-0.10656594026611232,-0.6510330808021423,0.6596971819884706,2.77,5
173.824,-0.02862306885803667,0.009202894663853822,0.030066149421665186,2.77,5
174.69,0.021834388651575942,-0.03692291653538593,0.042895714159658704,2.77,5
174.854,0.015122409155848171,-0.025690479697974666,0.029810870597634834,2.77,5
175.72,0.05007867590744253,-0.09188666857792116,0.10464718650298913,2.77,5
175.833,0.022660831979465,-0.04261831689762685,0.048268356520479234,2.77,5
176.699,0.053356246643321725,-0.745681159207441,0.7475876405163584,2.77,5
176.812,-0.003128427117562893,0.1274059984862943,0.12744440162878684,2.77,5
177.647,1.542817784740257,0.10219198655952111,1.5461985380370191,2.77,5
177.792,-0.20449509879363115,0.030371794912961603,0.2067382193907357,2.77,5
178.666,-0.39359154982892575,-0.03403988139672154,0.3950607821870435,2.77,5
178.778,-0.1629735889682178,-0.020699795792024966,0.16428290308797544,2.77,5
179.69,-0.223127911163719,-0.9454498808180682,0.9714224322503491,2.77,5
179.803,-0.028268022903495282,0.11267042625605428,0.11616241247319849,2.76,5
180.666,-0.07578541640038683,0.9763931240299818,0.9793298535182144,2.76,5
180.779,-0.008513864063143473,-0.049821326063366866,0.05054354965767644,2.76,5
181.789,-0.038023756232336225,-0.6656797160086032,0.6667647938691055,2.76,5
182.701,-0.03363620438308201,-0.4725493637703133,0.47374496878070205,2.76,5
182.814,-0.0014649899806951083,0.03386673098377846,0.033898402074008696,2.76,5
183.681,-0.04163576539438152,0.8776972043930122,0.878684197854545,2.76,5
183.794,-0.0010302566372182298,-0.04257520337219245,0.04258766688751662,2.76,5
184.72,-0.0548495333747252,-1.0870711193535898,1.0884539906877515,2.76,5
184.837,-0.004706958139122364,0.003418964524544932,0.005817626091761743,2.76,5
185.702,3.0197227610421535,-0.39089625793656624,3.0449179690140844,2.76,5
185.852,-0.21598110504547652,0.04241575002752429,0.2201066413969887,2.76,5
186.657,-0.6187814997970928,0.4670366464502353,0.7752507811144866,2.76,5
186.769,-0.09961350790297896,-0.016552099292623135,0.10097931940615221,2.76,5
187.647,-0.22135739552355727,-0.12781402311997703,0.2556081396573407,2.76,5
187.761,-0.09159881430375005,-0.05982685950366695,0.10940564839131657,2.76,5
188.713,-1.6402761977758518,-0.9893455745394705,1.9155444841743667,2.76,5
188.828,0.14067193085718088,0.07863504318993488,0.16115850008166,2.76,5
189.711,1.8412965289234515,-3.4993398605821695,3.954206920140218,2.76,5
189.86,-0.09834049914663989,0.40405460053037023,0.4158497011928316,2.76,5
190.726,-1.7762494135837823,-0.7201097567157291,1.9166689961946788,2.76,5
190.885,0.09357109547870479,0.2940892764612846,0.3086163515412085,2.75,5
191.691,0.22266479955712892,-0.3826712062184958,0.4427379191243223,2.75,5
191.806,0.036538730344729764,0.16846741017989508,0.17238430064227395,2.75,5
192.682,1.591028190730717,-0.9718598801551623,1.8643718326436565,2.75,5
192.795,-0.07201135013415794,0.14221916983292004,0.15941118786367928,2.75,5
193.647,-0.30232978150000367,0.7300766300541595,0.7901994574365879,2.75,5
193.76,-0.04815194871255102,0.038096260683949446,0.061399798394747,2.75,5
194.668,-0.14104067978152823,0.372021674127323,0.39786002485011196,2.75,5
194.782,-0.022837317993245954,-0.017980415090307567,0.029066104313175432,2.75,5
195.716,-0.08668231110906266,-0.15950201799724262,0.1815343405650871,2.75,5
195.83,-0.03943538413944747,-0.07071982666659249,0.08097186799116513,2.75,5
196.701,-3.1336923616762316,-0.12934896815714403,3.1363607849211603,2.75,5
196.816,0.45492336400231315,-0.0089842515066616,0.4550120700490439,2.75,5
197.691,0.7353021862305207,-0.9241052395848772,1.1809486859739533,2.75,5
197.933,0.16119594774371082,0.10399027188318932,0.19182833527748916,2.75,5
198.693,0.15049949668434204,0.10922244959051763,0.1859560216739255,2.75,5
198.808,0.057156260515074386,0.04010460770976643,0.0698227590089457,2.75,5
199.686,0.016043382991147492,-0.00151917012103997,0.016115148639007374,2.75,5
199.801,0.0005771734650492633,-0.0057192257980629435,0.005748275649095621,2.75,5
200.638,-0.044491180128866326,-0.05623544173560724,0.07170697327637045,2.75,5
200.753,-0.021115948659724992,-0.02732399819616038,0.034532364025996215,2.75,5
201.694,1.4613165154850338,0.7574216333705976,1.6459445583394068,2.75,5
201.81,-0.2854338279386752,-0.15654722376996322,0.3255449329997446,2.74,5
202.672,1.0459047029125461,-0.30654970573934914,1.0899033762969372,2.74,5
202.787,-0.2671519411378247,-0.035465804039576554,0.2694957938630609,2.74,5
203.668,-0.5571186577780427,-0.12608874356241984,0.5712088673134876,2.74,5
203.785,-0.23231154401685306,-0.05565019070342192,0.2388840664607447,2.74,5
204.668,-0.3037199750292121,0.31975611650218205,0.44100997411884263,2.74,5
204.782,-0.04247192532340005,-0.06790316597800139,0.08009184971339141,2.74,5
205.628,-1.6283313430828912,-1.4473253939599484,2.178580675317637,2.74,5
205.742,0.15668320837217298,0.11945116650784371,0.19702337162347613,2.74,5
206.673,1.8363964735007503,-0.8466102397942237,2.022152542715417,2.74,5
206.793,-0.028444499124996803,0.10981962626784458,0.11344355355894403,2.74,5
207.724,1.2834946058377925,0.22080968129008838,1.3023499217054304,2.74,5
207.84,-0.11409086827911707,0.053267143325470556,0.12591312394956716,2.74,5
208.724,-0.4044497502109934,0.014139433946375846,0.40469682978503657,2.74,5
208.839,-0.17084901598290259,-0.0009892981218140307,0.17085188021529035,2.74,5
209.694,-0.22174095005281913,-0.06716895741034712,0.23169099630740908,2.74,5
209.81,-0.090951702716497,-0.03352276953078537,0.0969329061982782,2.74,5
210.729,-0.13738677062518967,-0.10277356967312912,0.1715736907750603,2.74,5
210.845,-0.056862208363211764,-0.045048764547292564,0.07254448240341034,2.74,5
211.68,-0.10683434577697959,-0.531186670559439,0.5418236395891354,2.74,5
211.797,0.0023346160826918094,0.10638202812057607,0.1064076422974431,2.74,5
212.628,1.4518258006701554,0.05718533069985554,1.4529515881607307,2.74,5
212.742,-0.20765214945761912,0.025601444033148013,0.20922439893796277,2.74,5
213.629,-0.4726833930807768,-0.047440562369393646,0.47505809860719195,2.74,5
213.742,-0.19739619716735746,-0.026217785007871086,0.19912968364071995,2.73,5
214.716,-0.2884290162824499,-0.9586307896750252,1.0010815592880653,2.73,5
214.832,-0.0412382811286065,0.09979501358421672,0.10797981555233359,2.73,5
215.72,-0.10531519930000144,0.12088128701574874,0.1603233506204971,2.73,5
215.837,-0.04651199401583028,0.04206380306552404,0.06271147515139332,2.73,5
216.689,-0.08789854910505923,1.2552536714463223,1.258327435373737,2.73,5
216.809,-0.0017685241310676503,-0.20136492275988083,0.20137268880286358,2.73,5
217.707,-0.060330573548711186,-0.8507473248059556,0.8528838073085961,2.73,5
217.823,-0.0002630663201461658,-0.020970414954634364,0.020972064925952043,2.73,5
218.649,3.75904366668815,-0.4959698340738914,3.7916217327654897,2.73,5
218.764,-0.33781831295718767,0.03444545381883657,0.3395698777247858,2.73,5
219.709,-0.9739448838032914,0.4381548607675825,1.0679645680924374,2.73,5
219.825,-0.17693927759937367,-0.002255935307523771,0.17695365834449409,2.73,5
220.706,-0.3069610600979189,-0.13727980959009578,0.33626007574127964,2.73,5
220.822,-0.1295085464917083,-0.06393261697493635,0.14442937072375164,2.73,5
221.747,1.3428484280392539,0.2840637059874762,1.3725647852640088,2.73,5
222.678,-0.580723878133794,-1.074631843577599,1.2215047367348777,2.73,5
222.795,-0.08874413466732811,0.07083394612281957,0.11354721203615424,2.73,5
223.685,1.3587466186946333,0.5095427866544036,1.451146520943228,2.73,5
223.85,-0.16985364435939942,-0.014460400224990622,0.1704680723092634,2.73,5
224.636,-0.374124201129586,-0.11565774924979877,0.39159370887742856,2.73,5
224.751,-0.16092523994683106,-0.05567590209160578,0.17028428854612285,2.72,5
225.65,-0.2342170839767448,-0.13288980621360835,0.2692904436144363,2.72,5
225.765,-0.09458996462824842,-0.05827084105842495,0.11109794024206529,2.72,5
226.664,-0.12357375908332457,-0.1262201319774814,0.17664086630900666,2.72,5
226.781,-0.049515072759970025,-0.05412667528291237,0.07335829474304159,2.72,5
227.673,2.9818126347237737,0.3028640246064942,2.9971541845556056,2.72,5
227.789,-0.6894052603410401,-0.0903793468535028,0.695304278229009,2.72,5
228.726,-0.9726096486276958,-0.6471689227374124,1.168245326616286,2.72,5
228.841,-0.17015487882726887,0.02167043187530382,0.17152926982408784,2.72,5
229.716,-0.23989065144360566,-0.8633548309602386,0.8960631053627973,2.72,5
229.83,-0.04113184886872645,0.08423338482931797,0.09373949067049452,2.72,5
230.715,1.4548735366416636,2.0413339927811585,2.5067312336395555,2.72,5
230.912,-0.14189135249296925,-0.12715093394768573,0.19052694275627474,2.72,5
231.779,-0.31772692231518107,0.018107324504340383,0.31824247416801954,2.72,5
232.694,-0.12232792749460586,-0.31746804545021945,0.3402206368330824,2.72,5
232.81,-0.0458055084647917,-0.13241928171272654,0.140117846026238,2.72,5
233.639,1.4955471508244784,-1.258760531485863,1.9547734794512093,2.72,5
233.753,-0.27866637271027983,0.17269687580803783,0.3278401412172729,2.72,5
234.649,-0.45299582076965095,-0.22398524795866415,0.505346024955054,2.72,5
234.763,-0.08487341188080322,0.08991363146142817,0.12364447891786351,2.72,5
235.738,-0.10295377531839378,-0.7553726243606853,0.762356400567254,2.72,5
236.671,1.5155184325178048,1.0261590617047887,1.830245486053736,2.72,5
236.787,-0.12788905498170067,-0.02192445877632032,0.12975473893753178,2.71,5
237.675,-0.28766154450034165,0.23623641101627335,0.372232193763747,2.71,5
237.792,-0.05864213207867053,-0.04827290632026937,0.07595507316392856,2.71,5
238.64,-0.0481215915046036,0.4426911032554468,0.4452988889167147,2.71,5
238.754,-0.017655480904203102,-0.06535813644655519,0.06770082721595953,2.71,5
239.66,0.03292405461353454,-0.2657066739415743,0.26773873449556956,2.71,5
239.774,0.018191745073913523,-0.11634714162907756,0.11776076152136114,2.71,5
240.673,3.882696214773656,0.22673895277175493,3.8893110506774473,2.71,5
240.791,-0.5010502357169102,-0.07508800151123296,0.5066453855340264,2.71,5
241.684,0.570498918912822,0.6309450403000643,0.8506236890423099,2.71,5
241.851,-0.34320260492001253,-0.1185051148370917,0.36308606454452985,2.71,5
242.641,-0.5485470876959617,-1.145618752609738,1.2701756704294147,2.71,5
242.758,-0.09542561855372256,0.06598867363841254,0.11601962646430766,2.71,5
243.73,-0.1470439806761732,1.7600942080064872,1.7662257934112155,2.71,5
243.848,-0.03726352766699392,-0.0515773154842023,0.063630102677473,2.71,5
244.677,1.5122288169031535,1.5435447481821352,2.1608716723380317,2.71,5
244.796,-0.14097965195141526,-0.21146339096591626,0.2541496173185121,2.71,5
245.642,-0.3222373266003622,1.0869849104958653,1.1337429560091004,2.71,5
245.758,-0.0610988173932796,-0.21450778938392845,0.2230395866056901,2.71,5
246.662,4.50012869402617,0.841430663487025,4.578117934725349,2.71,5
246.781,-0.25835570779202754,-0.1861268427735198,0.3184193357030287,2.71,5
247.636,1.388597529037888,3.4904985057643056,3.7565653084157846,2.71,5
247.752,-0.30486114366478745,-0.3426359614847385,0.45862808354828577,2.7,5
248.659,2.286946998253967,1.1995220235192807,2.5824367674215414,2.7,5
248.811,-0.3468328162728298,-0.35515368118358204,0.49641428233078866,2.7,5
249.722,-0.8154957012838011,1.2306636895496048,1.4763354481919766,2.7,5
249.843,-0.15974893735408813,-0.28590816708456224,0.3275106150820372,2.7,5
250.703,-0.18596877001571954,0.31673231934844104,0.36729245233329044,2.7,5
250.826,-0.04688441579266822,-0.2024357578176943,0.20779409156047718,2.7,5
251.725,1.5266484908397686,1.5911599713778806,2.2050953877550517,2.7,5
251.918,-0.12037708928616553,-0.26250176310784745,0.2887868058962146,2.7,5
252.684,-0.25285855039645355,-0.6019115725963928,0.6528667457713392,2.7,5
252.805,-0.10602068804950449,-0.26773537119912305,0.2879628713664707,2.7,5
253.653,-0.08721321007537597,0.46323016299990627,0.4713685690885333,2.7,5
253.771,-0.02473760347049847,-0.1920276421551037,0.19361447357341904,2.7,5
254.685,0.033855814843697374,-1.2595504903162098,1.2600054181845948,2.7,5
254.806,-0.007846380612129167,0.027789239793827747,0.028875725740304017,2.7,5
255.684,0.05916560702605267,0.45176109875146864,0.4556189848984516,2.7,5
255.805,-0.0008759824077202438,-0.021763882365094744,0.021781504098209503,2.7,5
256.734,1.6009074976393691,-1.854819908815017,2.4501554461165305,2.7,5
256.858,-0.0870658785718561,0.08524517437136403,0.12184911556959882,2.7,5
257.644,-0.22034040874320482,-0.1969431369212007,0.29552748587142513,2.7,5
257.764,-0.04271243225075949,0.08526313112352568,0.0953632706956051,2.7,5
258.706,-0.02510176670763542,-1.3580956524099612,1.3583276113613691,2.7,5
258.828,-0.01561292268713288,0.10175668781365133,0.10294749569386953,2.7,5
259.656,1.5723050136074335,-0.1631014552524679,1.5807419588663245,2.7,5
259.845,-0.15315319747071499,0.09941933267967507,0.18259273152558872,2.69,5
260.677,-1.7883599834631099,-0.7346663537967215,1.9333820320498338,2.69,5
260.799,0.0864571357853876,0.11146427675397153,0.14106424536536147,2.69,5
261.764,3.4120576431039282,-0.24667142061428926,3.4209624595443615,2.69,5
262.685,-0.48014875738596885,0.11457450706101202,0.49362956443831835,2.69,5
262.808,-0.19676356739051215,0.03757854789855575,0.2003198660003662,2.69,5
263.645,-0.18589073533370026,-1.090250885722118,1.1059847916227268,2.69,5
263.765,-0.04347844812080126,0.21585105304855468,0.22018640410607365,2.69,5
264.7,0.0179462591825299,1.3131019703026663,1.313224600984687,2.69,5
264.902,-0.00750493353196191,-0.056933980939612994,0.057426493998427086,2.69,5
265.73,0.06616191890201151,-0.22652194733003395,0.2359864236242988,2.69,5
265.889,0.03812142697674403,-0.10868243254568632,0.11517427811274046,2.69,5
266.729,0.10297096345348677,1.0934542835253094,1.0982919873487136,2.69,5
266.853,-0.001574476247633072,-0.2573644056722557,0.25736922170781756,2.69,5
267.72,0.07724520965054182,-0.4760375971427244,0.4822640524726832,2.69,5
267.843,0.038482972834607665,-0.19989227597295933,0.2035629170350997,2.69,5
268.669,0.10098263641108929,-0.6945342688734595,0.7018371203463986,2.69,5
268.792,-0.0015141851620157354,0.06039460506838168,0.06041358355594098,2.69,5
269.63,0.07206802804912371,-0.8433446800443098,0.8464183658368529,2.69,5
269.839,0.005919531690366853,0.1363236191463777,0.1364520794733444,2.69,5
270.708,1.6073505775771295,-1.3471565760990165,2.09723787867861,2.69,5
270.832,-0.15337627562089295,0.1908624031497741,0.24485248387435857,2.69,5
271.775,-0.30057692650009926,1.828299858750725,1.8528429135391287,2.68,5
272.733,2.2160528204211616,-0.7076022027059636,2.326282652682368,2.68,5
272.858,-0.20729984605771534,0.013962779868412767,0.20776954877268763,2.68,5
273.693,-0.4512738316676206,-1.5366258866764007,1.6015202736000598,2.68,5
273.821,-0.08337125314510985,0.14888834398067363,0.1706414510729834,2.68,5
274.695,-0.09303902609414649,0.7009993322680437,0.7071466073006293,2.68,5
274.822,-0.027394506851955214,0.032714001589288166,0.042669250118156164,2.68,5
275.703,0.027239312400261895,-1.771441459804433,1.771650875780581,2.68,5
275.828,-0.005139976740323959,0.1174552930872399,0.11756770489849878,2.68,5
276.668,1.582299740492104,1.9834670012029467,2.5372847324694145,2.68,5
276.795,-0.12591639701401647,-0.08139163278328443,0.14993177423121637,2.68,5
277.747,-0.273828046993124,0.06988852590851913,0.2826060957830427,2.68,5
278.718,1.4603582136239126,-1.1404272198046463,1.8528951281090305,2.68,5
278.831,-0.12853407655729399,0.0190688620424595,0.12994087246140326,2.68,5
279.625,-1.803738390838646,0.47108184866568337,1.8642398694179527,2.68,5
279.843,0.1560729635625151,-0.046798463818388925,0.1629382280833667,2.68,5
280.665,0.3232049132706365,-0.5666308295093341,0.6523280715351101,2.68,5
280.778,0.046458491325687135,0.027245176712376917,0.053858064116226755,2.68,5
281.645,3.204802855199958,-0.42685608147083975,3.2331049248340893,2.68,5
281.854,-0.24621468315618245,0.04385731469480403,0.25009025221695147,2.68,5
282.679,-0.5138755427696537,0.022101342441285254,0.514350602988383,2.68,5
282.793,-0.21380909239257306,0.003090674531488702,0.2138314295392411,2.68,5
283.7,1.292455413246067,0.36064824672758,1.3418301506139811,2.68,5
283.814,-0.2905131759898225,-0.05910968015313056,0.29646561303378677,2.67,5
284.739,-1.9887665497322544,0.224175043817338,2.0013612466529977,2.67,5
285.722,0.29928572215523985,0.8137744710161829,0.8670644919287445,2.67,5
285.839,0.04075802341715473,-0.11272523535846624,0.11986740657699632,2.67,5
286.712,0.09009017233638161,-0.3406255944869585,0.3523379553371916,2.67,5
286.827,0.03743431967313171,-0.1455023331815477,0.15024066443764264,2.67,5
287.627,0.047885869129537184,0.20699670078614218,0.21246338648962282,2.67,5
287.846,0.008381874620241092,-0.12143584094212656,0.12172476858663936,2.67,5
288.719,1.5417213089510895,0.18383989315622262,1.552643455784216,2.67,5
288.833,-0.1700871995439499,-0.07407259085590301,0.18551658730369489,2.67,5
289.658,-0.34615225151108575,0.6332005450617668,0.7216400151687214,2.67,5
289.771,-0.05618446364801599,-0.10286450830836902,0.11720836584876418,2.67,5
290.662,-0.09407633378953761,0.09869629593511853,0.13634997400290544,2.67,5
290.777,-0.02155872363211131,-0.07353869122591661,0.07663365887041058,2.67,5
291.725,-0.0037925954536746076,-0.6832562812401015,0.683266807063191,2.67,5
291.944,-0.0034172991787997375,-0.023518024273268878,0.02376500366916634,2.67,5
292.665,1.5528869308286701,-0.4694038240757523,1.6222816555689172,2.67,5
292.781,-0.22804730643347426,0.06430278634156306,0.2369397018290764,2.67,5
293.675,-0.43370138677869363,-0.36797502452363773,0.5687728119090555,2.67,5
293.791,-0.08751070029527597,0.04864928467341212,0.10012430057385821,2.67,5
294.643,1.4283381495712746,-0.8038808706745657,1.6390162670813218,2.67,5
294.758,-0.13636507082271976,0.08234441258731451,0.15929857132076,2.67,5
295.685,-0.33997327131861255,-0.9136424045811742,0.9748457666010295,2.67,5
295.801,-0.07206830452093982,0.09297636759880756,0.11763692213073032,2.66,5
296.645,2.2269175401540195,-0.22947586113590734,2.2387096510020443,2.66,5
296.76,-0.19339407332203962,0.07594551161973939,0.2077714810345116,2.66,5
297.65,-0.5024848276956462,-0.32561056053374493,0.5987597508144838,2.66,5
297.764,-0.09829625783066831,0.05537211034300071,0.11281943497177543,2.66,5
298.738,-0.11837575865219918,0.904654638769824,0.9123666125435785,2.66,5
299.677,-0.035085590967376845,-1.051620257361244,1.0522053812759462,2.66,5
299.794,-0.008575278322645374,0.048815358960501154,0.04956283556005863,2.66,5
300.687,-0.012605169662109006,0.05307866658559979,0.054554881987919475,2.66,5
300.803,-0.002784858349997421,0.015200631189159708,0.015453628201118508,2.66,5
301.647,1.5388268514154646,0.802376064796408,1.735452513898148,2.66,5
301.763,-0.24920171258197854,-0.12773874801227603,0.28003335747288177,2.66,5
302.641,-0.41846747468174783,-0.7291320582077869,0.8406834039475519,2.66,5
302.756,-0.07516248752494903,0.006094216375432282,0.07540914403551273,2.66,5
303.659,-0.09664108075480726,-0.4636502612001756,0.4736148891245378,2.66,5
303.776,-0.023255279413092467,0.03370144114087825,0.040946247148585954,2.66,5
304.677,0.0015291910144412668,1.3017981942989252,1.3017990924505596,2.66,5
304.796,-0.006772076090143742,-0.07231874947209782,0.07263513295767239,2.66,5
305.7,1.551348879967648,0.2970187518598557,1.5795263487302966,2.66,5
305.82,-0.09885946611647967,-0.08807304253656056,0.1324011135243288,2.66,5
306.68,-0.2889269512745898,-0.2913050870530549,0.41028945503853387,2.66,5
306.798,-0.11975289671605083,-0.12885781124450446,0.1759121706722121,2.66,5
307.737,-0.11788806152500797,-1.2865382934535559,1.2919281619240723,2.65,5
308.702,-0.013418838789917231,0.24403753862788324,0.24440618955751794,2.65,5
308.822,0.00031167263287557034,0.08302262064260635,0.08302320566080432,2.65,5
309.731,3.0995311804342833,-0.8478216112595609,3.2133930701056634,2.65,5
309.85,-0.5402386845049563,0.17115990429483574,0.566704110690811,2.65,5
310.717,-0.786233757885114,-0.6793576814507363,1.0390815085373564,2.65,5
310.839,-0.14363934248871146,0.13834339013617436,0.19942706512647448,2.65,5
311.632,-0.166554083866302,-0.6646070068614383,0.6851589132616338,2.65,5
311.749,-0.03631714460904334,0.13100288038512442,0.1359437003386085,2.65,5
312.734,-1.5514554626919193,-0.42960593764002897,1.6098370459062512,2.65,5
312.855,0.04464309962749269,0.07658872319851939,0.08865009230412374,2.65,5
313.714,1.8508074120373266,-0.2966537950031487,1.8744309938064074,2.65,5
313.837,-0.09339212302937483,0.07123144016026028,0.11745640344927401,2.65,5
314.643,-0.24743656937289416,-0.34405812901647037,0.4237934072226009,2.65,5
314.761,-0.04012728037584168,0.06734362738918764,0.07839236429841336,2.65,5
315.764,1.4612127089440463,0.06784723624936839,1.4627870071361297,2.65,5
316.736,-0.33254704347520203,-0.024102378784140455,0.33341934674993307,2.65,5
316.86,-0.13192059777884424,-0.01865291324191809,0.13323278609538317,2.65,5
317.685,1.400893335788993,-0.0890523760153985,1.4037209352047153,2.65,5
317.807,-0.319459690356652,0.004415587188772219,0.319490205128404,2.65,5
318.676,-0.4613497431772089,-0.5052981998447341,0.6842293886526692,2.65,5
318.797,-0.08627577768304207,0.0467085419139906,0.09810809193203543,2.65,5
319.736,-0.11103596023131956,0.016550430549914785,0.1122626439020511,2.65,5
319.86,-0.04167388591376664,-0.0008142044947331839,0.04168183892431908,2.64,5
320.655,-0.019482376477995444,-0.9115477710698268,0.9117559442831177,2.64,5
320.775,-0.007650851759578359,0.17668280157577976,0.1768483754669898,2.64,5
321.708,0.014348149145163802,0.19241808564357943,0.19295229738624967,2.64,5
321.83,0.009057128469237341,0.06820257359972082,0.0688013271800305,2.64,5
322.697,3.846315485125686,0.8448968549172204,3.938018982504611,2.64,5
322.819,-0.7055708779389249,-0.1384112740433674,0.719018737292578,2.64,5
323.728,-1.1356203771710938,-0.3227454520572848,1.1805923377143688,2.64,5
323.851,-0.4490925408913853,-0.1359096054046739,0.4692073434266931,2.64,5
324.689,-0.43608187145595423,-0.2027186907243177,0.4808973551408959,2.64,5
324.847,-0.16930654987577043,-0.09055672507345913,0.19200319863707166,2.64,5
325.712,-0.1309801008246012,-0.15263270295187736,0.20112814030467924,2.64,5
325.838,-0.04594994339728942,-0.06438626097970518,0.07910112452526075,2.64,5
326.678,-0.014724419634390529,-0.126202498423598,0.12705856579517918,2.64,5
326.802,-0.0019354455687476957,-0.054321929718177564,0.054356397947768836,2.64,5
327.636,0.024743408026409952,-0.11776009951025823,0.120331530686796,2.64,5
327.756,0.013007133605327681,-0.05082044621750842,0.05245858631695588,2.64,5
328.667,0.0513956403703304,0.29961056834918076,0.30398684924778485,2.64,5
328.793,-0.007565315134925754,-0.09364125321582739,0.09394635861448511,2.64,5
329.677,1.5622653968105027,0.6341416643925437,1.686063112872713,2.64,5
329.8,-0.21161429000542853,-0.13451313431656597,0.25074766407320354,2.64,5
330.688,-0.35017787366656705,-0.33415997022884514,0.48403246679223993,2.64,5
338.875,0.3849653990275357,-15.766205029341297,15.770904203173489,1.76,5
339.725,0.06119544682977107,0.3625927760464105,0.36772055144326343,1.76,5
339.85,-0.010065670670371674,-0.002701708630404198,0.010421945862840636,1.76,6
340.695,0.04846606361763861,-0.560018501735966,0.5621118052569125,1.76,6
340.892,0.0007403642468375438,0.18371416730388468,0.18371565912403257,1.76,5
341.745,0.06717754179504709,0.30086634737999773,0.3082748466991862,1.76,5
342.666,0.11682551732955915,-0.2892305046363628,0.3119334645585885,1.76,5
342.793,-0.005995448991157559,0.1560856355891609,0.1562007395817251,1.76,5
343.697,0.0656495397788035,0.13605344959687926,0.15106423541122918,1.76,5
343.825,0.031663083471244136,0.04307855515309633,0.05346319078567361,1.76,6
344.684,0.08820408613158293,-0.027453879033028983,0.09237789932807461,1.76,6
344.811,0.03803465840682918,-0.018066537798192783,0.042107422482713305,1.76,6
345.67,0.09597184437140527,-0.7232841980798703,0.7296236194806816,1.76,6
345.797,-0.015059020816210023,0.24238276963726157,0.2428501207019936,1.76,5
346.769,0.07374519656757172,-0.6280677629920195,0.6323823755660727,1.76,6
347.64,0.04619354449420143,-0.4820333050881551,0.484241624364478,1.76,6
347.765,-0.011644534824370112,0.217501982231056,0.21781346943133376,1.76,6
348.685,1.597085265827232,0.30068074501088304,1.62514314961567,1.76,6
348.813,-0.17019825725171245,0.06528979470919438,0.18229153591071867,1.76,6
349.681,-0.39912911357080816,0.006233004361401839,0.3991777794957885,1.76,6
349.809,-0.15689378330628756,-0.0057705636948242045,0.1569998682977675,1.36,6
350.671,-0.10282594578546878,-0.9242443458364207,0.9299466575762663,1.36,6
350.796,-0.030845312484927945,0.3071962944742772,0.30874098633161695,1.36,6
351.671,0.03489448874945822,0.35400566340620543,0.3557212884671842,1.36,6
351.799,0.020715874471576967,0.12436634667057689,0.12607987801115705,1.36,6
352.711,0.09034755461560451,-0.37232796557029957,0.38313286803762714,1.36,6
352.84,-0.013757514942057014,0.15109125820910663,0.15171630606033043,1.36,6
353.709,0.05945488268274346,0.15721051050597623,0.1680774455076244,1.36,6
353.841,0.030689472314222144,0.051500600090232496,0.059951276221440544,1.36,6
354.662,0.09345450252848764,-0.014090704672092613,0.09451080362055565,1.36,6
354.789,0.040060936191693486,-0.0128742620623008,0.04207879789399567,1.36,6
355.662,0.10601983377117108,-0.7186583029146867,0.7264364813946808,1.36,6
355.828,-0.018414425435210546,0.2758650671938163,0.2764789799640431,1.36,6
356.749,0.06779531621174328,-0.5881483313932137,0.592042789518521,1.36,6
357.632,0.04419222493569919,0.02750820413268329,0.05205433737329491,1.36,6
357.76,-0.01207825204780022,0.15994249702960062,0.1603979006364921,1.36,6
358.632,1.5902699839689802,-0.24153634263714352,1.6085081369788679,1.36,6
358.759,-0.23052978941269942,0.10544099458530809,0.25349908707094493,1.36,6
359.701,-2.0582180127784113,-0.28341099011989,2.0776388467311273,1.36,6
359.835,0.10944204289512527,0.09355504779918178,0.1439795392469556,1.36,6
360.743,3.5807238167081437,-0.29813456511186587,3.5931138682840786,1.36,6
361.793,-1.3114419466562879,-0.4416966892676477,1.3838265587708722,1.36,6
362.721,-0.30217883844539983,-0.17148817502755165,0.3474481897758157,1.36,6
362.852,-0.08927842908143191,0.11117610988512183,0.1425859926796351,1.36,6
363.735,0.010362194930991109,-0.27757169289808914,0.2777650442048081,1.36,6
363.866,-0.017273442117939908,0.09857490731584306,0.1000768912133509,1.36,6
364.718,1.5651444684116456,-0.291741521600688,1.5921024849002205,1.36,6
364.849,-0.22897659703778572,0.09423279423065978,0.24760876700860648,1.36,6
365.654,-0.5402148414907941,-0.28519443358722896,0.610874733407811,1.36,6
365.784,-0.07286827674582241,0.10464913412796761,0.12751951626962488,1.36,6
366.687,-0.08277686795227623,-0.6941943109711204,0.699112116368081,1.36,6
366.818,-0.024266319141645454,0.1604885425288316,0.1623127429615826,1.36,6
367.634,0.018696705327215568,-0.14162401294152005,0.14285281877426348,1.36,6
367.764,-0.005879197849083084,0.12297564915204617,0.12311610476178905,1.36,6
368.664,0.045502226182719596,-0.4532481109284241,0.4555264017022157,1.36,6
368.794,-0.005177235369259847,0.1351680918368494,0.1352672052527281,1.36,6
369.723,0.05367252154810842,-0.20044544345824278,0.2075069043971881,1.36,6
369.896,-0.003509450526451019,0.11585045107201353,0.11590359466637179,1.36,6
370.675,0.05001404012035948,-0.2919349838694387,0.2961881817628961,1.36,6
370.808,-0.006401608159961825,0.11930037888793166,0.1194720092316093,1.36,6
371.698,0.06039905746544605,-0.6866772308114975,0.6893284162557503,1.36,6
371.831,-0.0049801173951777855,0.16941574098173007,0.16948892253377035,1.36,6
372.748,0.06759346952327405,-0.1291201518123799,0.1457425494707905,1.36,6
373.653,0.05339826868797104,0.22765069765063473,0.23382945759611523,1.36,6
373.785,0.028473749193963727,0.07892274380788322,0.08390204933924748,1.36,6
374.72,-1.4221004812062148,-1.058030390018196,1.7725118010464707,1.36,6
374.853,0.41019175957988807,0.3228363390441906,0.5219967255018946,1.36,6
375.686,2.250918968509268,-0.432882665545538,2.2921657018908204,1.36,6
375.82,-0.24739675403178296,0.24364584779453224,0.34722968342723654,1.36,6
376.716,-0.47352237443733713,-0.4631896723061999,0.6623957364173614,1.36,6
376.849,-0.07969621070570554,0.20295946746675142,0.21804593881848738,1.36,6
377.636,-0.03574740846217139,-0.5261551447226793,0.5273681005994816,1.36,6
377.767,-0.02005218854043278,0.2112425934280715,0.21219218539682036,1.36,6
378.751,-1.4705236065337317,-0.6696526273590173,1.6158200143276502,1.36,6
379.695,0.6839645473394569,-0.3357665651764208,0.7619361445079501,1.36,6
379.829,0.07363919794701701,0.22109430052672963,0.23303523596161116,1.36,6
380.79,-2.8783769919333224,-0.4991355752277684,2.9213336731960418,1.36,6
381.712,1.3637170763735895,-0.43308426822450485,1.4308341091043661,1.36,6
381.846,0.16694999672319,0.2043883030098783,0.2639069529457892,1.36,6
382.695,0.272532393601324,0.31486410971513834,0.4164292414669912,1.36,6
382.833,0.11114617463648813,0.11934783410303851,0.16308702474878595,1.36,6
383.741,0.14239359571736543,-1.0032550304104717,1.0133097217264013,1.36,6
384.668,0.04993501072642914,0.24467379860494987,0.2497173862990404,1.36,6
384.803,-0.0019518359961381293,0.20150781563404507,0.2015172683056222,1.36,6
385.723,0.048076852275087845,-0.21670904731203677,0.22197791536900965,1.36,6
385.859,-0.0031995114613181386,0.11391894620440723,0.11396386786132584,1.36,6
386.715,0.03536450310035377,-0.2878549012181111,0.29001912391224033,1.36,6
386.851,-0.0049100521964078325,0.1007786748132844,0.10089821559221537,1.36,6
387.648,0.03631063861958239,-0.7111327277600239,0.7120591400778268,1.36,6
387.782,-0.005579467243009617,0.18474463593581447,0.1848288693948336,1.36,6
388.745,0.03927847439585719,-0.07856955715120506,0.08784061624216036,1.36,6
389.72,0.034077080659315584,-0.8239408232889289,0.8246452132331209,1.36,6
389.856,-0.004518390597326061,0.20207072205522536,0.20212123234709942,1.36,6
390.649,0.037518738408977015,-0.08498750514320363,0.09290065533820153,1.36,6
390.783,-0.002196191541301573,0.1334739104231133,0.13349197736539584,1.36,6
391.7,0.039493123140218245,0.2005075618731027,0.2043599499502399,1.36,6
391.914,0.02413740973088352,0.07113554551720114,0.0751191079855608,1.36,6
392.79,1.580065885331308,-0.8561810995874168,1.7971238903532858,1.36,6
393.638,-2.4911245750661237,0.10141880380682267,2.493188204340776,1.36,6
393.773,0.17148710100194364,0.1825618947221912,0.25047289516953175,1.36,6
394.693,0.5242588308457812,0.20919724239151805,0.5644562055146537,1.36,6
394.881,0.22052260148103642,0.0711495074541233,0.231716357158765,1.36,6
395.691,0.22638971612627756,-0.0030467927548301077,0.2264102173353213,1.36,6
395.828,0.0813626653366839,-0.010121960512897488,0.08198986153978967,1.36,6
396.754,0.1035962606311216,-1.1479119652330922,1.152577140647016,1.36,6
397.631,0.02541337946176725,0.27562695424700223,0.2767960580701012,1.36,6
397.766,-0.008599786640374418,0.22406734249927496,0.22423231324888782,1.36,6
398.739,0.0421986502539653,0.22160149570288468,0.2255835742712933,1.36,6
398.877,0.019685646976114413,0.07171496942706312,0.07436774527167542,1.36,6
399.681,0.05425821815933318,-1.2802575289883293,1.281406763978218,1.36,6
399.818,-0.007062571402414619,0.48763171378695347,0.48768285617357465,1.36,6
400.679,0.03470763861834314,0.18965383905086242,0.1928035239439153,1.36,6
400.818,-0.0049359986611392515,0.18410703997329136,0.18417319634113394,1.58,5
401.631,-1.4871426529089575,-0.20117747363708816,1.5006883907061097,1.58,5
401.767,0.19361599034638743,0.10664340133617856,0.22104290707091606,1.36,6
402.694,0.5958643221888025,0.1435883915773033,0.6129208078155595,1.36,6
402.961,0.26590117473752173,0.04394836203383079,0.2695086144305052,1.36,6
403.682,0.22705730677003544,-1.0808428591999402,1.1044348359415161,1.36,6
403.82,0.008632766127234959,0.5104875938889606,0.5105605822677147,1.36,6
404.631,0.04273549429126433,0.5978591141535077,0.5993845533951768,1.36,6
404.767,0.020050130967064206,0.22411154591476645,0.22500665048860866,1.36,6
405.703,0.04271374788324067,-0.6898714327498325,0.6911924898192542,1.36,6
405.842,0.0007630947801544608,0.29650383964772686,0.29650482161254715,1.36,6
406.716,0.021733449848852615,-0.5333678847563803,0.5338104938382422,1.36,6
406.832,-0.005113053842848103,0.166680824039247,0.16675922889604125,1.36,6
407.754,0.024156913017890247,-0.4675560764286857,0.46817971020959553,1.36,6
408.653,0.01587320237318579,-0.6214948148833486,0.6216974855027707,1.36,6
408.818,-0.005054321046941368,0.26603757723174937,0.2660855852175848,1.36,6
409.717,0.019170108010243325,-0.44247659484275204,0.44289166849779565,1.36,6
409.835,-0.002643154027268224,0.20349627937865478,0.20351344423444703,1.36,6
410.728,0.02011110454047582,-0.5057153547843285,0.5061150823582292,1.36,6
410.845,-0.00016403090441485801,0.18694139797933218,0.18694146994341482,1.36,6
411.708,0.026903263086893503,-0.10252670649976636,0.10599769389195145,1.36,6
411.859,-0.0003027592697719683,0.13031748826840328,0.13031783995969567,1.36,6
412.755,-1.5003058067205188,-0.8914203904626916,1.745149800507671,1.36,6
413.655,0.6961678763962453,0.05778535383055328,0.698561993844054,1.36,6
413.77,0.08444771007978602,0.14186721349405218,0.1650991278059535,1.36,6
414.679,0.1623574733131079,-0.22846079706084765,0.28027537339961633,1.36,6
414.797,0.019825914453619475,0.1026798941069913,0.10457641960664547,1.59,5
415.702,0.05525561499311493,-1.5576864449877021,1.5586661746142736,1.59,5
415.82,0.004348823660180301,0.171433474117471,0.171488624448425,1.59,5
416.731,0.04344684066826687,0.4886409181146121,0.49056862396605105,1.59,5
416.85,0.020377454472608747,0.1914392368752118,0.192520705551758,1.59,5
417.649,0.05179662183202538,-0.9221829047089187,0.9236364001979288,1.59,5
417.767,-0.00577384079423382,0.39430548024506606,0.3943477513424026,1.59,5
418.731,1.5688822271299756,-0.3576372525041194,1.6091289093739531,1.59,5
418.85,-0.23402108722658,0.22549974948375962,0.3249861632192191,1.59,5
419.652,-0.4560829322263231,-0.12278598141558916,0.472321964660072,1.59,5
419.769,-0.05963862261775432,0.12970165709893422,0.14275603371469953,1.59,5
420.766,1.438266432621134,-0.6718691485919095,1.5874566085516606,1.59,5
421.682,-2.069803892243698,0.31276424773945877,2.093301131469429,1.59,5
421.803,0.13102757392087483,0.06384434728962418,0.14575433375522137,1.59,5
422.824,0.44171327156449536,-0.4274919941749573,0.6147031961523313,1.59,5
423.675,1.6664647852701933,-0.9600644756868348,1.9232339114162553,1.59,5
423.795,-0.21240176424397816,0.1899882722202335,0.28497377604822527,1.59,5
424.653,-0.503942829034898,-0.49465429115276294,0.7061453410534823,1.59,5
424.772,-0.07304635207488275,0.17617322224419496,0.19071647487133941,1.59,6
425.742,-0.0917857465166918,-0.5134817424654727,0.5216206697486253,1.59,6
426.674,-0.02188287004224776,-1.1148156189505727,1.1150303692085854,1.59,6
426.794,-0.011737413583404077,0.26940378795213604,0.2696593551883327,1.59,6
427.734,0.005749536522117182,0.0844052809819118,0.08460087841065624,1.59,6
427.855,-0.000854621524894128,0.14385543311303906,0.1438579716737688,1.59,5
428.654,0.012739327985812565,-0.6744395324837811,0.6745598368228509,1.59,5
428.81,0.004607009118430483,0.18822266628221485,0.18827903928850742,1.59,5
429.634,0.009494599309334717,-0.9784105877731548,0.9784566549840903,1.59,5
429.753,0.00251935421511007,0.2562215654302804,0.2562339511797854,1.36,6
430.741,0.007463455310571021,-0.559061164796546,0.5591109810662314,1.36,6
430.862,-0.0025177664610396278,0.24404006255443278,0.24405305013362116,1.36,6
431.68,-0.008856271318265385,-0.450650458181201,0.45073747237232126,1.36,6
431.801,0.0006884073953585812,0.21515135736029833,0.2151524586862088,1.36,6
432.844,-0.019371825539366228,-0.02590223606576103,0.03234491394228856,1.36,6
433.665,-0.011297766645284923,0.21601619095150681,0.21631142892683494,1.36,6
433.788,-0.004922195216209957,0.07453174027438081,0.07469409825464284,1.36,6
434.723,-0.0040567470865795485,-0.8478715033395474,0.8478812082905179,1.36,6
434.845,-0.006247957873483756,0.2715387375023397,0.27161060903792655,1.44,6
435.845,0.004460788606962751,-0.2837860254935123,0.2838210825509628,1.44,6
436.689,0.01296348635740685,0.3023936782499703,0.30267142023006605,1.44,6
436.813,0.006023326872039547,0.10745157176776843,0.10762026176316114,1.44,6
437.68,0.023917178217544688,-1.2317417155271926,1.2319738979311863,1.44,6
437.804,-0.002767210244769558,0.3837932224533631,0.3838031983369542,1.44,6
438.676,0.026804292766186677,-0.3192013908585096,0.32032483206380125,1.44,6
438.8,-0.0035909601976555905,0.2401495794194375,0.24017642575921946,1.44,6
439.646,0.026813944359460606,-0.48279983005150484,0.48354385893099106,1.44,6
439.767,-0.005124752359250806,0.20020615221572768,0.20027173158429218,1.44,6
440.791,0.03073528968526773,-0.27190939972405204,0.27364096858901016,1.44,6
441.637,0.02510188135777014,-0.5593262284729548,0.5598892161003635,1.44,6
441.758,-0.0020614041328030908,0.19952138748705295,0.19953203615399073,1.44,6
442.639,0.029269941461421922,-0.10493351926822925,0.10893930851245066,1.44,6
442.874,0.00209900706069277,0.14244811304983784,0.14246357689634295,1.44,6
443.694,0.006445543917678265,-0.7034134742810068,0.7034430046823064,1.44,6
443.819,-0.0006127632780703607,0.2055739625192956,0.20557487576238423,1.44,6
444.658,8.371705757781456e-05,-0.08604888722256021,0.08604892794675954,1.44,6
444.781,-0.0014564059036956678,0.13099803014520717,0.13100612588761232,1.44,6
445.631,0.002459111251269519,-0.45835664163877254,0.45836323823199465,1.44,6
445.753,-0.0010175306108948234,0.13883551299791463,0.13883924170758868,1.44,6
446.724,0.005800192867241094,-0.6204700775511895,0.6204971872407452,1.44,6
446.849,0.0005183140771123362,0.15512248008090523,0.15512334600547195,1.44,7
447.692,-0.00038744532342605,-0.5723582273170535,0.5723583584533369,1.44,7
447.821,-0.002593836378267156,0.19493400156203222,0.19495125788807724,1.44,7
448.715,-0.004607675870886396,-0.5162956495613571,0.5163162097328678,1.44,7
448.841,-0.0018274763387182702,0.18289797979717548,0.18290710943989189,1.45,6
449.689,0.000914541071210806,-0.10858092661118235,0.10858477798068152,1.45,6
449.815,0.00016181857094466068,0.12430974603485367,0.12430985135740337,1.45,6
450.666,0.005776351626110454,-0.8898650469168814,0.8898837946397787,1.45,6
450.827,-0.0007707235390483902,0.21975659163172168,0.21975794315647598,1.45,6
451.716,0.006111732100592349,-0.4778235818400134,0.47786266712486486,1.45,6
451.842,-0.0030335652250386147,0.2007899038248553,0.20081281830592687,1.45,6
452.695,0.007999460866201957,-0.5174692588289247,0.5175310862229501,1.45,6
452.934,0.000999364193916108,0.24330126415958375,0.2433033166038713,1.45,6
453.692,0.020977372780677683,-0.1323719972287165,0.13402386287187384,1.45,6
453.818,-0.0025078096287955987,0.14227589863664036,0.14229799872801388,1.45,6
454.68,0.02618962858032603,-0.43198231711393476,0.4327754832985569,1.45,6
454.806,-0.004959360993453288,0.1455629634098159,0.1456474221471523,1.45,7
455.697,0.020819914159446284,-0.19416138387920512,0.19527445254178735,1.45,7
455.824,-0.0028278613905285965,0.11131348997389523,0.11134940435499652,1.45,7
456.719,1.5482106684719952,-0.7032932177271363,1.7004639437728433,1.45,7
456.847,-0.2247649457018781,0.1620139056680614,0.2770700027902474,1.45,7
457.709,-2.0579102043838873,-0.5666818731211407,2.134507614095442,1.45,7
457.836,0.16715294985480966,0.186408111522951,0.2503759027676534,1.18,7
458.778,0.48729740684846945,-0.09803802318597832,0.4970615824135448,1.45,7
459.687,0.14362991972342343,-0.19852329055238727,0.24503275440541541,1.45,7
459.815,0.026178881355008343,0.11314976253889597,0.11613872132759233,1.45,7
460.68,0.042425260074622884,-1.3518619709959268,1.3525275196155497,1.45,7
460.808,0.0051644734755598165,0.2555531819594279,0.2556053610468063,1.18,7
461.721,0.02553136924406374,-0.3214110556295111,0.32242350642649087,1.18,7
461.849,-0.005447768835438183,0.2529597119388427,0.25301836701999847,1.18,7
462.711,0.0195620603457769,-0.4518673783450424,0.45229061654802605,1.18,7
462.954,-0.0009346008089892166,0.2836669502411979,0.28366848985711196,1.45,7
463.651,0.02251293799764653,-0.30811985449203405,0.3089412195053909,1.45,7
463.778,-0.0004717263889943979,0.18760654870204974,0.18760714176619353,1.45,7
464.652,0.021533014943358353,-0.5264375801214527,0.5268777813655476,1.45,7
464.779,-0.004308761453074794,0.18165824747730142,0.18170934016110452,1.45,7
465.65,0.01875757680534207,-0.08613656160807182,0.08815528307066717,1.45,7
465.777,-0.002676951979850628,0.12857805160305702,0.12860591520587542,1.45,7
466.712,0.02440531400752377,-0.2478362001371437,0.24903494021968922,1.45,7
466.842,-0.00021613891625804627,0.0984905050522542,0.09849074221204362,1.45,7
467.712,0.02712443567004641,-0.7225019170768263,0.7230108956233701,1.45,7
467.841,-0.0035740699488258088,0.16716789501704454,0.16720609767717423,1.45,7
468.751,0.023851315398871975,-0.7696395114123504,0.770009001748225,1.45,7
469.694,0.019298269275921598,0.0808916878867052,0.08316182036371082,1.45,7
469.824,0.0016691880022676742,0.15333108442378318,0.1533401696854423,1.45,7
470.704,0.027856873807735383,-0.6690465254603168,0.6696262081556116,1.45,7
470.834,-0.004763726671157542,0.17016898932030244,0.1702356543679693,1.45,7
471.722,0.019401641200616382,0.2935419390132097,0.2941824155875269,1.45,7
471.928,0.012071220809190208,0.11330116817850922,0.11394239370155015,1.45,7
472.684,0.02720519897602003,-0.8066909044250252,0.8071495141133332,1.45,7
472.814,-0.0044032503643904874,0.3558769672109179,0.3559042067818421,1.45,7
473.664,0.013420209394809035,-0.026642048821656772,0.029831204897155322,1.45,7
473.793,0.0021523562330258983,0.15361620553166233,0.1536312834005489,1.45,6
474.735,0.015690587609554996,-0.8622402790605577,0.8623830317057273,1.45,6
474.867,0.0031106157165226023,0.1940028537167109,0.1940277897115859,1.45,7
475.634,0.001000161095362273,-0.08324727088098882,0.08325327880239557,1.45,7
475.763,-0.0046161677625349284,0.13384543184950815,0.13392501122566014,1.45,7
476.664,0.000673304950581155,-0.6445171415346493,0.644517493223847,1.45,7
476.793,-0.0026239017587528224,0.16111677723469597,0.16113814187502049,1.45,7
477.645,1.5241287281211982,-0.5652505618412533,1.625569616333362,1.45,7
477.814,-0.2568536404070727,0.19703250330063327,0.32372148514931764,1.45,6
478.717,-2.1277469398898745,0.33029754506053166,2.1532309463881805,1.45,6
478.849,0.15956783266254604,0.06270208533220512,0.17144516536090898,1.45,6
479.747,0.45287120277770043,-1.0574708024904425,1.1503637791694858,1.45,6
479.877,0.058894798029939466,0.1814975059522368,0.19081389336699148,1.45,7
480.703,0.07612024733879252,0.32468096795861356,0.3334846668281185,1.45,7
480.835,0.028250137879439308,0.12626534539440115,0.12938704625183603,1.45,7
481.727,0.017125091609941023,-0.350171950614552,0.35059045018347135,1.45,7
481.86,0.009289631911698848,0.15955373995674904,0.159823944373929,1.45,7
482.649,1.5216437242252283,-0.7053499816433799,1.677175667626483,1.45,7
482.818,-0.3360912454880207,0.22233020281393578,0.40297399962897706,1.45,7
483.749,-0.6773426203504016,-0.08403841776360821,0.6825360657162074,1.45,7
484.654,-0.16691277184524722,-0.6019785319701185,0.6246903443770863,1.45,7
484.783,-0.038260050260348066,0.1916853134062535,0.19546634191486265,1.45,7
485.742,-1.5451984665356946,-0.3327385641972711,1.580617997204993,1.45,7
486.751,0.6557628098051111,-0.5354387502891171,0.8465928880132799,1.45,7
487.686,0.16743745885851524,-0.47262509554269627,0.5014078016602252,1.45,7
487.819,0.033348161590637915,0.19799330886111477,0.20078209640116843,1.45,7
488.646,0.03504434535720691,0.2942003023786697,0.2962801445612174,1.45,7
488.776,0.01345039357221367,0.11116930312311979,0.11198002966657733,1.45,7
489.676,0.019719382069467883,-1.8559984973582573,1.8561032504215143,1.45,7
489.81,0.0027595494619561123,0.5727235339094392,0.5727301820289808,1.45,7
490.721,0.010284101761129705,0.39959643075030726,0.3997287457982205,1.45,7
490.936,0.0012268593250439608,0.23197737000602103,0.23198061423040037,1.45,7
491.747,-0.0037452925890448796,-0.1975746934294733,0.19761018875636932,1.45,7
492.656,1.5198335413849406,0.2549427319463291,1.5410677435112798,1.45,7
492.788,-0.22595592193843572,0.06209541503143612,0.23433292390736468,1.45,7
493.802,0.9529249569250311,-0.8729787597232388,1.292345885766847,1.45,7
494.723,-2.277812776350771,-0.552828112316746,2.343938985100616,1.45,7
494.857,0.12530320924633997,0.1802802762388751,0.21954924788802438,1.45,7
495.637,1.9147511621638102,0.29011544099057573,1.936605014479932,1.45,7
495.772,-0.24354025644051092,0.04765975606926531,0.24815984537328292,1.45,7
496.649,-0.5450484169676884,-1.052342727947348,1.1851172912006007,1.45,7
496.782,-0.08000619322423574,0.15913238014898923,0.178112619895717,1.45,7
497.695,-0.11626871428738639,0.3521086198048522,0.3708084331065299,1.45,7
497.831,-0.04603279797551352,0.13273876316264932,0.14049411993177632,1.45,7
498.745,-0.049088038009102775,0.06663334192977288,0.08276253821816455,1.45,7
498.884,-0.01815214525605313,0.013152221590246427,0.02241609489085457,1.45,7
499.746,-0.014486867913959145,-0.06136030308357476,0.06304725320317019,1.18,7
500.679,-0.010899705050476882,-0.5321119029558758,0.5322235252574906,1.18,7
500.815,0.0010582636689662195,0.23171526967128386,0.2317176862495154,1.64,5
501.639,1.5206290503003999,-0.6643267719603472,1.6594103677393217,1.64,5
501.775,-0.18987906495367213,0.154191386688737,0.24459976090887017,1.64,5
502.629,1.0231897210806693,-1.0118117190536111,1.438985809568448,1.64,5
502.764,-0.27764963207616233,0.22283491673999833,0.3560122446076122,2.52,4
503.743,1.5891775934027805,-1.8596769461894667,2.4461978185670175,2.52,4
503.881,-0.04570900549335022,-0.007954551598885473,0.04639599200718152,2.52,4
504.682,-0.5609076765000509,0.43224874303126626,0.7081358608408386,2.52,4
504.899,-0.29654758156723915,0.2165224157390213,0.36718173245797503,1.64,5
505.7,-2.6090959615420672,-0.6903329246210603,2.698877782218193,1.64,5
505.876,1.0083375436678068,0.4017111916931384,1.0854107441432241,1.64,6
506.682,1.0356578962471161,-0.2559982779199572,1.0668281943954172,1.64,6
506.821,0.14980025640630856,0.21635139206846077,0.263150226428473,1.64,6
507.674,0.14754206942079406,-0.5780400143631255,0.5965726447415207,1.64,6
507.813,0.03475319855016323,0.18616874493025648,0.18938475756610923,1.64,6
508.75,-0.018320628960481145,0.31343661868538675,0.3139715900817081,1.64,6
509.692,-0.07110681130173191,-0.29727480641976456,0.3056607419107148,1.64,6
509.833,0.01172507729687311,0.1770754499857361,0.1774632142875491,1.64,6
510.762,-1.5800323431162866,-0.7184671318429423,1.7357123105031451,1.64,7
511.712,2.1680154657843644,0.3799336403324389,2.201054436159282,1.64,7
511.853,-0.10737081362870526,0.0800007584349629,0.13389777059181923,1.64,6
512.663,-0.40186342769106886,-0.8370688634037009,0.9285356733026355,1.64,6
512.8,-0.03729382173274587,0.1600612659727716,0.16434852601785072,1.64,6
513.735,-0.15120362737694393,-0.3802471633776179,0.4092070896119354,1.64,6
513.877,-0.011760932934393509,0.12196565696648065,0.12253138790837445,1.64,6
514.706,-0.06146428409113014,-0.21391361421835597,0.22256884904854674,1.64,6
514.847,0.0013805368772779048,0.11313030045008077,0.11313872352998804,1.64,6
515.712,-0.05931153991120652,-0.6975449889411465,0.7000620475097495,1.64,6
515.853,0.0022521105359203375,0.1646291511135587,0.16464455471784345,1.64,6
516.726,-0.06007817397282622,-0.5722534784100048,0.5753984971654507,1.64,6
516.869,0.00195495929459355,0.18366004483078768,0.1836704492646829,1.64,6
517.691,-1.5790926967834764,0.29623111710020567,1.606638297742634,1.64,6
517.833,0.26846203437834504,0.053380674170995235,0.27371766526388036,1.64,6
518.675,2.0258330395496955,-1.4759793173904683,2.5064944543117567,1.64,6
518.817,-0.16013048444276023,0.2530099301736044,0.2994257784732725,1.64,6
519.72,-0.5011179355827835,0.4851018184390199,0.697454629073171,1.64,6
519.863,-0.2114746719420708,0.18861130045641517,0.28336506406553824,1.64,6
520.732,-0.27381687427634915,-0.7277636766649067,0.7775703503293402,1.64,6
520.875,-0.014620746552566288,0.30237902845492215,0.3027322960622091,1.64,6
521.709,-0.08021066456245762,-5.1836112992299235,5.184231847845319,1.64,6
521.854,0.0016758029503023408,1.2525746896861278,1.2525758107028204,1.28,6
522.752,-0.0538255062828199,1.6855849396509939,1.6864441211925305,2.51,6
523.648,-0.06018108131794975,0.5755652953561707,0.5787030082581511,2.51,6
523.791,-0.0064001509435485104,0.29936327220551107,0.29943167948246746,2.5,7
524.637,-0.06293750451079916,0.2636131452087227,0.2710221758470734,2.5,7
524.778,-0.03468184849052136,0.10124645672510724,0.10702184643384027,1.63,6
525.743,-0.09835372824555577,-0.4188599192390541,0.4302523536306891,2.5,5
526.722,-0.06908108327887419,-0.7383319810129194,0.7415566804051088,2.5,5
526.867,0.0029786546616747955,0.15324878341846215,0.15327772833269757,2.5,5
527.722,-0.062181225816146934,1.0211607977184372,1.0230522370050092,2.5,5
527.87,-0.0013118692238975882,-0.07633198051769341,0.07634325281656615,2.5,6
528.65,-0.04447624425233698,-0.22250874873094517,0.22691028968428123,2.5,6
528.794,-0.025163201811665203,-0.10585255269762683,0.10880234206127393,2.5,6
529.648,-1.5896141387022027,-1.0339234546118803,1.8962781494175667,2.5,6
529.792,0.32469608766001556,0.16968671147748182,0.3663620195841303,2.5,7
535.775,0.5172824860285061,-2.166158203532518,2.2270659022765935,1.64,6
536.756,-0.05560795655931372,-2.0967106162671314,2.0974478904611664,1.64,6
537.671,-1.5255156941418733,1.7479372697066822,2.320017851634511,1.64,6
537.79,0.26520047513710665,0.1303117614490361,0.29548679697221264,1.28,6
538.69,-1.012152355727963,-1.0715214841048066,1.473977843152275,1.28,6
538.809,0.3357683329551975,0.22143795968625568,0.402212808604505,1.64,6
539.689,3.7737885944369793,-0.03885686220408502,3.773988634222814,1.64,6
539.812,-0.04246091162299592,0.11062903631324161,0.11849773285363903,1.28,6
540.642,-0.7145493861637959,0.15853914571619043,0.7319258746563596,1.28,6
540.759,-0.28669421765306424,0.054802233409560586,0.2918850102735297,1.28,6
541.723,-1.924605283922702,-0.009291579203051015,1.924627712662184,1.28,6
542.763,2.463430144168214,-0.035145613038309875,2.463680841609251,2.0,4
543.752,0.10607294439947168,-0.06769057653377786,0.1258311713568965,2.0,5
544.705,-0.07676417426365845,-1.3995580266436605,1.401661659742849,2.0,5
544.826,0.012990436709443998,0.29314462528782315,0.2934323137983278,1.48,5
545.644,-0.03340097408387521,-0.07649751875402444,0.08347152475709321,1.48,5
545.763,0.005016517708043011,0.16137024796552168,0.16144820339158025,1.48,5
546.655,-0.016139016420666508,-0.22833155962135265,0.22890122098876156,1.48,5
546.776,0.004149511787545634,0.10425313019715077,0.10433567752202048,1.48,6
547.718,-1.5344381713034778,0.13909521820883697,1.5407296911793855,1.48,6
547.84,0.18240394710456087,0.03767663181452008,0.18625447244082582,1.48,6
548.701,0.49851589289444576,-1.0899747425054898,1.1985670756233275,1.48,6
548.828,0.06588788860594263,0.1646488273391924,0.1773427478334547,1.48,6
549.689,-1.4078152285451608,-0.10800118552802473,1.4119518312602317,1.48,6
549.811,0.24719272654489544,0.11798408361971724,0.2739059839512162,1.48,6
550.635,2.144126816326903,-1.5253750931354944,2.6313587705309702,1.48,6
550.756,-0.1803100107334359,0.3186493830226027,0.36612720367568585,1.48,6
551.66,-0.4278904171247291,0.22263320262487696,0.4823440182879686,1.48,6
551.783,-0.0709096933256177,0.16530280903461403,0.17986996214562126,2.7,5
552.74,-0.07656714048864899,-1.243967761670035,1.2463219163109367,2.7,5
552.864,-0.028368952914121337,-0.10890617095100197,0.11254044411078401,2.47,7
553.771,-0.0007329127430892868,0.5811139198673345,0.5811143820494102,1.28,7
554.668,0.013321216409551084,-0.7383642275564171,0.7384843853065646,1.28,7
554.79,-0.003793761390227246,0.04675027572810109,0.04690395405655537,2.47,7
555.648,0.024822868082225114,-4.381212474276566,4.381282793832923,2.47,7
555.771,0.005188638216935715,-0.5059220158540825,0.5059486219888386,1.28,7
556.716,0.019146446941661566,0.5802029900984849,0.5805188163614616,1.28,7
556.843,0.007558860360163067,0.21607015458502588,0.2162023313295706,1.28,6
557.724,0.010730425961583023,-0.19366612606390277,0.19396316770437755,1.28,6
557.85,0.00010040418992218747,0.19015198112617782,0.19015200763392334,1.28,6
558.688,-1.5259485970032785,-0.8674104638049869,1.7552549767525676,1.28,6
558.814,0.34196742026367133,0.2796352989337265,0.44174383632547154,1.28,6
559.716,2.1977078399542194,-0.4039650026152515,2.234526230128924,1.28,6
559.843,-0.1460986141280216,0.21297531060426422,0.2582697968735628,1.28,6
560.696,-0.474920145622562,0.35531595568426155,0.5931261021755624,1.28,6
560.822,-0.1944530260482793,0.1362154969367282,0.23741659787186867,1.28,6
561.763,-0.22279878795868058,-0.7733208592193819,0.8047760255000519,1.28,6
562.665,-3.0941031982119966,-0.33504938646842675,3.1121909794481724,1.28,6
562.79,0.6092870377736119,0.27365618144440873,0.6679209534381131,1.28,6
563.645,1.2078823800613208,0.36093288888810093,1.260655541511523,1.28,6
563.825,0.5088102004534818,0.13955916414548142,0.527602672834869,1.28,6
564.631,3.533216417706157,-0.35545119181330165,3.551051084412871,1.28,6
564.757,-1.070768530868861,0.18753847545522717,1.0870675813743735,1.28,6
565.739,-1.761957633252635,-0.43693953796707774,1.815326654135864,1.28,6
565.868,-0.25063595267653227,0.16129308402452125,0.2980500624529614,1.28,7
566.641,-0.24741263990046036,-1.0652767743904974,1.0936304770983376,1.28,7
566.767,-0.039561483647446494,0.3105224067678307,0.3130323882496399,1.28,7
567.692,-0.05645502993100138,0.15609468618589517,0.16599012458572152,1.28,7
567.821,-0.010338194663077616,0.16351050722241212,0.16383700510270008,1.28,6
568.692,-0.026574625642197702,0.2104800334818151,0.21215101984795867,1.28,6
568.821,-0.012425930455847833,0.07634781332228613,0.07735239069859585,1.28,6
569.648,-0.02313680825389497,-0.8373954541314959,0.8377150222457943,1.28,6
569.775,0.0010209584840055186,0.3135106458650796,0.3135123082543418,1.28,7
570.652,-0.0006486811735157971,-0.6630224582994231,0.6630227756243937,1.28,7
570.816,-0.0022679484521574977,0.3049178501960341,0.30492628446618497,1.48,7
571.702,0.00074395840961472,0.02974871736526552,0.029758018398302107,1.48,7
571.832,-0.001918046410779084,0.14490595059146472,0.14491864413818506,1.28,7
572.654,0.004345720104012685,0.17889369358951512,0.17894646934019612,1.28,7
572.782,0.0030108510713660053,0.06392093289861123,0.06399180327825357,1.28,7
573.684,0.0033889057974647585,-0.00035150842134612503,0.0034070868310578017,1.28,7
573.886,-0.0008946956751856305,-0.01362248103552588,0.01365183027708952,1.18,7
574.654,-0.01101120822531243,-0.07023925329318104,0.07109711252761838,1.18,7
574.783,-0.004910139978079542,-0.03062743610522034,0.031018531831530798,1.28,6
575.675,-0.01746401841589318,-0.9488287899564511,0.9489894965643476,1.28,6
575.808,0.004561290872160839,0.37256437119572183,0.37259229200143695,1.54,6
576.707,-0.01085755041818004,0.4131747366606646,0.41331737129679524,1.54,6
576.839,-0.0060278357704675045,0.15102623414102823,0.15114647929375136,1.28,6
577.782,-0.02171185614609783,0.4878388437570038,0.48832176090716994,1.28,6
578.686,-1.534123873694739,-0.7108146276537752,1.6907967041388288,1.28,6
578.818,0.3155085089767624,0.0701227721435771,0.323207089046388,1.28,6
579.718,2.1350911896541476,0.0725684622840106,2.1363240788459574,1.28,6
579.851,-0.15439911824357466,0.024949868856623425,0.15640199381835276,1.28,6
580.711,-3.561205376691589,-0.4641738696250002,3.591328600423488,1.28,6
580.848,0.4532842339533971,0.08028742320621518,0.46033973006445134,1.28,6
581.75,1.1696138883860385,-0.30920278484762775,1.2097946148264327,1.28,6
582.657,0.2865223421303398,-0.2271753391981406,0.36565514802836524,1.28,6
582.788,0.06140451997657692,0.1138334951412503,0.1293390107029851,1.28,7
583.764,0.02134401241394812,-0.49634520341524535,0.49680391284615305,1.28,6
584.631,-0.0029934725619114033,-0.16060057171114295,0.16062846731487193,1.28,6
584.764,0.0018926288721274886,0.1200457480427417,0.1200606666114637,1.49,6
585.713,-0.007862383073984347,-0.6745506154344127,0.6745964348042073,1.49,6
585.849,-6.645601395405265e-05,0.12445322105801893,0.12445323880123778,1.49,7
586.694,-0.007479065543449792,-0.1758804659276052,0.17603941239482343,1.49,7
586.829,-0.0004104187348730193,0.11382450798038235,0.11382524790447003,1.28,7
587.744,-0.021372752062646327,0.16117731333895335,0.16258819411597664,1.28,7
588.746,-0.03396995400433411,-0.8259941171490368,0.826692348664165,1.28,6
589.679,-0.009784558681900535,0.5235578401689054,0.5236492619978841,1.28,6
589.853,-0.004883026987783978,0.17047147957586617,0.17054140054939265,1.28,6
590.649,-0.009367582023926957,-0.5755115462493166,0.5755877791086728,1.28,6
590.783,0.001634437967581448,0.2769615106807919,0.2769663333079605,1.28,6
591.629,-0.004514714608802706,-0.12234905937063445,0.12243232815264916,1.28,6
591.764,0.0017961757591393734,0.1437606696963769,0.14377189015558117,1.28,7
592.697,-0.004474500740641929,-0.23918639789141594,0.23922824685464872,1.28,7
592.834,0.0007899433879288154,0.11032088624992298,0.11032371437512688,1.21,6
593.884,-0.0069107168269084696,0.5660863590856025,0.5661285401301152,1.18,7
594.767,-0.004124742524268754,0.8887008575377138,0.8887104296052564,1.18,7
595.71,-1.5370324338357904,-0.6371478815185014,1.6638588057845196,1.18,7
595.848,0.22935171936693166,-0.06780531077018281,0.23916473683469486,1.18,7
596.647,2.0726265730345688,-0.14544828638935314,2.077723782234448,1.18,7
596.784,-0.24729611396072926,-0.006515525226944874,0.24738193153312743,1.18,7
597.652,-0.6019922681002754,-0.07869582595500901,0.6071142593245977,1.18,7
597.792,-0.2528616457042432,-0.04054970784986267,0.2560923479430173,1.18,7
598.731,-0.29649394936805606,-0.7518735997278441,0.8082218581426598,1.18,7
598.871,-0.023806952417501748,0.23549835199040103,0.2366986370336847,1.18,7
599.718,-0.04907118093460383,0.25779924730795756,0.26242795718228284,1.18,7
599.858,-0.023758428415675326,0.09314117018584511,0.09612356893276139,1.18,7
600.713,-0.05274821236562843,-0.4014485056917181,0.40489909438017124,1.18,7
600.855,0.012444463286357177,0.19675166200758554,0.19714482283142173,1.18,7
601.663,-0.027533272052565394,-0.6643842783381615,0.6649545475991876,1.18,7
601.801,0.005008355126562947,0.25825871200274264,0.25830727040946666,1.18,7
602.816,-0.04217545639953357,-0.44190330737723116,0.44391136749743704,1.28,6
603.643,1.50643092937446,-0.03042750410529038,1.5067381915854117,1.28,6
603.915,-0.3733233417208197,0.17688811957197004,0.41310982113635053,1.28,6
604.724,-2.134148369851161,-0.8907388352247381,2.3125753905799247,1.28,6
604.867,0.30181867790199135,0.29029733028474425,0.4187684972642473,1.28,6
605.695,3.6696423039817887,-0.3618447654179988,3.687438985723449,1.28,6
605.884,-0.6157124571699342,0.2703236069743298,0.6724408393322419,1.28,7
606.717,-1.2065085245536267,-0.45886189996778626,1.2908203062636627,1.28,7
606.859,-0.13564790248781833,0.24267710197713654,0.2780153399964941,1.28,7
607.695,-0.2273066717432215,-0.4652620643705916,0.5178195743319918,1.28,7
607.837,-0.026613635630226895,0.2283454008110084,0.2298910778455714,1.28,7
608.745,-0.06386332483842239,-0.6757429871036038,0.6787540857181775,1.28,7
609.748,-0.05061566611090029,-0.2656060275876371,0.27038584938331145,1.28,6
610.718,-0.041045603538350406,-0.37124458870849253,0.3735067418603916,1.28,6
610.861,0.008583600811036263,0.22148405524768577,0.2216503212987591,1.28,6
611.755,-0.03761389301574525,0.3275015783775359,0.3296544991162372,1.28,6
612.741,1.4498858001288255,-0.7107292704204724,1.6147151232485628,1.28,6
612.884,-0.45030018011937045,0.315404127271222,0.5497726945886442,1.28,6
613.722,-0.7183858426290897,-1.1433278642558378,1.3502876819677068,1.28,6
613.995,-0.08674279309089172,0.49927707204173544,0.5067562597736486,1.3,5
614.738,-0.13631072293256352,-0.28110933387802106,0.31241490166082475,1.3,5
614.883,-0.006483199872860723,0.29700657201615854,0.29707732276527105,1.28,7
615.732,-0.06309186118150478,-0.3608868493679438,0.3663603430968849,1.28,7
615.878,0.003087635349942275,0.24488047634289956,0.2448999411718582,1.3,7
616.723,-0.05294243893803241,0.39316690750604266,0.3967154131094132,1.3,7
616.868,-0.028640370462724718,0.15349099274899913,0.15614017956732154,1.28,6
617.649,-0.07286967341272543,0.09073129103768451,0.1163707715736313,1.28,6
617.792,-0.03375382390781567,0.02400590562689331,0.041419851923529816,1.28,6
618.638,-0.07463774293425729,-0.6819328109782816,0.6860052123410295,1.28,6
618.782,0.013044741032629759,0.3038979559580923,0.30417779817750507,1.28,6
619.672,-0.044039051269649576,-0.9716495863129921,0.9726470873954949,1.28,6
619.818,0.007621716216732466,0.33646654947997945,0.33655286282700353,1.28,6
620.713,-0.05484238665906105,0.5379886159742284,0.540776699102622,1.28,6
620.86,-0.02955121521863191,0.204057041757153,0.2061857187381764,1.81,5
621.706,-0.07893381766089647,-0.7069069903487843,0.711300246432194,1.81,5
621.853,0.004463453800823913,0.2545542635584468,0.25459339252151714,1.81,5
622.706,-0.05024479161286877,-1.6030713769421823,1.6038585906043976,1.81,5
622.855,0.0007755649967151612,0.43687557844037883,0.43687626685216,1.81,6
623.649,-0.049466825832979566,-0.2002429047464318,0.2062624244967534,1.81,6
623.794,0.00191109029528036,0.2588879646371254,0.2588950182990592,1.81,5
624.637,-0.05660996099935289,-0.8856083806106483,0.8874158503723962,1.81,5
624.783,0.0018364694314669805,0.2609280042866544,0.26093446694714184,1.81,5
625.651,-1.592074988846548,0.9244968419649524,1.8410315534813373,1.81,5
625.796,0.2423104552608919,0.01838826918131531,0.24300717103045583,1.82,5
626.715,1.9893129320228269,-0.10061000289562116,1.991855495309816,1.82,5
626.864,-0.11486842200612557,0.00040163688504435413,0.1148691241646979,2.02,4
627.72,1.0819552679342337,-1.5637164073638985,1.901535223042081,2.02,4
627.868,-0.2356818640067928,0.16800431875233812,0.2894328802004942,1.82,5
628.729,-0.6165170118759278,-0.9194801273864641,1.1070397150017028,1.82,5
628.878,-0.06405159226001444,0.28602769185087595,0.29311166298286867,2.02,5
629.72,-1.710239313117384,0.032522771267622375,1.7105485198564663,2.02,5
629.871,0.13405507664097627,0.13885477440538807,0.19300624846980793,2.02,5
630.732,0.3654252851866886,-0.6638495671129476,0.7577808963083067,2.02,5
630.884,0.06454748455598747,0.1585105039497705,0.17114893404551387,1.82,6
631.752,-1.489856666467901,-0.817761670744261,1.6995314168197337,1.82,7
632.703,2.1977885297084043,-1.1855113882549801,2.4971406994801235,1.82,7
632.852,-0.06576685410733774,0.3245912804211457,0.33118692369206654,1.82,6
633.721,-3.4460577547779536,0.13252576708819674,3.448605098907033,1.82,6
633.872,0.42189593598116915,0.16015059126223719,0.4512697559986387,1.54,6
634.694,-0.7121824310236349,-0.8745252913898582,1.1278290208800494,1.54,6
634.881,0.4475802089334451,0.2837260232931271,0.5299325426152262,1.54,6
635.775,0.7752642466792992,0.020620054095871865,0.7755384186551547,1.54,6
636.705,-1.341126690776818,-1.8461999759917092,2.2819016525840383,1.54,6
636.856,0.28324090381872224,0.3905137663421101,0.4824172585000943,1.54,6
643.752,-0.9011157167530541,-6.2136379505444665,6.2786388744238035,1.82,5
644.719,0.05927764042809258,-0.7944911474732521,0.7966994552954627,1.82,5
644.873,-0.015893653845438394,0.2600943167832952,0.26057947320448654,1.82,5
645.749,0.018706184295922412,0.44029642462803054,0.440693615645995,1.82,5
646.656,0.03299047257503673,-1.0502077968703247,1.0507258385934675,1.82,5
646.808,-0.0005165614522297801,0.4354652328046029,0.4354655391845616,1.82,5
647.706,-3.8089848324239313,2.2128389593528937,4.405113132901987,1.82,5
647.86,0.6946971823922468,-0.21939213691899795,0.7285170450755499,1.82,5
648.677,1.2808514213263607,0.10873118668919801,1.2854582196526652,1.82,5
648.832,0.17798983185672057,-0.16896051189405625,0.2454140069838826,1.82,5
649.743,-2.7495503508957597,0.00339260209659642,2.749552443918825,1.82,5
649.898,0.4668284425294047,-0.11188906270515986,0.48004995272103596,1.82,5
650.661,-0.5486207202016544,-0.2548013284321087,0.6049036382808003,1.82,5
650.851,0.4576751680599642,-0.02852419694056607,0.45856317914745476,1.82,5
651.803,-0.6772262818038968,-0.13205903652269058,0.6899819025838521,1.82,5
652.717,-0.7076914764783453,-0.4997403505868192,0.8663530711463643,1.82,5
652.874,0.36672020635071334,0.06720653247825226,0.37282761130804165,1.82,5
653.633,0.5929728863143922,0.48646028499609884,0.7669813901148493,1.82,5
653.786,0.08287469178901574,-0.06411373511582497,0.10477970017912115,1.82,6
654.765,-1.3951992359693364,0.6319780134939208,1.5316582900859912,1.82,6
656.88,0.7603677415585679,0.14784563401909168,0.774607922694691,1.68,6
657.649,-3.650910037471178,0.5704845263661582,3.695212672706541,1.68,6
657.804,1.170722084360193,-0.25801963761898605,1.198817889508539,1.68,6
658.63,-0.03434245580358919,-0.86972298871558,0.8704007590592866,1.68,6
658.786,0.488929398286551,0.009110220415863068,0.4890142662794966,1.68,6
659.708,0.8330586860641205,-0.4222409821657038,0.9339562203053937,1.68,6
659.866,0.14999292529133612,0.06812912646216773,0.16474057032179532,1.54,6
660.64,-1.4271496289536287,0.08449324649970436,1.42964861841172,1.54,6
660.795,0.37989773688589423,0.019203755481669305,0.38038280023631965,1.54,6
661.651,0.6120875698467643,-0.036567717716735615,0.6131789226155189,1.54,6
661.843,0.2497077051197678,-0.02703511791639812,0.2511669476601857,1.54,6
662.76,0.1738271164784635,0.7530635737240345,0.7728651968443344,1.54,6
663.691,-3.0420513132331024,0.04862290403974612,3.0424398727239463,1.54,6
663.849,0.6435447751259247,-0.20091318859860507,0.6741780083514558,1.54,6
664.666,1.0186602451855578,-0.3548370216594492,1.0786927306057315,1.54,6
664.891,0.4449371492979566,-0.16897942049658354,0.47594444148109694,1.54,6
665.672,-1.1587843329321075,-0.20634761091184828,1.1770133672894019,1.54,6
665.833,0.6637908966015189,0.002868633485860528,0.6637970951044638,1.54,6
666.763,0.8654224659963532,-0.08261114644042777,0.8693564551824591,1.54,6
667.734,0.43640369722271544,-1.615604094497229,1.6735067305230256,1.54,6
667.893,0.11225749868678037,0.4733047333938316,0.486435110435522,1.54,6
668.722,-0.01138882543307318,1.4048896152670807,1.4049357766211348,1.54,6
668.885,0.02008294522519094,-0.1150205403243092,0.11676064998711705,1.54,6
669.662,-0.05201596596118918,-1.1378524140253319,1.1390407265845022,1.54,6
669.819,0.006089619190994711,0.15379276280438603,0.15391327867632953,1.54,6
670.752,-0.0730326177441114,0.6685057895859643,0.67248327411506,1.54,6
671.678,-0.03835409413138535,-0.11175940664332984,0.11815752836746513,1.54,6
679.804,-10.955976927480961,6.6955351142095765,12.839922932054874,2.39,5
680.636,0.29271211344102,0.06581273552055222,0.3000194952195719,2.39,5
680.757,-0.1610397989902168,-0.012837865508487312,0.1615506968404143,2.39,5
681.675,0.08814577796295708,0.49297608161515427,0.5007944640442087,2.39,5
681.801,0.009884366980521975,-0.11243244693142174,0.11286609691839529,2.39,5
682.648,-3.0749146593092505,0.48286830051955576,3.1125973009179275,2.39,5
682.77,0.2716873084486622,-0.1218078003822427,0.29774340262386806,2.39,5
683.723,0.7708484651363818,-0.41164148516529053,0.8738741720134552,2.39,5
683.851,0.3053163913387138,-0.17376102890059997,0.3512990093704931,2.39,5
684.718,-2.0418183827625214,-0.24318510531148263,2.0562493291506057,2.39,5
684.845,0.49089298632560485,-0.021438897623966113,0.4913609165928863,2.39,6
685.695,0.7458143681945444,0.9588960065800904,1.2147924198152837,2.39,6
685.821,0.12821303760296132,-0.15617698140727043,0.20206393179601664,2.38,6
688.827,-1.5255862653139758,0.43610560083695304,1.5866951654290764,2.38,6
689.63,0.05609711013966745,0.6081406056371463,0.6107224263040757,2.38,6
689.755,-0.010755219799378324,-0.23273271121991002,0.2329810928481171,2.38,6
690.656,-0.027290127393612806,-0.8293634138848915,0.8298122819915126,2.38,6
690.782,0.004881819110522656,-0.020221821835150422,0.02080274588030221,2.38,6
691.64,-3.114959231647404,-0.05479681377704537,3.1154411735138736,2.38,6
691.765,0.2582807567739849,-0.0004981295226400562,0.2582812371287618,2.38,5
692.681,0.6994544026615301,-0.5026014256297344,0.8613040429764854,2.38,5
692.812,0.13322614767345797,0.029021736469957204,0.13635053212819404,1.18,7
693.681,0.11167226826844967,-2.3179276430072946,2.3206161366580154,1.18,7
693.809,0.024511325973932685,0.8379171023060223,0.8382755367049199,1.28,6
694.724,3.011659934909897,-0.969734347377198,3.1639343021030895,1.28,6
694.854,-0.2950617543470955,0.4177929939260707,0.5114806200161405,1.28,6
695.642,-4.265937649395454,0.938001745865904,4.367845155654799,1.28,6
695.769,0.4561285370024244,0.11494128084177646,0.47038786156694157,1.28,6
696.642,2.599282207257751,-1.7723934143301676,3.1460525119787297,1.28,6
696.769,-0.08497611936748228,0.33578720845531507,0.346372617602734,1.28,6
697.704,-2.007938126070613,0.3365067085345288,2.0359401472088288,1.28,6
697.834,0.17425500861180154,0.1846415124967109,0.2538844149674652,1.28,6
698.702,0.4503334557976366,-0.6102192208474264,0.7583981269111113,1.28,6
698.835,0.06340733087141714,0.2012997331694919,0.21104992817422613,1.28,6
699.633,0.03932207057166792,-0.10409257068093325,0.11127213714586558,1.28,6
699.76,0.01846864557660055,0.1339459181378686,0.1352131645041661,1.28,6
700.693,-0.04472059103006387,0.20143496421658824,0.20633946803996664,1.28,6
700.824,-0.02526757436655913,0.07155145481533509,0.07588188848836418,1.28,6
701.725,-0.08073483065808418,-0.001632752030758411,0.08075133906371754,1.28,6
701.858,-0.03487363419683831,-0.009522653301416995,0.03615039817199637,1.28,6
702.691,-0.08625546036155995,-1.1374576368484952,1.1407234020862147,1.28,6
702.823,0.015654012063780698,0.4781773764003958,0.478433539161772,1.28,6
703.727,-0.05302651240808132,0.11802220906446337,0.12938722058464777,1.28,6
703.897,0.00787322973054927,0.19109946593869154,0.19126158429868537,1.28,6
704.7,-0.05304510738437784,-0.2334086632282606,0.23936037158941692,1.28,6
704.835,0.0069315767656661365,0.12034142677691761,0.12054088831248319,1.64,6
705.666,-0.0457567160547363,-0.6727903228962475,0.6743444933021628,1.64,6
705.799,0.00032861412538665036,0.10801597398835838,0.10801647385420947,1.28,6
706.699,-0.05432023520169338,-0.7992430479383472,0.8010868477450784,1.28,6
706.832,0.006551889931497357,0.2679902726963519,0.26807035181373473,1.28,6
707.739,3.005256498216948,-0.40028715134050685,3.0317975565006794,1.28,6
707.874,-0.5233307770463185,0.22484805385934692,0.5695891058721535,1.28,6
708.643,-1.148675968120358,0.3349575113360288,1.1965170346207643,1.28,6
708.775,-0.4931877615100433,0.13403750637155554,0.5110775099900132,1.28,6
709.686,-0.6400346918806363,-0.7601525597196712,0.9937184313773744,1.28,6
709.819,-0.04725595000895311,0.30649740203480746,0.3101189808208054,1.28,6
710.783,-0.11283187347536483,-0.03772262712155339,0.11897070340597508,1.28,6
711.706,-0.044202292347328864,-0.5853405493689081,0.587007156161025,1.28,6
711.841,0.0016000857818880831,0.20477258217187,0.20477883358356316,1.28,7
712.637,-0.03179548673800525,0.2977576932680961,0.29945049152947517,1.28,7
712.77,-0.016636366524515722,0.11553929338799662,0.11673087426955898,1.28,7
713.752,-0.048651450735683,-1.0020618455652652,1.0032421970772323,1.28,7
714.674,-0.016049707747953335,0.1964004636715515,0.19705515788528635,1.28,7
714.86,0.003234684635408769,0.20521517020728197,0.20524066182872794,1.54,6
715.649,-0.02325722733096569,-0.22748141166974278,0.2286672063903856,1.54,6
715.783,-0.00010840773429521278,0.10792110142193678,0.10792115587020379,1.54,7
716.649,-0.024717870667977593,-0.701632761940715,0.7020680207493537,1.54,7
716.783,0.003666855374746092,0.1488324086334103,0.14887757281727065,1.82,6
717.706,-0.015567999814017242,-0.7648804642099378,0.7650388795010481,1.82,6
717.842,-0.0013834444349214436,0.14447888393047492,0.14448550730194415,1.82,5
718.679,-0.024048970683509197,-0.12407902770283386,0.1263881248639163,1.82,5
718.815,-0.001061591246923399,0.11693635199225128,0.11694117065102108,1.82,6
719.66,-0.007846657898674891,-0.26608550213950366,0.2662011729670075,1.82,6
719.795,0.0013416714560889886,0.1000892312877113,0.10009822327125018,1.82,6
720.729,-0.007826139094824214,-0.7255459162407476,0.7255881235430728,1.82,6
720.866,0.001055769579544119,0.14028957836757172,0.1402935509849121,1.54,6
721.669,1.5176992167117973,-0.21022564765934248,1.532189849640505,1.54,6
721.888,-0.42423589665490624,0.15063149920115393,0.45018434508785343,1.54,6
722.846,-0.6496061738878467,-0.26800409379404755,0.7027192721446993,1.54,6
723.65,-0.16776150049379623,-0.8813922034582333,0.8972157696813458,1.54,6
723.786,-0.03778085754677818,0.2364479231592611,0.23944730853216495,1.54,6
724.768,-1.566177579223563,-0.013844165884677295,1.566238765511703,1.54,6
725.631,2.0379538157830908,-1.0464970207601425,2.290941241002203,1.54,6
725.768,-0.18453420816832988,0.24687376585632137,0.3082199381162651,1.54,6
726.712,-0.48434068959325316,0.05165830533658777,0.4870877581154305,1.54,6
726.851,-0.06652484182889395,0.1425601831576273,0.15731802313242943,1.82,5
727.784,-0.09757229064168627,-1.7305868625255414,1.7333352937752877,1.82,5
728.734,2.219547042543546,0.6163080976227775,2.3035244182033776,1.82,5
728.874,-0.25548246918378226,0.09926270837738116,0.27408826559095023,2.05,6
729.683,-2.988699979231825,0.9334268841024027,3.1310722306943717,2.05,6
729.823,0.13777327925084393,-0.06479954324399273,0.1522512964810517,1.82,5
730.694,0.4198443061807282,0.35268250272378054,0.5483194225630591,1.82,5
730.835,0.06061308597843151,-0.12369524971407486,0.1377478166565847,1.82,6
731.674,5.402833824945084,0.09785776407125013,5.4037199670189935,1.82,6
731.812,-0.8173001982294608,-0.09969539168506003,0.8233582362186908,1.82,6
732.673,-1.8245795545853483,-0.27541746880700657,1.8452493959177785,1.82,6
732.814,-0.7654674699256319,-0.12242984455161832,0.7751964359768959,1.82,5
733.674,-0.8526984256264498,-0.19242412351033522,0.8741405198104861,1.82,5
733.816,-0.3193188732617003,-0.07981352657188268,0.3291424339780005,1.82,5
734.784,-0.3444258400896203,-0.15222022499742138,0.3765636151033531,1.82,5
735.685,-1.7398209489771759,-0.14684935555897027,1.7460073504220783,1.82,5
735.827,0.6160727095290142,0.013425507801684944,0.616218977057794,1.54,6
736.73,-0.9001979994684461,-0.49558979125868063,1.0276019070860152,1.54,6
736.872,0.4528918254109513,0.11510482116167964,0.46729019396808,1.54,6
737.731,-1.635315763589773,-0.5293489558864621,1.7188565861476897,1.54,6
737.874,0.49552010932205093,0.1378418236757284,0.5143350533424569,1.54,6
738.709,-0.604069633659428,-0.6466953852683162,0.8849378755804113,1.54,6
738.852,0.3880226008025005,0.18073789668844142,0.4280510787661893,1.54,6
739.73,-2.3330953320978978,0.30831721037850457,2.3533791302874647,1.54,6
739.874,0.5789423691413838,0.05844306211295702,0.5818847465745921,1.54,6
740.71,1.1812355729572168,0.4326582801725465,1.257978801976182,1.54,6
740.857,0.17036745427341415,-0.05770800096769335,0.1798757428095605,1.54,6
741.7,0.19468621015496979,-1.0610020341914606,1.078715920427117,1.54,6
741.844,0.04349753256592592,0.1280238343176734,0.13521145473931886,1.18,7
742.677,-1.5396020221381121,-0.6391442743771165,1.6669972375624427,1.18,7
742.822,0.42686040725481433,0.2588740042806421,0.4992249566818949,1.18,7
743.657,0.7045867397974135,0.398160758219575,0.8093049260225313,1.18,7
743.8,0.28273952748632425,0.15581374773887546,0.3228305505797489,1.18,7
744.647,0.23693960281481807,0.09633030209073468,0.25577314652429006,1.18,7
744.925,0.07364420784676184,0.017936460310892244,0.0757970049399135,1.18,7
745.643,-0.006787848045458844,-0.4693633316522039,0.4694124114046677,1.18,7
745.79,0.02883348837931976,0.2693329989605786,0.27087198891952524,1.18,7
746.639,-1.571930280615657,0.6765064967611636,1.7113228354920296,1.18,7
746.782,0.3884652830572506,-0.0527948427074989,0.392036441618964,1.18,7
747.679,2.1880717358496575,-0.21894177065055942,2.198998276524958,1.18,7
747.825,-0.1716353990194115,-0.011373205489292104,0.1720118019196772,1.18,7
748.715,-2.1343496243345506,-0.5141709501116338,2.1954088650717747,1.18,7
748.862,0.2278825264922979,0.08227797773079715,0.2422810588964445,1.18,7
749.716,0.503735105998544,0.5421423380939245,0.7400455200656993,1.18,7
749.863,0.07143465883907396,-0.05741587093913836,0.09164874641343808,1.18,7
750.719,0.03335182518441826,-0.2190763923903205,0.2216005639566147,1.18,7
750.866,0.0046576609950363945,-0.10077749173973416,0.10088506652273602,1.18,7
751.656,-3.8725729896333156,-0.5832407098939143,3.916247092014889,1.18,7
751.802,1.6252468955049117,0.19130941819210534,1.6364677707909054,1.18,7
752.7,4.542833928907605,-0.8707959862288419,4.62554059059764,1.18,7
752.847,-0.17656332110615125,0.2774944258510743,0.32890388069837556,1.18,7
753.708,-3.030221215465996,-0.4072185016301546,3.05746096013181,1.18,7
753.855,0.4133409734436668,0.24579328938398248,0.4809003030083847,1.18,7
754.64,0.7897131489935418,0.3754372015440879,0.8744140609554217,1.18,7
754.786,0.33513755914507826,0.15369200489169543,0.3686982721919778,1.18,7
755.713,0.30779191174274345,-0.7502749856442108,0.8109552484679247,1.18,7
755.863,0.05940231793558581,0.3153362521662757,0.32088251324494677,1.18,7
756.72,-0.01952107531382552,-0.45055900430668316,0.4509816944657929,1.18,7
756.869,0.018696814755720936,0.27315767543100833,0.27379679787916045,1.4,7
757.71,-0.052944397216279526,-0.672370205333408,0.6744514824779351,1.4,7
757.86,0.0028829147959648083,0.21432532450995723,0.21434471284363246,1.4,7
758.722,-1.5915537593706084,0.014325088491204951,1.5916182259345353,1.4,7
758.874,0.25795385710326,0.14411889443124437,0.2954834143002501,1.18,7
759.741,0.5330889050685492,-0.654788221660624,0.8443526490351453,1.18,7
759.891,0.06410566310438881,0.24875353157565883,0.25688101431093674,1.18,7
760.673,0.029332650078249145,-0.49622027144579306,0.497086473517787,1.18,7
760.823,0.017905230117655435,0.25353141393014766,0.25416289090853933,1.18,7
761.703,-0.04861733835185689,0.002420806554596311,0.0486775707363639,1.18,7
761.853,0.009514714542572023,0.15382502450094648,0.15411900582194077,1.18,7
