# label,wifi_off
# sample_hz,20
# duration_s,60
# sda_gpio,21
# scl_gpio,22
t_ms,mx_raw,my_raw,mz_raw,wifi_scan_count
0,206,243,148,0
50,203,242,151,0
100,202,242,154,0
151,202,242,154,0
200,200,246,158,0
250,193,247,163,0
300,187,253,165,0
350,187,253,165,0
400,173,257,172,0
450,166,261,175,0
500,164,260,173,0
550,164,260,173,0
600,163,261,171,0
650,170,261,167,0
700,170,262,167,0
750,170,262,167,0
800,172,260,167,0
850,171,261,165,0
900,171,263,167,0
950,172,263,167,0
1000,172,261,166,0
1050,172,260,165,0
1100,172,260,165,0
1150,172,261,167,0
1200,172,262,167,0
1250,172,260,166,0
1300,172,260,166,0
1350,172,261,166,0
1400,172,261,166,0
1450,172,260,166,0
1500,172,260,166,0
1550,173,260,165,0
1600,172,261,166,0
1650,172,263,166,0
1700,172,263,166,0
1750,172,261,166,0
1800,172,262,166,0
1850,172,262,166,0
1900,172,262,166,0
1950,171,261,167,0
2000,173,260,166,0
2050,172,262,167,0
2100,172,262,167,0
2150,172,262,167,0
2200,173,261,166,0
2250,173,262,166,0
2300,173,262,166,0
2350,172,263,165,0
2400,171,261,166,0
2450,173,260,165,0
2500,173,260,165,0
2550,173,263,167,0
2600,172,262,167,0
2650,172,261,166,0
2700,172,261,166,0
2750,172,261,167,0
2800,173,261,166,0
2850,174,261,167,0
2900,174,261,167,0
2950,172,263,168,0
3000,172,261,167,0
3050,172,261,167,0
3100,172,261,167,0
3150,173,261,166,0
3200,173,262,168,0
3250,173,261,167,0
3300,173,261,167,0
3350,173,261,168,0
3400,173,262,167,0
3450,173,260,168,0
3500,173,260,168,0
3550,173,261,167,0
3600,173,263,167,0
3650,173,263,167,0
3700,174,261,166,0
3750,174,262,166,0
3800,172,261,167,0
3850,172,261,167,0
3900,173,261,166,0
3950,171,261,167,0
4000,172,261,167,0
4050,172,261,167,0
4100,174,261,167,0
4150,173,262,167,0
4200,173,262,166,0
4250,173,262,166,0
4300,174,261,167,0
4350,173,264,166,0
4400,173,262,166,0
4450,173,262,166,0
4500,172,262,165,0
4550,172,260,166,0
4600,171,261,165,0
4650,171,261,165,0
4700,172,261,165,0
4750,171,261,165,0
4800,172,262,165,0
4850,172,262,165,0
4900,172,261,166,0
4950,172,261,166,0
5000,172,260,165,0
5050,172,260,165,0
5100,170,261,166,0
5150,172,261,166,0
5200,172,260,164,0
5250,172,260,164,0
5301,171,261,166,0
5350,170,260,166,0
5400,171,261,166,0
5450,171,261,166,0
5500,171,260,165,0
5550,171,261,165,0
5600,172,260,165,0
5650,172,260,165,0
5700,172,260,165,0
5750,172,260,166,0
5800,171,261,166,0
5850,171,261,166,0
5900,173,260,166,0
5950,173,261,165,0
6000,171,262,166,0
6050,171,262,166,0
6100,172,261,165,0
6150,173,260,165,0
6200,173,260,165,0
6250,172,261,166,0
6300,172,261,167,0
6350,173,261,165,0
6400,173,261,165,0
6450,172,261,165,0
6500,172,262,166,0
6550,172,263,166,0
6600,172,263,166,0
6650,174,261,166,0
6700,171,263,166,0
6750,172,263,166,0
6800,172,263,166,0
6850,172,262,166,0
6900,173,261,166,0
6950,173,260,164,0
7000,173,260,164,0
7050,173,262,166,0
7100,173,260,164,0
7150,173,261,165,0
7200,173,261,165,0
7250,172,263,165,0
7300,172,261,166,0
7350,172,262,164,0
7400,172,262,164,0
7450,172,262,166,0
7500,173,261,165,0
7550,173,261,166,0
7600,173,261,166,0
7650,173,263,166,0
7700,171,260,165,0
7750,175,262,165,0
7800,175,262,165,0
7850,173,263,164,0
7900,172,263,166,0
7950,173,260,165,0
8000,173,260,165,0
8050,172,262,166,0
8100,173,261,165,0
8150,172,261,166,0
8200,172,261,166,0
8250,173,260,164,0
8300,172,262,165,0
8350,172,261,165,0
8400,172,261,165,0
8450,173,261,165,0
8500,174,261,165,0
8550,172,263,166,0
8600,172,263,166,0
8651,173,261,165,0
8700,174,261,165,0
8750,174,263,166,0
8800,172,263,166,0
8850,174,261,166,0
8900,173,261,165,0
8950,173,261,165,0
9000,173,262,165,0
9050,173,260,165,0
9100,173,263,166,0
9150,173,263,166,0
9200,173,263,165,0
9250,173,261,165,0
9300,173,262,166,0
9350,173,262,166,0
9400,173,260,165,0
9450,174,260,166,0
9500,172,262,165,0
9550,172,262,165,0
9600,174,260,166,0
9650,173,263,166,0
9700,173,262,167,0
9750,173,262,167,0
9800,172,261,165,0
9850,173,263,166,0
9900,173,262,165,0
9950,173,262,165,0
10000,173,262,166,0
10050,173,262,167,0
10100,173,262,166,0
10150,173,262,166,0
10200,173,261,166,0
10250,174,262,166,0
10300,173,263,167,0
10350,173,263,167,0
10400,174,261,165,0
10450,173,262,166,0
10500,174,263,166,0
10550,174,263,166,0
10600,174,262,166,0
10650,173,262,166,0
10700,173,262,166,0
10750,173,262,166,0
10800,173,263,166,0
10850,174,264,168,0
10900,173,262,167,0
10950,173,262,167,0
11000,173,262,166,0
11050,173,262,166,0
11100,173,264,166,0
11150,173,264,166,0
11200,173,262,166,0
11250,174,262,167,0
11300,174,261,167,0
11350,174,261,167,0
11400,173,264,167,0
11450,173,261,166,0
11500,173,261,166,0
11550,173,261,167,0
11600,173,263,166,0
11650,174,263,167,0
11700,174,263,167,0
11750,175,263,167,0
11800,173,263,167,0
11850,174,262,166,0
11900,174,262,166,0
11950,174,262,166,0
12001,175,262,166,0
12050,174,262,166,0
12100,174,262,166,0
12150,172,263,166,0
12200,174,262,165,0
12250,173,262,166,0
12300,173,262,166,0
12350,173,264,167,0
12400,174,263,166,0
12450,174,261,166,0
12500,174,261,166,0
12550,174,264,167,0
12600,174,262,167,0
12650,173,261,167,0
12700,173,261,167,0
12750,174,261,166,0
12800,173,261,167,0
12850,173,263,166,0
12900,173,263,166,0
12950,173,262,167,0
13000,174,262,167,0
13050,173,264,166,0
13100,173,264,166,0
13150,174,262,167,0
13200,174,262,166,0
13250,175,264,166,0
13300,175,264,166,0
13350,174,261,167,0
13400,174,261,166,0
13450,174,261,166,0
13500,174,261,166,0
13550,174,262,166,0
13600,173,264,167,0
13650,173,262,167,0
13700,173,262,167,0
13750,173,262,165,0
13800,174,264,166,0
13850,174,262,167,0
13900,174,262,167,0
13950,174,262,167,0
14000,173,264,167,0
14050,173,264,167,0
14100,173,261,167,0
14150,174,262,167,0
14200,174,263,167,0
14250,174,263,167,0
14300,173,261,167,0
14350,174,262,166,0
14400,174,262,167,0
14450,174,262,167,0
14500,174,262,165,0
14550,173,262,166,0
14600,174,262,166,0
14650,174,262,166,0
14700,174,261,166,0
14750,173,263,166,0
14800,174,261,167,0
14850,174,261,167,0
14900,174,262,167,0
14950,173,264,166,0
15000,174,263,166,0
15050,174,263,166,0
15100,173,262,166,0
15150,173,263,167,0
15200,173,263,166,0
15250,173,263,166,0
15300,172,263,166,0
15350,171,263,167,0
15400,174,261,166,0
15450,174,261,166,0
15500,173,262,166,0
15550,173,263,167,0
15600,173,262,167,0
15650,173,262,167,0
15700,173,262,166,0
15750,175,261,166,0
15800,173,262,166,0
15850,173,262,166,0
15900,173,263,167,0
15950,175,262,166,0
16000,173,261,167,0
16050,173,261,167,0
16100,173,263,167,0
16150,173,261,166,0
16200,173,262,165,0
16250,173,262,165,0
16300,172,265,167,0
16350,173,262,166,0
16400,173,261,168,0
16450,173,261,168,0
16500,173,262,166,0
16550,173,261,167,0
16600,173,261,167,0
16650,174,262,166,0
16700,173,262,167,0
16750,173,261,165,0
16800,173,261,165,0
16850,173,261,167,0
16900,174,261,166,0
16950,174,261,165,0
17000,174,261,165,0
17050,173,263,167,0
17100,174,262,166,0
17150,174,261,166,0
17200,174,261,166,0
17250,173,263,167,0
17300,174,262,166,0
17350,173,261,167,0
17400,173,261,167,0
17450,172,262,165,0
17500,173,261,166,0
17550,174,262,166,0
17600,174,262,166,0
17650,173,262,166,0
17700,173,261,166,0
17750,173,263,167,0
17800,173,263,167,0
17850,173,263,166,0
17900,173,261,167,0
17950,173,262,167,0
18000,173,262,167,0
18050,174,263,167,0
18100,173,261,166,0
18150,173,263,166,0
18200,173,263,166,0
18250,174,261,166,0
18300,174,263,167,0
18350,173,262,166,0
18400,173,262,166,0
18450,174,261,166,0
18500,172,264,167,0
18551,173,263,166,0
18600,173,263,166,0
18650,173,261,166,0
18700,173,264,167,0
18750,174,262,167,0
18800,174,262,167,0
18850,173,261,166,0
18900,174,262,166,0
18950,174,262,166,0
19000,174,262,166,0
19050,174,261,166,0
19100,173,262,166,0
19150,173,262,166,0
19200,173,262,167,0
19250,173,263,167,0
19300,174,262,167,0
19350,174,262,167,0
19400,173,261,167,0
19450,173,262,167,0
19500,174,262,166,0
19550,174,262,166,0
19600,173,262,165,0
19650,174,263,167,0
19700,172,264,166,0
19750,172,264,166,0
19800,175,261,166,0
19850,172,263,167,0
19900,174,261,166,0
19950,174,261,166,0
20001,173,261,167,0
20050,174,263,167,0
20100,172,261,166,0
20150,172,261,166,0
20200,174,261,165,0
20250,174,262,166,0
20300,173,261,166,0
20350,173,261,166,0
20400,174,263,167,0
20450,174,263,166,0
20500,174,264,166,0
20550,174,264,166,0
20600,174,262,166,0
20650,174,263,166,0
20700,174,261,167,0
20750,174,261,167,0
20800,173,262,167,0
20850,175,262,166,0
20900,174,262,167,0
20950,174,262,167,0
21000,174,261,167,0
21050,173,263,166,0
21100,173,261,166,0
21150,173,261,166,0
21200,173,261,167,0
21250,173,264,167,0
21300,174,261,166,0
21350,174,261,166,0
21400,173,263,168,0
21451,173,264,167,0
21500,174,261,166,0
21550,174,261,166,0
21600,173,263,165,0
21650,173,262,167,0
21700,173,262,167,0
21750,172,262,167,0
21800,174,262,167,0
21850,174,261,167,0
21900,174,261,167,0
21950,173,262,167,0
22000,173,261,167,0
22050,174,261,166,0
22100,174,261,166,0
22150,174,262,166,0
22200,174,262,168,0
22250,174,261,166,0
22300,174,261,166,0
22350,173,262,167,0
22400,173,262,167,0
22450,173,261,166,0
22500,173,261,166,0
22550,174,262,167,0
22600,174,263,166,0
22650,174,261,167,0
22700,174,261,167,0
22750,173,263,166,0
22800,173,263,167,0
22850,174,261,167,0
22901,174,261,167,0
22950,173,261,166,0
23000,174,261,165,0
23050,173,262,166,0
23100,173,262,166,0
23150,173,261,167,0
23200,173,261,166,0
23250,174,262,167,0
23300,174,262,167,0
23350,173,263,166,0
23400,174,262,166,0
23450,174,261,166,0
23500,174,261,166,0
23550,173,262,166,0
23600,174,262,166,0
23650,173,263,166,0
23700,173,263,166,0
23750,174,262,167,0
23800,173,262,166,0
23850,173,261,165,0
23900,173,261,165,0
23950,174,261,166,0
24000,173,262,167,0
24050,173,262,167,0
24100,173,262,167,0
24150,174,262,166,0
24200,174,262,166,0
24250,174,262,166,0
24300,175,264,166,0
24351,173,263,166,0
24400,174,263,167,0
24450,174,263,167,0
24500,175,261,167,0
24550,175,263,166,0
24600,174,262,167,0
24650,174,262,167,0
24700,174,262,166,0
24750,173,261,165,0
24800,173,262,167,0
24850,173,262,167,0
24900,174,262,166,0
24950,174,262,167,0
25000,173,264,167,0
25050,173,264,167,0
25100,175,263,167,0
25150,174,262,167,0
25200,173,261,167,0
25250,173,261,167,0
25300,173,261,167,0
25350,173,261,167,0
25400,174,261,166,0
25450,174,261,166,0
25500,173,261,166,0
25550,172,262,166,0
25600,174,262,167,0
25650,174,262,167,0
25700,172,262,166,0
25750,175,262,165,0
25800,174,260,165,0
25850,174,260,165,0
25900,173,261,165,0
25950,174,262,166,0
26000,173,260,167,0
26050,173,260,167,0
26100,175,264,167,0
26150,174,263,167,0
26200,175,261,166,0
26250,175,261,166,0
26300,173,262,166,0
26350,174,264,166,0
26400,173,263,166,0
26450,173,263,166,0
26500,174,262,166,0
26550,174,261,166,0
26600,173,262,166,0
26650,173,262,166,0
26700,173,261,167,0
26750,173,263,167,0
26800,173,263,167,0
26850,173,264,167,0
26900,174,262,166,0
26951,174,262,166,0
27000,174,262,166,0
27050,174,264,166,0
27100,174,263,167,0
27150,174,262,166,0
27200,174,262,166,0
27250,174,263,167,0
27300,174,262,167,0
27350,174,263,166,0
27400,174,263,166,0
27450,174,263,166,0
27500,173,262,166,0
27550,175,262,166,0
27600,175,262,166,0
27650,175,262,167,0
27700,173,262,167,0
27750,173,263,166,0
27800,173,263,166,0
27850,173,262,167,0
27900,173,262,166,0
27950,173,262,165,0
28000,173,262,165,0
28050,173,262,165,0
28100,174,261,166,0
28150,173,261,166,0
28200,173,261,166,0
28250,174,262,167,0
28300,174,261,166,0
28350,173,262,167,0
28400,173,262,167,0
28450,172,263,167,0
28500,173,263,165,0
28550,173,262,167,0
28600,173,262,167,0
28650,173,263,167,0
28700,173,263,166,0
28750,173,264,167,0
28800,173,264,167,0
28850,172,262,166,0
28900,171,262,167,0
28951,172,262,166,0
29000,172,262,166,0
29050,173,262,167,0
29100,173,262,166,0
29150,174,262,166,0
29200,174,262,166,0
29250,174,263,166,0
29300,173,263,167,0
29350,173,263,167,0
29400,174,264,166,0
29450,174,263,167,0
29500,173,262,166,0
29550,173,262,166,0
29600,173,264,166,0
29650,174,261,167,0
29700,173,263,167,0
29750,173,263,167,0
29800,174,262,166,0
29850,173,263,166,0
29900,174,263,166,0
29950,174,263,166,0
30000,174,261,167,0
30050,174,262,166,0
30100,174,263,166,0
30150,174,263,166,0
30200,174,262,167,0
30250,174,263,168,0
30300,173,264,168,0
30350,173,264,168,0
30400,174,263,166,0
30450,175,262,166,0
30500,174,263,166,0
30550,174,263,166,0
30600,174,263,166,0
30650,174,262,166,0
30700,174,260,166,0
30750,174,260,166,0
30800,174,262,167,0
30850,173,262,166,0
30900,173,262,166,0
30950,173,262,166,0
31000,174,262,166,0
31050,174,263,168,0
31100,174,261,167,0
31150,174,261,167,0
31200,174,262,166,0
31250,173,261,166,0
31300,173,262,166,0
31350,173,262,166,0
31400,174,261,166,0
31450,175,262,167,0
31500,174,263,166,0
31550,174,263,166,0
31600,174,262,166,0
31650,174,263,166,0
31700,174,263,166,0
31750,172,262,168,0
31800,174,262,166,0
31850,174,261,166,0
31900,174,261,166,0
31951,173,262,167,0
32000,174,261,166,0
32050,174,263,167,0
32100,174,263,167,0
32150,175,261,166,0
32200,174,262,167,0
32250,174,261,166,0
32300,174,261,166,0
32350,175,263,166,0
32400,174,263,166,0
32450,174,260,166,0
32500,174,260,166,0
32550,173,262,167,0
32600,173,263,166,0
32650,173,261,167,0
32700,173,261,167,0
32750,173,261,167,0
32800,174,261,167,0
32850,174,261,165,0
32900,174,261,165,0
32950,174,262,167,0
33000,175,261,166,0
33050,174,263,167,0
33100,174,263,167,0
33150,174,261,167,0
33200,174,261,166,0
33250,174,263,166,0
33300,174,263,166,0
33350,174,262,166,0
33400,174,263,165,0
33450,174,262,168,0
33500,174,262,168,0
33550,173,261,165,0
33600,173,262,166,0
33650,173,263,166,0
33700,173,263,166,0
33750,173,261,167,0
33800,174,262,166,0
33850,173,263,167,0
33900,173,263,167,0
33950,173,262,166,0
34000,174,261,165,0
34050,174,261,167,0
34100,174,261,167,0
34150,174,261,167,0
34200,174,261,167,0
34250,174,261,167,0
34300,174,261,167,0
34350,173,261,165,0
34400,173,265,166,0
34450,173,265,166,0
34500,174,262,169,0
34550,175,263,166,0
34600,173,263,167,0
34650,173,263,167,0
34700,173,262,167,0
34750,173,263,167,0
34800,174,262,167,0
34851,174,262,167,0
34900,174,261,166,0
34950,174,263,166,0
35000,173,261,167,0
35050,173,261,167,0
35100,174,261,166,0
35150,174,263,166,0
35200,174,262,166,0
35250,174,262,166,0
35300,174,262,166,0
35350,174,263,166,0
35400,173,262,165,0
35450,173,262,165,0
35500,173,260,166,0
35550,174,262,166,0
35600,173,262,167,0
35650,173,262,167,0
35700,173,263,166,0
35750,174,261,165,0
35800,174,262,166,0
35850,174,262,166,0
35900,172,263,166,0
35950,173,262,167,0
36000,174,261,165,0
36050,174,261,165,0
36100,175,261,166,0
36150,173,261,166,0
36200,173,261,167,0
36250,173,261,167,0
36300,173,262,167,0
36351,174,263,166,0
36400,173,262,167,0
36450,173,262,167,0
36500,175,262,166,0
36550,174,262,166,0
36600,174,263,167,0
36650,174,263,167,0
36700,173,261,166,0
36750,174,261,166,0
36800,174,261,166,0
36850,174,262,168,0
36900,174,261,167,0
36950,173,261,167,0
37000,173,261,167,0
37050,175,261,168,0
37100,174,262,166,0
37150,173,263,166,0
37200,173,263,166,0
37250,174,262,167,0
37300,174,262,166,0
37350,174,263,166,0
37400,174,263,166,0
37450,173,261,166,0
37500,173,261,166,0
37550,174,262,167,0
37600,174,262,167,0
37650,173,263,167,0
37700,174,261,167,0
37750,174,262,166,0
37800,174,262,166,0
37850,174,263,166,0
37900,173,261,166,0
37950,173,261,165,0
38000,173,261,165,0
38050,174,261,167,0
38100,173,262,166,0
38150,174,262,166,0
38200,174,262,166,0
38250,174,261,167,0
38300,173,263,166,0
38350,174,262,167,0
38400,174,262,167,0
38450,173,261,166,0
38500,174,262,167,0
38550,174,262,167,0
38600,174,262,167,0
38650,174,261,165,0
38700,174,261,167,0
38750,174,262,166,0
38800,174,262,166,0
38850,174,263,166,0
38900,174,262,167,0
38950,174,261,165,0
39000,174,261,165,0
39050,173,263,167,0
39100,174,262,166,0
39150,173,262,167,0
39200,173,262,167,0
39250,174,262,167,0
39300,173,263,167,0
39350,173,263,167,0
39400,174,261,165,0
39450,173,262,167,0
39500,174,263,166,0
39550,174,263,166,0
39600,174,262,168,0
39650,174,264,167,0
39700,174,263,167,0
39750,174,263,167,0
39800,174,261,166,0
39850,173,263,166,0
39900,174,263,167,0
39950,174,263,167,0
40000,173,261,167,0
40050,173,262,166,0
40100,173,262,166,0
40150,173,262,166,0
40200,174,261,166,0
40250,174,262,167,0
40300,174,261,166,0
40350,174,261,166,0
40400,174,262,166,0
40450,175,262,166,0
40500,173,262,166,0
40550,173,262,166,0
40600,174,263,166,0
40650,175,261,167,0
40700,174,262,166,0
40750,174,262,166,0
40800,173,262,167,0
40851,174,263,166,0
40900,174,261,165,0
40950,174,261,165,0
41000,172,261,167,0
41050,174,262,167,0
41100,173,261,166,0
41150,173,261,166,0
41200,173,262,167,0
41250,173,261,166,0
41300,174,263,167,0
41350,174,263,167,0
41400,174,262,167,0
41450,173,262,166,0
41500,174,262,166,0
41550,174,262,166,0
41600,173,262,166,0
41650,173,261,166,0
41700,174,262,166,0
41750,174,262,166,0
41800,174,262,167,0
41850,173,262,166,0
41900,173,262,166,0
41950,174,262,166,0
42000,175,262,166,0
42050,174,263,168,0
42100,174,263,168,0
42150,174,261,166,0
42200,173,261,167,0
42250,174,262,167,0
42300,174,262,167,0
42350,173,263,167,0
42400,174,263,166,0
42450,173,259,166,0
42500,173,259,166,0
42550,174,261,166,0
42601,173,262,168,0
42650,173,262,165,0
42700,173,262,165,0
42750,174,262,167,0
42800,174,262,167,0
42850,174,261,166,0
42900,174,261,166,0
42950,173,262,166,0
43000,174,262,167,0
43050,173,262,167,0
43100,173,262,167,0
43150,174,262,167,0
43200,174,263,167,0
43250,174,261,166,0
43300,174,261,166,0
43350,174,261,166,0
43400,173,262,166,0
43450,174,260,166,0
43500,174,260,166,0
43550,174,261,166,0
43600,174,262,166,0
43650,174,262,165,0
43700,174,262,165,0
43750,173,262,166,0
43800,172,261,165,0
43850,173,261,166,0
43900,173,261,166,0
43950,173,263,165,0
44000,172,262,166,0
44050,173,262,165,0
44100,173,262,165,0
44150,173,263,166,0
44200,174,260,164,0
44250,173,261,166,0
44300,173,261,166,0
44350,172,261,166,0
44400,174,260,165,0
44450,174,260,165,0
44500,173,262,166,0
44550,171,261,166,0
44600,173,260,164,0
44650,173,260,164,0
44700,171,260,166,0
44750,172,260,164,0
44800,172,260,165,0
44850,172,260,165,0
44900,171,260,165,0
44950,172,260,165,0
45000,172,261,165,0
45050,172,261,165,0
45100,173,259,165,0
45150,174,260,165,0
45200,172,261,164,0
45250,172,261,164,0
45300,172,261,165,0
45350,172,260,165,0
45400,173,260,164,0
45451,173,260,164,0
45500,173,261,165,0
45550,172,260,164,0
45600,172,260,165,0
45650,172,260,165,0
45700,172,262,165,0
45750,173,260,164,0
45800,172,262,164,0
45850,172,262,164,0
45900,173,262,165,0
45950,172,260,164,0
46000,173,261,164,0
46050,173,261,164,0
46100,172,261,164,0
46150,172,261,164,0
46200,172,261,164,0
46250,172,261,164,0
46300,172,261,165,0
46350,173,260,165,0
46400,172,260,165,0
46450,172,260,165,0
46500,173,260,164,0
46550,172,262,164,0
46600,172,259,164,0
46650,172,259,164,0
46700,173,259,164,0
46750,172,260,165,0
46800,172,260,166,0
46850,172,260,166,0
46900,173,259,165,0
46950,172,259,164,0
47000,172,259,164,0
47050,172,260,166,0
47100,173,260,164,0
47150,173,260,165,0
47200,173,260,165,0
47250,171,260,166,0
47300,172,260,165,0
47350,172,259,165,0
47400,172,259,165,0
47450,172,260,165,0
47500,172,258,164,0
47550,172,260,165,0
47600,172,260,165,0
47650,172,259,165,0
47700,173,259,164,0
47750,172,260,165,0
47800,172,260,165,0
47850,173,259,165,0
47900,172,259,162,0
47950,172,259,165,0
48000,172,259,165,0
48050,172,259,165,0
48100,173,259,165,0
48150,172,259,166,0
48200,172,259,166,0
48250,172,260,163,0
48300,173,260,166,0
48351,172,260,164,0
48400,172,260,164,0
48450,172,259,164,0
48500,173,260,165,0
48550,172,259,164,0
48600,172,259,164,0
48650,173,258,164,0
48700,171,259,165,0
48750,172,260,165,0
48800,172,260,165,0
48850,172,260,164,0
48900,173,259,163,0
48950,173,259,164,0
49000,173,259,164,0
49050,173,260,165,0
49100,172,259,164,0
49150,172,259,165,0
49200,172,259,165,0
49250,172,260,165,0
49300,172,261,164,0
49350,172,259,165,0
49400,172,259,165,0
49450,173,259,165,0
49500,172,260,164,0
49550,172,260,164,0
49600,173,260,166,0
49650,173,260,164,0
49700,173,259,165,0
49750,173,259,165,0
49801,172,260,165,0
49850,172,259,164,0
49900,171,259,164,0
49950,171,259,164,0
50000,172,260,165,0
50050,172,259,165,0
50100,173,259,165,0
50150,173,259,165,0
50200,173,258,164,0
50250,172,260,165,0
50300,172,260,164,0
50350,172,260,164,0
50400,172,259,165,0
50450,172,259,165,0
50500,172,261,165,0
50550,172,261,165,0
50600,172,259,164,0
50650,172,259,164,0
50700,171,261,164,0
50750,171,261,164,0
50800,173,259,165,0
50850,172,259,164,0
50900,173,259,164,0
50950,173,259,164,0
51000,172,259,165,0
51050,172,260,164,0
51100,172,259,165,0
51150,172,259,165,0
51200,174,259,165,0
51250,172,261,166,0
51300,173,259,164,0
51350,173,259,164,0
51400,172,261,164,0
51450,171,261,164,0
51500,172,260,164,0
51550,172,260,164,0
51600,172,260,165,0
51650,172,259,164,0
51700,171,261,166,0
51750,171,261,166,0
51800,172,259,164,0
51850,171,260,164,0
51900,171,260,165,0
51950,172,260,165,0
52000,171,261,165,0
52050,172,261,166,0
52100,172,261,166,0
52150,172,260,164,0
52200,173,259,164,0
52250,173,259,164,0
52300,173,259,164,0
52350,173,260,164,0
52400,173,261,164,0
52450,172,259,163,0
52500,172,259,163,0
52550,173,260,164,0
52600,171,260,165,0
52650,172,260,165,0
52700,172,260,165,0
52750,173,260,163,0
52800,172,261,164,0
52850,172,259,166,0
52900,172,259,166,0
52950,172,260,165,0
53000,173,258,165,0
53050,173,260,166,0
53100,173,260,166,0
53150,173,260,165,0
53200,173,258,164,0
53250,172,259,165,0
53300,172,259,165,0
53350,171,261,165,0
53400,172,259,164,0
53450,172,259,165,0
53500,172,259,165,0
53550,171,261,164,0
53600,173,259,164,0
53650,172,260,165,0
53700,172,260,165,0
53750,172,259,166,0
53800,172,260,165,0
53850,172,260,165,0
53900,172,260,165,0
53950,172,259,164,0
54000,172,259,164,0
54050,173,260,165,0
54100,173,260,165,0
54150,173,259,163,0
54200,172,260,164,0
54250,172,261,165,0
54300,172,261,165,0
54351,172,261,165,0
54400,172,258,165,0
54450,172,258,164,0
54500,172,258,164,0
54550,172,259,164,0
54600,172,260,165,0
54650,172,260,165,0
54700,173,259,165,0
54750,174,260,164,0
54800,173,260,164,0
54850,173,260,164,0
54900,173,260,165,0
54950,172,260,165,0
55000,172,259,166,0
55050,172,259,166,0
55100,173,259,164,0
55150,172,260,164,0
55200,172,260,165,0
55250,172,260,165,0
55300,173,259,164,0
55350,173,259,164,0
55400,172,260,164,0
55450,172,260,164,0
55500,171,260,164,0
55550,172,261,164,0
55600,173,260,165,0
55650,173,260,165,0
55700,172,259,164,0
55750,172,259,164,0
55800,172,259,164,0
55850,172,259,164,0
55900,172,259,165,0
55950,172,261,166,0
56000,172,259,164,0
56050,172,259,164,0
56100,172,260,164,0
56150,171,261,164,0
56200,172,260,164,0
56250,172,260,164,0
56300,172,259,165,0
56350,172,260,164,0
56400,172,260,165,0
56450,172,260,165,0
56500,172,259,166,0
56550,173,259,165,0
56600,172,261,165,0
56650,172,261,165,0
56700,172,260,165,0
56750,172,261,165,0
56800,172,261,164,0
56850,172,261,164,0
56900,172,259,165,0
56950,172,259,165,0
57000,172,261,165,0
57050,172,261,165,0
57100,172,260,165,0
57150,172,259,165,0
57200,172,259,165,0
57250,172,261,165,0
57300,173,260,165,0
57350,171,259,164,0
57400,171,259,164,0
57451,173,259,164,0
57500,172,260,165,0
57550,172,259,164,0
57600,172,259,164,0
57650,173,259,165,0
57700,172,260,165,0
57750,172,261,165,0
57800,172,261,165,0
57850,173,260,165,0
57900,172,259,164,0
57950,173,261,165,0
58000,173,261,165,0
58050,173,261,165,0
58100,174,261,165,0
58150,173,262,166,0
58200,173,262,166,0
58250,174,261,166,0
58300,173,262,165,0
58350,174,259,165,0
58400,174,259,165,0
58450,173,262,166,0
58500,173,261,165,0
58550,173,262,166,0
58600,173,262,166,0
58650,173,262,166,0
58700,173,261,166,0
58750,172,262,166,0
58800,172,262,166,0
58850,173,260,166,0
58900,173,262,165,0
58950,174,259,166,0
59000,174,259,166,0
59050,172,262,166,0
59100,173,261,166,0
59150,174,262,167,0
59200,174,262,167,0
59250,173,261,165,0
59300,173,263,167,0
59350,174,261,166,0
59400,174,261,166,0
59450,174,263,167,0
59500,172,263,167,0
59550,173,261,166,0
59600,173,261,166,0
59650,174,261,167,0
59700,173,264,166,0
59750,173,264,166,0
59800,174,261,166,0
59850,173,262,167,0
59900,173,263,166,0
59950,173,263,166,0
