t_ms,initialized,gps_fix,satellites,hdop,gps_lat,gps_lon,gps_alt_m,est_lat,est_lon,est_alt_m,e_m,n_m,u_m,ve_mps,vn_mps,vu_mps,roll_deg,pitch_deg,yaw_deg,innov_xy_m,sigma_e_m,sigma_n_m,imu_hz,gps_updates,gps_rejects,nmea_count
31413,0,0,0,99.0,0.0,0.0,0.0,0.0,0.0,0.0,0.0,0.0,0.0,0.0,0.0,0.0,17.29,0.43,-112.71,0.0,0.0,0.0,0.0,0,0,2
31613,0,0,0,99.99,0.0,0.0,0.0,0.0,0.0,0.0,0.0,0.0,0.0,0.0,0.0,0.0,17.24,0.41,-112.69,0.0,0.0,0.0,0.0,0,0,6
31813,0,0,0,99.99,0.0,0.0,0.0,0.0,0.0,0.0,0.0,0.0,0.0,0.0,0.0,0.0,17.19,0.4,-112.67,0.0,0.0,0.0,0.0,0,0,6
32013,0,0,0,99.99,0.0,0.0,0.0,0.0,0.0,0.0,0.0,0.0,0.0,0.0,0.0,0.0,17.15,0.4,-112.65,0.0,0.0,0.0,0.0,0,0,6
32213,0,0,0,99.99,0.0,0.0,0.0,0.0,0.0,0.0,0.0,0.0,0.0,0.0,0.0,0.0,17.14,0.38,-112.61,0.0,0.0,0.0,101.0,0,0,6
32413,0,0,0,99.99,0.0,0.0,0.0,0.0,0.0,0.0,0.0,0.0,0.0,0.0,0.0,0.0,17.13,0.38,-112.61,0.0,0.0,0.0,101.0,0,0,8
32613,0,0,0,99.99,0.0,0.0,0.0,0.0,0.0,0.0,0.0,0.0,0.0,0.0,0.0,0.0,17.11,0.38,-112.61,0.0,0.0,0.0,101.0,0,0,12
32813,0,0,0,99.99,0.0,0.0,0.0,0.0,0.0,0.0,0.0,0.0,0.0,0.0,0.0,0.0,17.1,0.38,-112.61,0.0,0.0,0.0,101.0,0,0,12
33013,0,0,0,99.99,0.0,0.0,0.0,0.0,0.0,0.0,0.0,0.0,0.0,0.0,0.0,0.0,17.09,0.38,-112.6,0.0,0.0,0.0,101.0,0,0,12
33213,0,0,0,99.99,0.0,0.0,0.0,0.0,0.0,0.0,0.0,0.0,0.0,0.0,0.0,0.0,17.08,0.37,-112.58,0.0,0.0,0.0,100.0,0,0,12
33413,0,0,0,99.99,0.0,0.0,0.0,0.0,0.0,0.0,0.0,0.0,0.0,0.0,0.0,0.0,17.06,0.38,-112.6,0.0,0.0,0.0,100.0,0,0,14
33614,0,0,0,99.99,0.0,0.0,0.0,0.0,0.0,0.0,0.0,0.0,0.0,0.0,0.0,0.0,17.04,0.39,-112.61,0.0,0.0,0.0,100.0,0,0,18
33823,0,0,0,99.99,0.0,0.0,0.0,0.0,0.0,0.0,0.0,0.0,0.0,0.0,0.0,0.0,17.04,0.38,-112.63,0.0,0.0,0.0,100.0,0,0,18
34023,0,0,0,99.99,0.0,0.0,0.0,0.0,0.0,0.0,0.0,0.0,0.0,0.0,0.0,0.0,17.05,0.39,-112.64,0.0,0.0,0.0,100.0,0,0,18
34223,0,0,0,99.99,0.0,0.0,0.0,0.0,0.0,0.0,0.0,0.0,0.0,0.0,0.0,0.0,17.05,0.38,-112.65,0.0,0.0,0.0,100.0,0,0,18
34423,0,0,0,99.99,0.0,0.0,0.0,0.0,0.0,0.0,0.0,0.0,0.0,0.0,0.0,0.0,17.05,0.39,-112.68,0.0,0.0,0.0,100.0,0,0,20
34623,0,0,0,99.99,0.0,0.0,0.0,0.0,0.0,0.0,0.0,0.0,0.0,0.0,0.0,0.0,17.05,0.39,-112.67,0.0,0.0,0.0,100.0,0,0,24
34823,0,0,0,99.99,0.0,0.0,0.0,0.0,0.0,0.0,0.0,0.0,0.0,0.0,0.0,0.0,17.04,0.38,-112.68,0.0,0.0,0.0,100.0,0,0,24
35023,0,0,0,99.99,0.0,0.0,0.0,0.0,0.0,0.0,0.0,0.0,0.0,0.0,0.0,0.0,17.04,0.37,-112.68,0.0,0.0,0.0,100.0,0,0,24
35223,0,0,0,99.99,0.0,0.0,0.0,0.0,0.0,0.0,0.0,0.0,0.0,0.0,0.0,0.0,17.04,0.37,-112.66,0.0,0.0,0.0,100.0,0,0,24
35423,0,0,0,99.99,0.0,0.0,0.0,0.0,0.0,0.0,0.0,0.0,0.0,0.0,0.0,0.0,17.05,0.37,-112.63,0.0,0.0,0.0,100.0,0,0,26
35623,0,0,0,99.99,0.0,0.0,0.0,0.0,0.0,0.0,0.0,0.0,0.0,0.0,0.0,0.0,17.05,0.38,-112.63,0.0,0.0,0.0,100.0,0,0,30
35823,0,0,0,99.99,0.0,0.0,0.0,0.0,0.0,0.0,0.0,0.0,0.0,0.0,0.0,0.0,17.05,0.37,-112.61,0.0,0.0,0.0,100.0,0,0,30
36023,0,0,0,99.99,0.0,0.0,0.0,0.0,0.0,0.0,0.0,0.0,0.0,0.0,0.0,0.0,17.04,0.38,-112.62,0.0,0.0,0.0,100.0,0,0,30
36223,0,0,0,99.99,0.0,0.0,0.0,0.0,0.0,0.0,0.0,0.0,0.0,0.0,0.0,0.0,17.04,0.38,-112.63,0.0,0.0,0.0,100.0,0,0,30
36426,0,0,0,99.99,0.0,0.0,0.0,0.0,0.0,0.0,0.0,0.0,0.0,0.0,0.0,0.0,17.05,0.38,-112.63,0.0,0.0,0.0,100.0,0,0,32
36633,0,0,0,99.99,0.0,0.0,0.0,0.0,0.0,0.0,0.0,0.0,0.0,0.0,0.0,0.0,17.03,0.38,-112.63,0.0,0.0,0.0,100.0,0,0,36
36833,0,0,0,99.99,0.0,0.0,0.0,0.0,0.0,0.0,0.0,0.0,0.0,0.0,0.0,0.0,17.04,0.39,-112.62,0.0,0.0,0.0,100.0,0,0,36
37033,0,0,0,99.99,0.0,0.0,0.0,0.0,0.0,0.0,0.0,0.0,0.0,0.0,0.0,0.0,17.03,0.38,-112.62,0.0,0.0,0.0,100.0,0,0,36
37233,0,0,0,99.99,0.0,0.0,0.0,0.0,0.0,0.0,0.0,0.0,0.0,0.0,0.0,0.0,16.98,0.61,-112.43,0.0,0.0,0.0,99.9,0,0,36
37433,0,0,0,99.99,0.0,0.0,0.0,0.0,0.0,0.0,0.0,0.0,0.0,0.0,0.0,0.0,23.5,4.91,-115.81,0.0,0.0,0.0,99.9,0,0,38
37633,0,0,0,99.99,0.0,0.0,0.0,0.0,0.0,0.0,0.0,0.0,0.0,0.0,0.0,0.0,21.42,3.5,-114.55,0.0,0.0,0.0,99.9,0,0,42
37833,0,0,0,99.99,0.0,0.0,0.0,0.0,0.0,0.0,0.0,0.0,0.0,0.0,0.0,0.0,6.06,-6.85,-115.4,0.0,0.0,0.0,99.9,0,0,42
38033,0,0,0,99.99,0.0,0.0,0.0,0.0,0.0,0.0,0.0,0.0,0.0,0.0,0.0,0.0,-14.79,-13.9,-108.7,0.0,0.0,0.0,99.9,0,0,42
38233,0,0,0,99.99,0.0,0.0,0.0,0.0,0.0,0.0,0.0,0.0,0.0,0.0,0.0,0.0,-24.2,-16.72,-99.6,0.0,0.0,0.0,100.0,0,0,42
38433,0,0,0,99.99,0.0,0.0,0.0,0.0,0.0,0.0,0.0,0.0,0.0,0.0,0.0,0.0,-26.41,-15.19,-92.46,0.0,0.0,0.0,100.0,0,0,44
38633,0,0,0,99.99,0.0,0.0,0.0,0.0,0.0,0.0,0.0,0.0,0.0,0.0,0.0,0.0,-18.24,-9.51,-89.43,0.0,0.0,0.0,100.0,0,0,48
38833,0,0,0,99.99,0.0,0.0,0.0,0.0,0.0,0.0,0.0,0.0,0.0,0.0,0.0,0.0,-10.86,1.25,-90.69,0.0,0.0,0.0,100.0,0,0,48
39033,0,0,0,99.99,0.0,0.0,0.0,0.0,0.0,0.0,0.0,0.0,0.0,0.0,0.0,0.0,-6.26,12.12,-86.86,0.0,0.0,0.0,100.0,0,0,48
39233,0,0,0,99.99,0.0,0.0,0.0,0.0,0.0,0.0,0.0,0.0,0.0,0.0,0.0,0.0,-4.08,15.35,-84.88,0.0,0.0,0.0,100.1,0,0,48
39433,0,0,0,99.99,0.0,0.0,0.0,0.0,0.0,0.0,0.0,0.0,0.0,0.0,0.0,0.0,-0.7,15.12,-81.47,0.0,0.0,0.0,100.1,0,0,50
39633,0,0,0,99.99,0.0,0.0,0.0,0.0,0.0,0.0,0.0,0.0,0.0,0.0,0.0,0.0,0.93,5.34,-77.95,0.0,0.0,0.0,100.1,0,0,54
39833,0,0,0,99.99,0.0,0.0,0.0,0.0,0.0,0.0,0.0,0.0,0.0,0.0,0.0,0.0,-5.87,-3.87,-74.73,0.0,0.0,0.0,100.1,0,0,54
40033,0,0,0,99.99,0.0,0.0,0.0,0.0,0.0,0.0,0.0,0.0,0.0,0.0,0.0,0.0,-5.1,-1.78,-68.39,0.0,0.0,0.0,100.1,0,0,54
40233,0,0,0,99.99,0.0,0.0,0.0,0.0,0.0,0.0,0.0,0.0,0.0,0.0,0.0,0.0,-6.36,-5.35,-64.3,0.0,0.0,0.0,100.0,0,0,54
40433,0,0,0,99.99,0.0,0.0,0.0,0.0,0.0,0.0,0.0,0.0,0.0,0.0,0.0,0.0,4.22,-24.29,-73.59,0.0,0.0,0.0,100.0,0,0,56
40633,0,0,0,99.99,0.0,0.0,0.0,0.0,0.0,0.0,0.0,0.0,0.0,0.0,0.0,0.0,4.25,-26.31,-75.8,0.0,0.0,0.0,100.0,0,0,60
40833,0,0,0,99.99,0.0,0.0,0.0,0.0,0.0,0.0,0.0,0.0,0.0,0.0,0.0,0.0,3.77,-29.24,-80.78,0.0,0.0,0.0,100.0,0,0,60
41033,0,0,0,99.99,0.0,0.0,0.0,0.0,0.0,0.0,0.0,0.0,0.0,0.0,0.0,0.0,2.99,-26.07,-78.73,0.0,0.0,0.0,100.0,0,0,60
41233,0,0,0,99.99,0.0,0.0,0.0,0.0,0.0,0.0,0.0,0.0,0.0,0.0,0.0,0.0,1.78,-19.49,-73.61,0.0,0.0,0.0,100.0,0,0,60
41434,0,0,0,99.99,0.0,0.0,0.0,0.0,0.0,0.0,0.0,0.0,0.0,0.0,0.0,0.0,1.12,-22.72,-70.41,0.0,0.0,0.0,100.0,0,0,62
41643,0,0,0,99.99,0.0,0.0,0.0,0.0,0.0,0.0,0.0,0.0,0.0,0.0,0.0,0.0,-3.29,-12.55,-67.19,0.0,0.0,0.0,100.0,0,0,66
41843,0,0,0,99.99,0.0,0.0,0.0,0.0,0.0,0.0,0.0,0.0,0.0,0.0,0.0,0.0,-3.61,-16.32,-64.15,0.0,0.0,0.0,100.0,0,0,66
42043,0,0,0,99.99,0.0,0.0,0.0,0.0,0.0,0.0,0.0,0.0,0.0,0.0,0.0,0.0,-4.36,-16.92,-60.37,0.0,0.0,0.0,100.0,0,0,66
42243,0,0,0,99.99,0.0,0.0,0.0,0.0,0.0,0.0,0.0,0.0,0.0,0.0,0.0,0.0,-4.44,-17.93,-56.81,0.0,0.0,0.0,100.0,0,0,66
42443,0,0,0,99.99,0.0,0.0,0.0,0.0,0.0,0.0,0.0,0.0,0.0,0.0,0.0,0.0,-2.04,-22.63,-53.91,0.0,0.0,0.0,100.0,0,0,69
42644,0,0,0,99.99,0.0,0.0,0.0,0.0,0.0,0.0,0.0,0.0,0.0,0.0,0.0,0.0,0.62,-22.02,-54.11,0.0,0.0,0.0,100.0,0,0,72
42853,0,0,0,99.99,0.0,0.0,0.0,0.0,0.0,0.0,0.0,0.0,0.0,0.0,0.0,0.0,2.92,-26.77,-55.84,0.0,0.0,0.0,100.0,0,0,72
43053,0,0,0,99.99,0.0,0.0,0.0,0.0,0.0,0.0,0.0,0.0,0.0,0.0,0.0,0.0,2.54,-35.44,-55.79,0.0,0.0,0.0,100.0,0,0,72
43253,0,0,0,99.99,0.0,0.0,0.0,0.0,0.0,0.0,0.0,0.0,0.0,0.0,0.0,0.0,-0.01,-35.96,-52.4,0.0,0.0,0.0,100.0,0,0,72
43453,0,0,0,99.99,0.0,0.0,0.0,0.0,0.0,0.0,0.0,0.0,0.0,0.0,0.0,0.0,-7.76,-16.38,-50.09,0.0,0.0,0.0,100.0,0,0,75
43653,0,0,0,99.99,0.0,0.0,0.0,0.0,0.0,0.0,0.0,0.0,0.0,0.0,0.0,0.0,-8.81,0.76,-46.51,0.0,0.0,0.0,100.0,0,0,78
43853,0,0,0,99.99,0.0,0.0,0.0,0.0,0.0,0.0,0.0,0.0,0.0,0.0,0.0,0.0,-7.75,12.85,-44.13,0.0,0.0,0.0,100.0,0,0,78
44053,0,0,0,99.99,0.0,0.0,0.0,0.0,0.0,0.0,0.0,0.0,0.0,0.0,0.0,0.0,-7.48,18.96,-44.32,0.0,0.0,0.0,100.0,0,0,78
44253,0,0,0,99.99,0.0,0.0,0.0,0.0,0.0,0.0,0.0,0.0,0.0,0.0,0.0,0.0,-8.36,20.42,-46.35,0.0,0.0,0.0,100.0,0,0,78
44453,0,0,0,99.99,0.0,0.0,0.0,0.0,0.0,0.0,0.0,0.0,0.0,0.0,0.0,0.0,-8.86,23.31,-48.16,0.0,0.0,0.0,100.0,0,0,81
44653,0,0,0,99.99,0.0,0.0,0.0,0.0,0.0,0.0,0.0,0.0,0.0,0.0,0.0,0.0,-8.94,23.41,-50.07,0.0,0.0,0.0,100.0,0,0,84
44853,0,0,0,99.99,0.0,0.0,0.0,0.0,0.0,0.0,0.0,0.0,0.0,0.0,0.0,0.0,-8.58,22.64,-51.05,0.0,0.0,0.0,100.0,0,0,84
45053,0,0,0,99.99,0.0,0.0,0.0,0.0,0.0,0.0,0.0,0.0,0.0,0.0,0.0,0.0,-8.23,22.24,-51.61,0.0,0.0,0.0,100.0,0,0,84
45253,0,0,0,99.99,0.0,0.0,0.0,0.0,0.0,0.0,0.0,0.0,0.0,0.0,0.0,0.0,-7.88,22.25,-52.0,0.0,0.0,0.0,100.0,0,0,84
45458,0,0,0,99.99,0.0,0.0,0.0,0.0,0.0,0.0,0.0,0.0,0.0,0.0,0.0,0.0,-7.19,21.43,-52.35,0.0,0.0,0.0,100.0,0,0,87
45663,0,0,0,99.99,0.0,0.0,0.0,0.0,0.0,0.0,0.0,0.0,0.0,0.0,0.0,0.0,-6.72,20.58,-52.35,0.0,0.0,0.0,100.0,0,0,90
45863,0,0,0,99.99,0.0,0.0,0.0,0.0,0.0,0.0,0.0,0.0,0.0,0.0,0.0,0.0,-6.47,19.94,-52.28,0.0,0.0,0.0,100.0,0,0,90
46063,0,0,0,99.99,0.0,0.0,0.0,0.0,0.0,0.0,0.0,0.0,0.0,0.0,0.0,0.0,-5.72,17.02,-51.98,0.0,0.0,0.0,100.0,0,0,90
46263,0,0,0,99.99,0.0,0.0,0.0,0.0,0.0,0.0,0.0,0.0,0.0,0.0,0.0,0.0,-4.9,10.16,-50.9,0.0,0.0,0.0,100.0,0,0,90
46463,0,0,0,99.99,0.0,0.0,0.0,0.0,0.0,0.0,0.0,0.0,0.0,0.0,0.0,0.0,-5.37,1.1,-48.5,0.0,0.0,0.0,100.0,0,0,93
46663,0,0,0,99.99,0.0,0.0,0.0,0.0,0.0,0.0,0.0,0.0,0.0,0.0,0.0,0.0,-5.72,0.43,-45.05,0.0,0.0,0.0,100.0,0,0,96
46863,0,0,0,99.99,0.0,0.0,0.0,0.0,0.0,0.0,0.0,0.0,0.0,0.0,0.0,0.0,-6.25,0.92,-42.07,0.0,0.0,0.0,100.0,0,0,96
47063,0,0,0,99.99,0.0,0.0,0.0,0.0,0.0,0.0,0.0,0.0,0.0,0.0,0.0,0.0,-5.29,6.78,-39.89,0.0,0.0,0.0,100.0,0,0,96
47263,0,0,0,99.99,0.0,0.0,0.0,0.0,0.0,0.0,0.0,0.0,0.0,0.0,0.0,0.0,-4.11,11.98,-39.64,0.0,0.0,0.0,99.9,0,0,96
47463,0,0,0,99.99,0.0,0.0,0.0,0.0,0.0,0.0,0.0,0.0,0.0,0.0,0.0,0.0,-3.72,15.81,-40.13,0.0,0.0,0.0,99.9,0,0,99
47663,0,0,0,99.99,0.0,0.0,0.0,0.0,0.0,0.0,0.0,0.0,0.0,0.0,0.0,0.0,-3.88,16.93,-41.43,0.0,0.0,0.0,99.9,0,0,102
47863,0,0,0,99.99,0.0,0.0,0.0,0.0,0.0,0.0,0.0,0.0,0.0,0.0,0.0,0.0,-3.99,16.32,-42.81,0.0,0.0,0.0,99.9,0,0,102
48063,0,0,0,99.99,0.0,0.0,0.0,0.0,0.0,0.0,0.0,0.0,0.0,0.0,0.0,0.0,-3.99,15.81,-43.88,0.0,0.0,0.0,99.9,0,0,102
48263,0,0,0,99.99,0.0,0.0,0.0,0.0,0.0,0.0,0.0,0.0,0.0,0.0,0.0,0.0,-0.86,6.18,-44.36,0.0,0.0,0.0,100.1,0,0,102
48463,0,0,0,99.99,0.0,0.0,0.0,0.0,0.0,0.0,0.0,0.0,0.0,0.0,0.0,0.0,12.89,-27.34,-48.45,0.0,0.0,0.0,100.1,0,0,105
48663,0,0,0,99.99,0.0,0.0,0.0,0.0,0.0,0.0,0.0,0.0,0.0,0.0,0.0,0.0,14.85,-38.38,-50.49,0.0,0.0,0.0,100.1,0,0,108
48863,0,0,0,99.99,0.0,0.0,0.0,0.0,0.0,0.0,0.0,0.0,0.0,0.0,0.0,0.0,1.04,-66.22,-38.7,0.0,0.0,0.0,100.1,0,0,108
49063,0,0,0,99.99,0.0,0.0,0.0,0.0,0.0,0.0,0.0,0.0,0.0,0.0,0.0,0.0,-139.61,-74.87,110.18,0.0,0.0,0.0,100.1,0,0,108
49263,0,0,0,99.99,0.0,0.0,0.0,0.0,0.0,0.0,0.0,0.0,0.0,0.0,0.0,0.0,-146.97,-52.0,143.21,0.0,0.0,0.0,100.0,0,0,108
49463,0,0,0,99.99,0.0,0.0,0.0,0.0,0.0,0.0,0.0,0.0,0.0,0.0,0.0,0.0,-142.96,-47.88,152.58,0.0,0.0,0.0,100.0,0,0,111
49663,0,0,0,99.99,0.0,0.0,0.0,0.0,0.0,0.0,0.0,0.0,0.0,0.0,0.0,0.0,-140.3,-44.73,159.61,0.0,0.0,0.0,100.0,0,0,114
49863,0,0,0,99.99,0.0,0.0,0.0,0.0,0.0,0.0,0.0,0.0,0.0,0.0,0.0,0.0,-138.54,-44.7,164.22,0.0,0.0,0.0,100.0,0,0,114
50063,0,0,0,99.99,0.0,0.0,0.0,0.0,0.0,0.0,0.0,0.0,0.0,0.0,0.0,0.0,-138.02,-47.78,167.75,0.0,0.0,0.0,100.0,0,0,114
50263,0,0,0,99.99,0.0,0.0,0.0,0.0,0.0,0.0,0.0,0.0,0.0,0.0,0.0,0.0,-137.99,-51.48,172.96,0.0,0.0,0.0,100.0,0,0,114
50463,0,0,0,99.99,0.0,0.0,0.0,0.0,0.0,0.0,0.0,0.0,0.0,0.0,0.0,0.0,-140.65,-49.91,-176.7,0.0,0.0,0.0,100.0,0,0,117
50663,0,0,0,99.99,0.0,0.0,0.0,0.0,0.0,0.0,0.0,0.0,0.0,0.0,0.0,0.0,-141.65,-55.1,-171.94,0.0,0.0,0.0,100.0,0,0,120
50863,0,0,0,99.99,0.0,0.0,0.0,0.0,0.0,0.0,0.0,0.0,0.0,0.0,0.0,0.0,-141.81,-59.93,-165.98,0.0,0.0,0.0,100.0,0,0,120
51063,0,0,0,99.99,0.0,0.0,0.0,0.0,0.0,0.0,0.0,0.0,0.0,0.0,0.0,0.0,-145.88,-62.78,-156.66,0.0,0.0,0.0,100.0,0,0,120
51263,0,0,0,99.99,0.0,0.0,0.0,0.0,0.0,0.0,0.0,0.0,0.0,0.0,0.0,0.0,-127.96,-75.83,-171.89,0.0,0.0,0.0,100.0,0,0,120
51463,0,0,0,99.99,0.0,0.0,0.0,0.0,0.0,0.0,0.0,0.0,0.0,0.0,0.0,0.0,-18.38,-49.98,75.98,0.0,0.0,0.0,100.0,0,0,123
51663,0,0,0,99.99,0.0,0.0,0.0,0.0,0.0,0.0,0.0,0.0,0.0,0.0,0.0,0.0,-1.72,-17.5,61.65,0.0,0.0,0.0,100.0,0,0,126
51863,0,0,0,99.99,0.0,0.0,0.0,0.0,0.0,0.0,0.0,0.0,0.0,0.0,0.0,0.0,7.07,-13.07,45.6,0.0,0.0,0.0,100.0,0,0,126
52063,0,0,0,99.99,0.0,0.0,0.0,0.0,0.0,0.0,0.0,0.0,0.0,0.0,0.0,0.0,18.28,-21.45,25.39,0.0,0.0,0.0,100.0,0,0,126
52263,0,0,0,99.99,0.0,0.0,0.0,0.0,0.0,0.0,0.0,0.0,0.0,0.0,0.0,0.0,25.02,-20.67,16.53,0.0,0.0,0.0,100.0,0,0,126
52463,0,0,0,99.99,0.0,0.0,0.0,0.0,0.0,0.0,0.0,0.0,0.0,0.0,0.0,0.0,28.95,-19.59,6.74,0.0,0.0,0.0,100.0,0,0,129
52664,0,0,0,99.99,0.0,0.0,0.0,0.0,0.0,0.0,0.0,0.0,0.0,0.0,0.0,0.0,31.42,-16.33,0.13,0.0,0.0,0.0,100.0,0,0,132
52873,0,0,0,99.99,0.0,0.0,0.0,0.0,0.0,0.0,0.0,0.0,0.0,0.0,0.0,0.0,30.84,-12.81,-3.94,0.0,0.0,0.0,100.0,0,0,132
53073,0,0,0,99.99,0.0,0.0,0.0,0.0,0.0,0.0,0.0,0.0,0.0,0.0,0.0,0.0,30.04,-11.18,-9.67,0.0,0.0,0.0,100.0,0,0,132
53273,0,0,0,99.99,0.0,0.0,0.0,0.0,0.0,0.0,0.0,0.0,0.0,0.0,0.0,0.0,29.43,-7.99,-14.62,0.0,0.0,0.0,100.0,0,0,132
53473,0,0,0,99.99,0.0,0.0,0.0,0.0,0.0,0.0,0.0,0.0,0.0,0.0,0.0,0.0,27.86,-7.51,-19.95,0.0,0.0,0.0,100.0,0,0,135
53673,0,0,0,99.99,0.0,0.0,0.0,0.0,0.0,0.0,0.0,0.0,0.0,0.0,0.0,0.0,25.58,-7.44,-24.53,0.0,0.0,0.0,100.0,0,0,138
53873,0,0,0,99.99,0.0,0.0,0.0,0.0,0.0,0.0,0.0,0.0,0.0,0.0,0.0,0.0,23.81,-8.03,-29.01,0.0,0.0,0.0,100.0,0,0,138
54073,0,0,0,99.99,0.0,0.0,0.0,0.0,0.0,0.0,0.0,0.0,0.0,0.0,0.0,0.0,22.1,-8.78,-33.04,0.0,0.0,0.0,100.0,0,0,138
54273,0,0,0,99.99,0.0,0.0,0.0,0.0,0.0,0.0,0.0,0.0,0.0,0.0,0.0,0.0,19.96,-9.34,-36.33,0.0,0.0,0.0,100.0,0,0,138
54473,0,0,0,99.99,0.0,0.0,0.0,0.0,0.0,0.0,0.0,0.0,0.0,0.0,0.0,0.0,17.65,-10.41,-39.31,0.0,0.0,0.0,100.0,0,0,141
54673,0,0,0,99.99,0.0,0.0,0.0,0.0,0.0,0.0,0.0,0.0,0.0,0.0,0.0,0.0,15.4,-11.22,-41.78,0.0,0.0,0.0,100.0,0,0,144
54873,0,0,0,99.99,0.0,0.0,0.0,0.0,0.0,0.0,0.0,0.0,0.0,0.0,0.0,0.0,12.21,-12.13,-43.77,0.0,0.0,0.0,100.0,0,0,144
55073,0,0,0,99.99,0.0,0.0,0.0,0.0,0.0,0.0,0.0,0.0,0.0,0.0,0.0,0.0,9.84,-12.92,-45.37,0.0,0.0,0.0,100.0,0,0,144
55273,0,0,0,99.99,0.0,0.0,0.0,0.0,0.0,0.0,0.0,0.0,0.0,0.0,0.0,0.0,7.35,-13.62,-46.51,0.0,0.0,0.0,100.0,0,0,144
55473,0,0,0,99.99,0.0,0.0,0.0,0.0,0.0,0.0,0.0,0.0,0.0,0.0,0.0,0.0,3.62,-14.08,-47.4,0.0,0.0,0.0,100.0,0,0,147
55673,0,0,0,99.99,0.0,0.0,0.0,0.0,0.0,0.0,0.0,0.0,0.0,0.0,0.0,0.0,1.79,-14.63,-47.39,0.0,0.0,0.0,100.0,0,0,150
55873,0,0,0,99.99,0.0,0.0,0.0,0.0,0.0,0.0,0.0,0.0,0.0,0.0,0.0,0.0,4.41,-16.61,-47.18,0.0,0.0,0.0,100.0,0,0,150
56073,0,0,0,99.99,0.0,0.0,0.0,0.0,0.0,0.0,0.0,0.0,0.0,0.0,0.0,0.0,8.05,-22.74,-46.88,0.0,0.0,0.0,100.0,0,0,150
56273,0,0,0,99.99,0.0,0.0,0.0,0.0,0.0,0.0,0.0,0.0,0.0,0.0,0.0,0.0,3.86,-45.51,-43.15,0.0,0.0,0.0,100.0,0,0,150
56473,0,0,0,99.99,0.0,0.0,0.0,0.0,0.0,0.0,0.0,0.0,0.0,0.0,0.0,0.0,-5.92,-71.0,-31.29,0.0,0.0,0.0,100.0,0,0,153
56673,0,0,0,99.99,0.0,0.0,0.0,0.0,0.0,0.0,0.0,0.0,0.0,0.0,0.0,0.0,-144.09,-69.27,116.95,0.0,0.0,0.0,100.0,0,0,156
56873,0,0,0,99.99,0.0,0.0,0.0,0.0,0.0,0.0,0.0,0.0,0.0,0.0,0.0,0.0,-145.95,-28.61,134.91,0.0,0.0,0.0,100.0,0,0,156
57073,0,0,0,99.99,0.0,0.0,0.0,0.0,0.0,0.0,0.0,0.0,0.0,0.0,0.0,0.0,-145.47,-17.95,138.87,0.0,0.0,0.0,100.0,0,0,156
57273,0,0,0,99.99,0.0,0.0,0.0,0.0,0.0,0.0,0.0,0.0,0.0,0.0,0.0,0.0,-146.48,-13.48,141.15,0.0,0.0,0.0,100.0,0,0,156
57473,0,0,0,99.99,0.0,0.0,0.0,0.0,0.0,0.0,0.0,0.0,0.0,0.0,0.0,0.0,-147.46,-12.72,141.26,0.0,0.0,0.0,100.0,0,0,159
57673,0,0,0,99.99,0.0,0.0,0.0,0.0,0.0,0.0,0.0,0.0,0.0,0.0,0.0,0.0,-147.74,-12.71,141.1,0.0,0.0,0.0,100.0,0,0,162
57873,0,0,0,99.99,0.0,0.0,0.0,0.0,0.0,0.0,0.0,0.0,0.0,0.0,0.0,0.0,-147.95,-12.45,141.23,0.0,0.0,0.0,100.0,0,0,162
58073,0,0,0,99.99,0.0,0.0,0.0,0.0,0.0,0.0,0.0,0.0,0.0,0.0,0.0,0.0,-147.96,-12.43,141.46,0.0,0.0,0.0,100.0,0,0,162
58273,0,0,0,99.99,0.0,0.0,0.0,0.0,0.0,0.0,0.0,0.0,0.0,0.0,0.0,0.0,-148.02,-12.24,141.67,0.0,0.0,0.0,100.0,0,0,162
58474,0,0,0,99.99,0.0,0.0,0.0,0.0,0.0,0.0,0.0,0.0,0.0,0.0,0.0,0.0,-148.25,-11.99,141.99,0.0,0.0,0.0,100.0,0,0,165
58683,0,0,0,99.99,0.0,0.0,0.0,0.0,0.0,0.0,0.0,0.0,0.0,0.0,0.0,0.0,-148.3,-11.96,142.39,0.0,0.0,0.0,100.0,0,0,168
58883,0,0,0,99.99,0.0,0.0,0.0,0.0,0.0,0.0,0.0,0.0,0.0,0.0,0.0,0.0,-148.38,-11.87,142.79,0.0,0.0,0.0,100.0,0,0,168
59083,0,0,0,99.99,0.0,0.0,0.0,0.0,0.0,0.0,0.0,0.0,0.0,0.0,0.0,0.0,-148.5,-11.37,143.2,0.0,0.0,0.0,100.0,0,0,168
59283,0,0,0,99.99,0.0,0.0,0.0,0.0,0.0,0.0,0.0,0.0,0.0,0.0,0.0,0.0,-148.69,-11.18,143.78,0.0,0.0,0.0,100.0,0,0,168
59483,0,0,0,99.99,0.0,0.0,0.0,0.0,0.0,0.0,0.0,0.0,0.0,0.0,0.0,0.0,-149.02,-11.92,144.19,0.0,0.0,0.0,100.0,0,0,171
59683,0,0,0,99.99,0.0,0.0,0.0,0.0,0.0,0.0,0.0,0.0,0.0,0.0,0.0,0.0,-149.12,-12.43,144.35,0.0,0.0,0.0,100.0,0,0,174
59883,0,0,0,99.99,0.0,0.0,0.0,0.0,0.0,0.0,0.0,0.0,0.0,0.0,0.0,0.0,-149.84,-17.05,143.93,0.0,0.0,0.0,100.0,0,0,174
60083,0,0,0,99.99,0.0,0.0,0.0,0.0,0.0,0.0,0.0,0.0,0.0,0.0,0.0,0.0,-111.88,-53.97,100.34,0.0,0.0,0.0,100.0,0,0,174
60283,0,0,0,99.99,0.0,0.0,0.0,0.0,0.0,0.0,0.0,0.0,0.0,0.0,0.0,0.0,-41.24,-46.33,37.67,0.0,0.0,0.0,100.0,0,0,174
60484,0,0,0,99.99,0.0,0.0,0.0,0.0,0.0,0.0,0.0,0.0,0.0,0.0,0.0,0.0,-19.37,-29.88,18.89,0.0,0.0,0.0,100.0,0,0,177
60693,0,0,0,99.99,0.0,0.0,0.0,0.0,0.0,0.0,0.0,0.0,0.0,0.0,0.0,0.0,-7.84,-19.93,9.72,0.0,0.0,0.0,100.0,0,0,180
60894,0,0,0,99.99,0.0,0.0,0.0,0.0,0.0,0.0,0.0,0.0,0.0,0.0,0.0,0.0,-2.12,-16.4,4.56,0.0,0.0,0.0,100.0,0,0,180
61103,0,0,0,99.99,0.0,0.0,0.0,0.0,0.0,0.0,0.0,0.0,0.0,0.0,0.0,0.0,1.87,-13.82,0.69,0.0,0.0,0.0,100.0,0,0,180
61303,0,0,0,99.99,0.0,0.0,0.0,0.0,0.0,0.0,0.0,0.0,0.0,0.0,0.0,0.0,4.69,-11.42,-1.83,0.0,0.0,0.0,100.0,0,0,180
61503,0,0,0,99.99,0.0,0.0,0.0,0.0,0.0,0.0,0.0,0.0,0.0,0.0,0.0,0.0,6.77,-9.88,-4.34,0.0,0.0,0.0,100.0,0,0,184
61703,0,0,0,99.99,0.0,0.0,0.0,0.0,0.0,0.0,0.0,0.0,0.0,0.0,0.0,0.0,7.79,-11.54,-8.78,0.0,0.0,0.0,100.0,0,0,186
61903,0,0,0,99.99,0.0,0.0,0.0,0.0,0.0,0.0,0.0,0.0,0.0,0.0,0.0,0.0,6.76,-16.48,-11.49,0.0,0.0,0.0,100.0,0,0,186
62103,0,0,0,99.99,0.0,0.0,0.0,0.0,0.0,0.0,0.0,0.0,0.0,0.0,0.0,0.0,1.79,-31.32,-13.54,0.0,0.0,0.0,100.0,0,0,186
62303,0,0,0,99.99,0.0,0.0,0.0,0.0,0.0,0.0,0.0,0.0,0.0,0.0,0.0,0.0,-7.13,-36.35,-8.59,0.0,0.0,0.0,100.0,0,0,186
62503,0,0,0,99.99,0.0,0.0,0.0,0.0,0.0,0.0,0.0,0.0,0.0,0.0,0.0,0.0,-22.72,-49.87,6.63,0.0,0.0,0.0,100.0,0,0,190
62703,0,0,0,99.99,0.0,0.0,0.0,0.0,0.0,0.0,0.0,0.0,0.0,0.0,0.0,0.0,-56.98,-60.01,49.56,0.0,0.0,0.0,100.0,0,0,192
62903,0,0,0,99.99,0.0,0.0,0.0,0.0,0.0,0.0,0.0,0.0,0.0,0.0,0.0,0.0,-100.0,-54.03,104.34,0.0,0.0,0.0,100.0,0,0,192
63103,0,0,0,99.99,0.0,0.0,0.0,0.0,0.0,0.0,0.0,0.0,0.0,0.0,0.0,0.0,-120.14,-37.98,130.92,0.0,0.0,0.0,100.0,0,0,192
63303,0,0,0,99.99,0.0,0.0,0.0,0.0,0.0,0.0,0.0,0.0,0.0,0.0,0.0,0.0,-127.63,-31.77,137.96,0.0,0.0,0.0,100.0,0,0,192
63503,0,0,0,99.99,0.0,0.0,0.0,0.0,0.0,0.0,0.0,0.0,0.0,0.0,0.0,0.0,-132.23,-27.96,141.57,0.0,0.0,0.0,100.0,0,0,196
63703,0,0,0,99.99,0.0,0.0,0.0,0.0,0.0,0.0,0.0,0.0,0.0,0.0,0.0,0.0,-135.5,-25.04,144.18,0.0,0.0,0.0,100.0,0,0,198
63903,0,0,0,99.99,0.0,0.0,0.0,0.0,0.0,0.0,0.0,0.0,0.0,0.0,0.0,0.0,-137.59,-23.48,145.87,0.0,0.0,0.0,100.0,0,0,198
64103,0,0,0,99.99,0.0,0.0,0.0,0.0,0.0,0.0,0.0,0.0,0.0,0.0,0.0,0.0,-138.69,-23.53,146.77,0.0,0.0,0.0,100.0,0,0,198
64303,0,0,0,99.99,0.0,0.0,0.0,0.0,0.0,0.0,0.0,0.0,0.0,0.0,0.0,0.0,-138.9,-27.51,146.02,0.0,0.0,0.0,100.0,0,0,198
64504,0,0,0,99.99,0.0,0.0,0.0,0.0,0.0,0.0,0.0,0.0,0.0,0.0,0.0,0.0,-135.74,-38.39,142.13,0.0,0.0,0.0,100.0,0,0,202
64713,0,0,0,99.99,0.0,0.0,0.0,0.0,0.0,0.0,0.0,0.0,0.0,0.0,0.0,0.0,-130.18,-46.1,139.86,0.0,0.0,0.0,100.0,0,0,204
64913,0,0,0,99.99,0.0,0.0,0.0,0.0,0.0,0.0,0.0,0.0,0.0,0.0,0.0,0.0,-123.39,-52.63,138.42,0.0,0.0,0.0,100.0,0,0,204
65114,0,0,0,99.99,0.0,0.0,0.0,0.0,0.0,0.0,0.0,0.0,0.0,0.0,0.0,0.0,-115.6,-57.35,138.48,0.0,0.0,0.0,100.0,0,0,204
65323,0,0,0,99.99,0.0,0.0,0.0,0.0,0.0,0.0,0.0,0.0,0.0,0.0,0.0,0.0,-106.36,-61.57,137.78,0.0,0.0,0.0,99.9,0,0,204
65526,0,0,0,99.99,0.0,0.0,0.0,0.0,0.0,0.0,0.0,0.0,0.0,0.0,0.0,0.0,-96.77,-65.1,136.46,0.0,0.0,0.0,99.9,0,0,210
65733,0,0,0,99.99,0.0,0.0,0.0,0.0,0.0,0.0,0.0,0.0,0.0,0.0,0.0,0.0,-95.25,-67.72,144.79,0.0,0.0,0.0,99.9,0,0,210
65933,0,0,0,99.99,0.0,0.0,0.0,0.0,0.0,0.0,0.0,0.0,0.0,0.0,0.0,0.0,-118.11,-66.52,178.0,0.0,0.0,0.0,99.9,0,0,210
66133,0,0,0,99.99,0.0,0.0,0.0,0.0,0.0,0.0,0.0,0.0,0.0,0.0,0.0,0.0,-140.44,-55.95,-152.09,0.0,0.0,0.0,99.9,0,0,210
66333,0,0,0,99.99,0.0,0.0,0.0,0.0,0.0,0.0,0.0,0.0,0.0,0.0,0.0,0.0,-147.61,-48.64,-141.52,0.0,0.0,0.0,100.1,0,0,210
66533,0,0,0,99.99,0.0,0.0,0.0,0.0,0.0,0.0,0.0,0.0,0.0,0.0,0.0,0.0,-151.13,-19.7,-130.91,0.0,0.0,0.0,100.1,0,0,216
66733,0,0,0,99.99,0.0,0.0,0.0,0.0,0.0,0.0,0.0,0.0,0.0,0.0,0.0,0.0,-152.84,-16.82,-128.69,0.0,0.0,0.0,100.1,0,0,216
66933,0,0,0,99.99,0.0,0.0,0.0,0.0,0.0,0.0,0.0,0.0,0.0,0.0,0.0,0.0,-153.14,-8.39,-125.73,0.0,0.0,0.0,100.1,0,0,216
67133,0,0,0,99.99,0.0,0.0,0.0,0.0,0.0,0.0,0.0,0.0,0.0,0.0,0.0,0.0,-154.85,-10.67,-124.32,0.0,0.0,0.0,100.1,0,0,216
67333,0,0,0,99.99,0.0,0.0,0.0,0.0,0.0,0.0,0.0,0.0,0.0,0.0,0.0,0.0,-155.82,-15.76,-123.72,0.0,0.0,0.0,100.0,0,0,216
67534,0,0,0,99.99,0.0,0.0,0.0,0.0,0.0,0.0,0.0,0.0,0.0,0.0,0.0,0.0,-161.47,-39.51,-124.45,0.0,0.0,0.0,100.0,0,0,221
67743,0,0,0,99.99,0.0,0.0,0.0,0.0,0.0,0.0,0.0,0.0,0.0,0.0,0.0,0.0,-164.17,-73.7,-125.93,0.0,0.0,0.0,100.0,0,0,222
67943,0,0,0,99.99,0.0,0.0,0.0,0.0,0.0,0.0,0.0,0.0,0.0,0.0,0.0,0.0,-2.57,-74.07,80.99,0.0,0.0,0.0,100.0,0,0,222
68143,0,0,0,99.99,0.0,0.0,0.0,0.0,0.0,0.0,0.0,0.0,0.0,0.0,0.0,0.0,6.62,-47.43,84.46,0.0,0.0,0.0,100.0,0,0,222
68343,0,0,0,99.99,0.0,0.0,0.0,0.0,0.0,0.0,0.0,0.0,0.0,0.0,0.0,0.0,14.27,-25.49,88.37,0.0,0.0,0.0,100.0,0,0,222
68543,0,0,0,99.99,0.0,0.0,0.0,0.0,0.0,0.0,0.0,0.0,0.0,0.0,0.0,0.0,23.44,-16.42,90.2,0.0,0.0,0.0,100.0,0,0,228
68743,0,0,0,99.99,0.0,0.0,0.0,0.0,0.0,0.0,0.0,0.0,0.0,0.0,0.0,0.0,32.42,-10.77,93.18,0.0,0.0,0.0,100.0,0,0,228
68943,0,0,0,99.99,0.0,0.0,0.0,0.0,0.0,0.0,0.0,0.0,0.0,0.0,0.0,0.0,37.24,-12.19,92.62,0.0,0.0,0.0,100.0,0,0,228
69143,0,0,0,99.99,0.0,0.0,0.0,0.0,0.0,0.0,0.0,0.0,0.0,0.0,0.0,0.0,39.56,-14.41,91.75,0.0,0.0,0.0,100.0,0,0,228
69343,0,0,0,99.99,0.0,0.0,0.0,0.0,0.0,0.0,0.0,0.0,0.0,0.0,0.0,0.0,41.11,-15.77,91.45,0.0,0.0,0.0,100.0,0,0,228
69543,0,0,0,99.99,0.0,0.0,0.0,0.0,0.0,0.0,0.0,0.0,0.0,0.0,0.0,0.0,42.08,-16.47,91.75,0.0,0.0,0.0,100.0,0,0,234
69743,0,0,0,99.99,0.0,0.0,0.0,0.0,0.0,0.0,0.0,0.0,0.0,0.0,0.0,0.0,42.19,-17.26,91.94,0.0,0.0,0.0,100.0,0,0,234
69943,0,0,0,99.99,0.0,0.0,0.0,0.0,0.0,0.0,0.0,0.0,0.0,0.0,0.0,0.0,42.09,-17.99,92.02,0.0,0.0,0.0,100.0,0,0,234
70143,0,0,0,99.99,0.0,0.0,0.0,0.0,0.0,0.0,0.0,0.0,0.0,0.0,0.0,0.0,42.33,-18.18,92.62,0.0,0.0,0.0,100.0,0,0,234
70343,0,0,0,99.99,0.0,0.0,0.0,0.0,0.0,0.0,0.0,0.0,0.0,0.0,0.0,0.0,42.45,-18.3,93.32,0.0,0.0,0.0,100.0,0,0,234
70543,0,0,0,99.99,0.0,0.0,0.0,0.0,0.0,0.0,0.0,0.0,0.0,0.0,0.0,0.0,42.51,-18.67,93.86,0.0,0.0,0.0,100.0,0,0,240
70743,0,0,0,99.99,0.0,0.0,0.0,0.0,0.0,0.0,0.0,0.0,0.0,0.0,0.0,0.0,42.87,-18.67,94.68,0.0,0.0,0.0,100.0,0,0,240
70943,0,0,0,99.99,0.0,0.0,0.0,0.0,0.0,0.0,0.0,0.0,0.0,0.0,0.0,0.0,42.7,-18.63,95.6,0.0,0.0,0.0,100.0,0,0,240
71143,0,0,0,99.99,0.0,0.0,0.0,0.0,0.0,0.0,0.0,0.0,0.0,0.0,0.0,0.0,42.71,-18.85,96.17,0.0,0.0,0.0,100.0,0,0,240
71343,0,0,0,99.99,0.0,0.0,0.0,0.0,0.0,0.0,0.0,0.0,0.0,0.0,0.0,0.0,42.94,-18.94,97.24,0.0,0.0,0.0,100.0,0,0,240
71543,0,0,0,99.99,0.0,0.0,0.0,0.0,0.0,0.0,0.0,0.0,0.0,0.0,0.0,0.0,42.89,-19.12,98.07,0.0,0.0,0.0,100.0,0,0,246
71743,0,0,0,99.99,0.0,0.0,0.0,0.0,0.0,0.0,0.0,0.0,0.0,0.0,0.0,0.0,42.82,-19.6,98.8,0.0,0.0,0.0,100.0,0,0,246
71944,0,0,0,99.99,0.0,0.0,0.0,0.0,0.0,0.0,0.0,0.0,0.0,0.0,0.0,0.0,42.91,-19.71,99.97,0.0,0.0,0.0,100.0,0,0,246
72154,0,0,0,99.99,0.0,0.0,0.0,0.0,0.0,0.0,0.0,0.0,0.0,0.0,0.0,0.0,42.99,-20.14,101.06,0.0,0.0,0.0,100.0,0,0,246
72363,0,0,0,99.99,0.0,0.0,0.0,0.0,0.0,0.0,0.0,0.0,0.0,0.0,0.0,0.0,43.12,-20.2,102.53,0.0,0.0,0.0,100.0,0,0,246
72563,0,0,0,99.99,0.0,0.0,0.0,0.0,0.0,0.0,0.0,0.0,0.0,0.0,0.0,0.0,43.32,-20.35,103.7,0.0,0.0,0.0,100.0,0,0,252
72764,0,0,0,99.99,0.0,0.0,0.0,0.0,0.0,0.0,0.0,0.0,0.0,0.0,0.0,0.0,43.4,-20.41,104.98,0.0,0.0,0.0,100.0,0,0,252
72973,0,0,0,99.99,0.0,0.0,0.0,0.0,0.0,0.0,0.0,0.0,0.0,0.0,0.0,0.0,43.5,-20.41,106.4,0.0,0.0,0.0,100.0,0,0,252
73173,0,0,0,99.99,0.0,0.0,0.0,0.0,0.0,0.0,0.0,0.0,0.0,0.0,0.0,0.0,43.43,-20.46,107.86,0.0,0.0,0.0,100.0,0,0,252
73373,0,0,0,99.99,0.0,0.0,0.0,0.0,0.0,0.0,0.0,0.0,0.0,0.0,0.0,0.0,43.49,-20.64,109.34,0.0,0.0,0.0,100.0,0,0,252
73573,0,0,0,99.99,0.0,0.0,0.0,0.0,0.0,0.0,0.0,0.0,0.0,0.0,0.0,0.0,43.64,-21.03,110.7,0.0,0.0,0.0,100.0,0,0,258
73773,0,0,0,99.99,0.0,0.0,0.0,0.0,0.0,0.0,0.0,0.0,0.0,0.0,0.0,0.0,43.5,-22.06,112.5,0.0,0.0,0.0,100.0,0,0,258
73973,0,0,0,99.99,0.0,0.0,0.0,0.0,0.0,0.0,0.0,0.0,0.0,0.0,0.0,0.0,43.1,-22.71,116.16,0.0,0.0,0.0,100.0,0,0,258
74173,0,0,0,99.99,0.0,0.0,0.0,0.0,0.0,0.0,0.0,0.0,0.0,0.0,0.0,0.0,43.2,-22.89,118.91,0.0,0.0,0.0,100.0,0,0,258
74373,0,0,0,99.99,0.0,0.0,0.0,0.0,0.0,0.0,0.0,0.0,0.0,0.0,0.0,0.0,43.51,-22.78,121.2,0.0,0.0,0.0,100.0,0,0,258
74573,0,0,0,99.99,0.0,0.0,0.0,0.0,0.0,0.0,0.0,0.0,0.0,0.0,0.0,0.0,43.7,-22.89,123.6,0.0,0.0,0.0,100.0,0,0,264
74773,0,0,0,99.99,0.0,0.0,0.0,0.0,0.0,0.0,0.0,0.0,0.0,0.0,0.0,0.0,43.59,-23.06,126.0,0.0,0.0,0.0,100.0,0,0,264
74973,0,0,0,99.99,0.0,0.0,0.0,0.0,0.0,0.0,0.0,0.0,0.0,0.0,0.0,0.0,43.6,-23.21,127.87,0.0,0.0,0.0,100.0,0,0,264
75174,0,0,0,99.99,0.0,0.0,0.0,0.0,0.0,0.0,0.0,0.0,0.0,0.0,0.0,0.0,43.2,-23.53,130.18,0.0,0.0,0.0,100.0,0,0,264
75383,0,0,0,99.99,0.0,0.0,0.0,0.0,0.0,0.0,0.0,0.0,0.0,0.0,0.0,0.0,42.8,-24.04,132.87,0.0,0.0,0.0,100.0,0,0,264
75583,0,0,0,99.99,0.0,0.0,0.0,0.0,0.0,0.0,0.0,0.0,0.0,0.0,0.0,0.0,42.43,-24.6,135.46,0.0,0.0,0.0,100.0,0,0,270
75783,0,0,0,99.99,0.0,0.0,0.0,0.0,0.0,0.0,0.0,0.0,0.0,0.0,0.0,0.0,42.48,-24.78,137.38,0.0,0.0,0.0,100.0,0,0,270
75983,0,0,0,99.99,0.0,0.0,0.0,0.0,0.0,0.0,0.0,0.0,0.0,0.0,0.0,0.0,41.95,-25.4,139.08,0.0,0.0,0.0,100.0,0,0,270
76184,0,0,0,99.99,0.0,0.0,0.0,0.0,0.0,0.0,0.0,0.0,0.0,0.0,0.0,0.0,42.94,-24.18,139.7,0.0,0.0,0.0,100.0,0,0,270
76393,0,0,0,99.99,0.0,0.0,0.0,0.0,0.0,0.0,0.0,0.0,0.0,0.0,0.0,0.0,41.5,-21.86,141.58,0.0,0.0,0.0,100.0,0,0,271
76593,0,0,0,99.99,0.0,0.0,0.0,0.0,0.0,0.0,0.0,0.0,0.0,0.0,0.0,0.0,43.54,-21.46,141.26,0.0,0.0,0.0,100.0,0,0,276
76793,0,0,0,99.99,0.0,0.0,0.0,0.0,0.0,0.0,0.0,0.0,0.0,0.0,0.0,0.0,45.0,-17.06,135.68,0.0,0.0,0.0,100.0,0,0,276
76993,0,0,0,99.99,0.0,0.0,0.0,0.0,0.0,0.0,0.0,0.0,0.0,0.0,0.0,0.0,44.77,-19.3,131.8,0.0,0.0,0.0,100.0,0,0,276
77193,0,0,0,99.99,0.0,0.0,0.0,0.0,0.0,0.0,0.0,0.0,0.0,0.0,0.0,0.0,50.88,-28.43,124.68,0.0,0.0,0.0,100.0,0,0,276
77393,0,0,0,99.99,0.0,0.0,0.0,0.0,0.0,0.0,0.0,0.0,0.0,0.0,0.0,0.0,45.06,-25.93,123.44,0.0,0.0,0.0,100.0,0,0,277
77593,0,0,0,99.99,0.0,0.0,0.0,0.0,0.0,0.0,0.0,0.0,0.0,0.0,0.0,0.0,42.77,-24.94,106.39,0.0,0.0,0.0,100.0,0,0,282
77793,0,0,0,99.99,0.0,0.0,0.0,0.0,0.0,0.0,0.0,0.0,0.0,0.0,0.0,0.0,41.58,-16.05,92.25,0.0,0.0,0.0,100.0,0,0,282
77993,0,0,0,99.99,0.0,0.0,0.0,0.0,0.0,0.0,0.0,0.0,0.0,0.0,0.0,0.0,39.72,-8.68,82.88,0.0,0.0,0.0,100.0,0,0,282
78193,0,0,0,99.99,0.0,0.0,0.0,0.0,0.0,0.0,0.0,0.0,0.0,0.0,0.0,0.0,33.38,-4.06,76.24,0.0,0.0,0.0,100.0,0,0,282
78396,0,0,0,99.99,0.0,0.0,0.0,0.0,0.0,0.0,0.0,0.0,0.0,0.0,0.0,0.0,30.33,-3.34,74.55,0.0,0.0,0.0,100.0,0,0,283
78603,0,0,0,99.99,0.0,0.0,0.0,0.0,0.0,0.0,0.0,0.0,0.0,0.0,0.0,0.0,27.79,-2.79,72.78,0.0,0.0,0.0,100.0,0,0,288
78803,0,0,0,99.99,0.0,0.0,0.0,0.0,0.0,0.0,0.0,0.0,0.0,0.0,0.0,0.0,25.77,-2.43,71.55,0.0,0.0,0.0,100.0,0,0,288
79003,0,0,0,99.99,0.0,0.0,0.0,0.0,0.0,0.0,0.0,0.0,0.0,0.0,0.0,0.0,24.33,-2.34,70.65,0.0,0.0,0.0,100.0,0,0,288
79203,0,0,0,99.99,0.0,0.0,0.0,0.0,0.0,0.0,0.0,0.0,0.0,0.0,0.0,0.0,22.87,-2.23,69.99,0.0,0.0,0.0,100.0,0,0,288
79403,0,0,0,99.99,0.0,0.0,0.0,0.0,0.0,0.0,0.0,0.0,0.0,0.0,0.0,0.0,21.81,-2.14,69.58,0.0,0.0,0.0,100.0,0,0,289
79603,0,0,0,99.99,0.0,0.0,0.0,0.0,0.0,0.0,0.0,0.0,0.0,0.0,0.0,0.0,21.09,-2.26,69.15,0.0,0.0,0.0,100.0,0,0,294
79803,0,0,0,99.99,0.0,0.0,0.0,0.0,0.0,0.0,0.0,0.0,0.0,0.0,0.0,0.0,20.85,-2.31,68.94,0.0,0.0,0.0,100.0,0,0,294
80003,0,0,0,99.99,0.0,0.0,0.0,0.0,0.0,0.0,0.0,0.0,0.0,0.0,0.0,0.0,20.3,-2.65,68.87,0.0,0.0,0.0,100.0,0,0,294
80203,0,0,0,99.99,0.0,0.0,0.0,0.0,0.0,0.0,0.0,0.0,0.0,0.0,0.0,0.0,19.82,-2.74,68.75,0.0,0.0,0.0,100.0,0,0,294
80403,0,0,0,99.99,0.0,0.0,0.0,0.0,0.0,0.0,0.0,0.0,0.0,0.0,0.0,0.0,19.42,-2.7,68.65,0.0,0.0,0.0,100.0,0,0,295
80603,0,0,0,99.99,0.0,0.0,0.0,0.0,0.0,0.0,0.0,0.0,0.0,0.0,0.0,0.0,19.15,-2.72,68.42,0.0,0.0,0.0,100.0,0,0,300
80803,0,0,0,99.99,0.0,0.0,0.0,0.0,0.0,0.0,0.0,0.0,0.0,0.0,0.0,0.0,18.84,-2.71,68.27,0.0,0.0,0.0,100.0,0,0,300
81003,0,0,0,99.99,0.0,0.0,0.0,0.0,0.0,0.0,0.0,0.0,0.0,0.0,0.0,0.0,18.57,-2.69,68.01,0.0,0.0,0.0,100.0,0,0,300
81203,0,0,0,99.99,0.0,0.0,0.0,0.0,0.0,0.0,0.0,0.0,0.0,0.0,0.0,0.0,18.45,-2.7,67.71,0.0,0.0,0.0,100.0,0,0,300
81403,0,0,0,99.99,0.0,0.0,0.0,0.0,0.0,0.0,0.0,0.0,0.0,0.0,0.0,0.0,18.3,-2.75,67.47,0.0,0.0,0.0,100.0,0,0,301
81603,0,0,0,99.99,0.0,0.0,0.0,0.0,0.0,0.0,0.0,0.0,0.0,0.0,0.0,0.0,18.26,-2.66,67.34,0.0,0.0,0.0,100.0,0,0,306
81803,0,0,0,99.99,0.0,0.0,0.0,0.0,0.0,0.0,0.0,0.0,0.0,0.0,0.0,0.0,18.19,-2.65,67.28,0.0,0.0,0.0,100.0,0,0,306
82004,0,0,0,99.99,0.0,0.0,0.0,0.0,0.0,0.0,0.0,0.0,0.0,0.0,0.0,0.0,18.12,-2.66,67.12,0.0,0.0,0.0,100.0,0,0,306
82213,0,0,0,99.99,0.0,0.0,0.0,0.0,0.0,0.0,0.0,0.0,0.0,0.0,0.0,0.0,18.08,-2.71,66.91,0.0,0.0,0.0,100.0,0,0,306
82413,0,0,0,99.99,0.0,0.0,0.0,0.0,0.0,0.0,0.0,0.0,0.0,0.0,0.0,0.0,17.88,-2.72,66.74,0.0,0.0,0.0,100.0,0,0,308
82613,0,0,0,99.99,0.0,0.0,0.0,0.0,0.0,0.0,0.0,0.0,0.0,0.0,0.0,0.0,17.69,-2.72,66.48,0.0,0.0,0.0,100.0,0,0,312
82813,0,0,0,99.99,0.0,0.0,0.0,0.0,0.0,0.0,0.0,0.0,0.0,0.0,0.0,0.0,17.47,-2.62,66.3,0.0,0.0,0.0,100.0,0,0,312
83013,0,0,0,99.99,0.0,0.0,0.0,0.0,0.0,0.0,0.0,0.0,0.0,0.0,0.0,0.0,17.37,-2.59,66.08,0.0,0.0,0.0,100.0,0,0,312
83213,0,0,0,99.99,0.0,0.0,0.0,0.0,0.0,0.0,0.0,0.0,0.0,0.0,0.0,0.0,17.29,-2.47,65.83,0.0,0.0,0.0,100.0,0,0,312
83413,0,0,0,99.99,0.0,0.0,0.0,0.0,0.0,0.0,0.0,0.0,0.0,0.0,0.0,0.0,17.27,-2.41,65.72,0.0,0.0,0.0,99.9,0,0,314
83613,0,0,0,99.99,0.0,0.0,0.0,0.0,0.0,0.0,0.0,0.0,0.0,0.0,0.0,0.0,17.21,-2.36,65.64,0.0,0.0,0.0,99.9,0,0,318
83813,0,0,0,99.99,0.0,0.0,0.0,0.0,0.0,0.0,0.0,0.0,0.0,0.0,0.0,0.0,17.17,-2.37,65.48,0.0,0.0,0.0,99.9,0,0,318
84013,0,0,0,99.99,0.0,0.0,0.0,0.0,0.0,0.0,0.0,0.0,0.0,0.0,0.0,0.0,17.13,-2.41,65.5,0.0,0.0,0.0,99.9,0,0,318
84213,0,0,0,99.99,0.0,0.0,0.0,0.0,0.0,0.0,0.0,0.0,0.0,0.0,0.0,0.0,17.08,-2.42,65.49,0.0,0.0,0.0,99.9,0,0,318
84413,0,0,0,99.99,0.0,0.0,0.0,0.0,0.0,0.0,0.0,0.0,0.0,0.0,0.0,0.0,16.89,-2.41,65.5,0.0,0.0,0.0,100.1,0,0,320
84613,0,0,0,99.99,0.0,0.0,0.0,0.0,0.0,0.0,0.0,0.0,0.0,0.0,0.0,0.0,16.68,-2.36,65.3,0.0,0.0,0.0,100.1,0,0,324
84813,0,0,0,99.99,0.0,0.0,0.0,0.0,0.0,0.0,0.0,0.0,0.0,0.0,0.0,0.0,16.61,-2.25,65.25,0.0,0.0,0.0,100.1,0,0,324
85013,0,0,0,99.99,0.0,0.0,0.0,0.0,0.0,0.0,0.0,0.0,0.0,0.0,0.0,0.0,16.59,-2.18,65.23,0.0,0.0,0.0,100.1,0,0,324
85213,0,0,0,99.99,0.0,0.0,0.0,0.0,0.0,0.0,0.0,0.0,0.0,0.0,0.0,0.0,16.44,-2.05,65.18,0.0,0.0,0.0,100.1,0,0,324
85413,0,0,0,99.99,0.0,0.0,0.0,0.0,0.0,0.0,0.0,0.0,0.0,0.0,0.0,0.0,16.61,-2.14,65.28,0.0,0.0,0.0,100.0,0,0,326
85613,0,0,0,99.99,0.0,0.0,0.0,0.0,0.0,0.0,0.0,0.0,0.0,0.0,0.0,0.0,16.43,-2.12,65.19,0.0,0.0,0.0,100.0,0,0,330
85813,0,0,0,99.99,0.0,0.0,0.0,0.0,0.0,0.0,0.0,0.0,0.0,0.0,0.0,0.0,16.35,-2.13,64.99,0.0,0.0,0.0,100.0,0,0,330
86013,0,0,0,99.99,0.0,0.0,0.0,0.0,0.0,0.0,0.0,0.0,0.0,0.0,0.0,0.0,16.3,-2.16,64.8,0.0,0.0,0.0,100.0,0,0,330
86213,0,0,0,99.99,0.0,0.0,0.0,0.0,0.0,0.0,0.0,0.0,0.0,0.0,0.0,0.0,16.29,-2.15,64.65,0.0,0.0,0.0,100.0,0,0,330
86413,0,0,0,99.99,0.0,0.0,0.0,0.0,0.0,0.0,0.0,0.0,0.0,0.0,0.0,0.0,16.29,-2.22,64.5,0.0,0.0,0.0,100.0,0,0,332
86613,0,0,0,99.99,0.0,0.0,0.0,0.0,0.0,0.0,0.0,0.0,0.0,0.0,0.0,0.0,16.53,-3.96,63.86,0.0,0.0,0.0,100.0,0,0,336
86813,0,0,0,99.99,0.0,0.0,0.0,0.0,0.0,0.0,0.0,0.0,0.0,0.0,0.0,0.0,14.47,-14.4,68.65,0.0,0.0,0.0,100.0,0,0,336
87013,0,0,0,99.99,0.0,0.0,0.0,0.0,0.0,0.0,0.0,0.0,0.0,0.0,0.0,0.0,24.96,-46.05,72.93,0.0,0.0,0.0,100.0,0,0,336
87213,0,0,0,99.99,0.0,0.0,0.0,0.0,0.0,0.0,0.0,0.0,0.0,0.0,0.0,0.0,40.23,-78.03,67.7,0.0,0.0,0.0,100.0,0,0,336
87413,0,0,0,99.99,0.0,0.0,0.0,0.0,0.0,0.0,0.0,0.0,0.0,0.0,0.0,0.0,162.1,-68.75,-45.47,0.0,0.0,0.0,100.0,0,0,338
87613,0,0,0,99.99,0.0,0.0,0.0,0.0,0.0,0.0,0.0,0.0,0.0,0.0,0.0,0.0,-170.73,-36.8,-57.24,0.0,0.0,0.0,100.0,0,0,342
87813,0,0,0,99.99,0.0,0.0,0.0,0.0,0.0,0.0,0.0,0.0,0.0,0.0,0.0,0.0,-160.18,-12.24,-59.86,0.0,0.0,0.0,100.0,0,0,342
88013,0,0,0,99.99,0.0,0.0,0.0,0.0,0.0,0.0,0.0,0.0,0.0,0.0,0.0,0.0,-153.44,4.27,-61.91,0.0,0.0,0.0,100.0,0,0,342
88213,0,0,0,99.99,0.0,0.0,0.0,0.0,0.0,0.0,0.0,0.0,0.0,0.0,0.0,0.0,-158.72,4.45,-62.11,0.0,0.0,0.0,100.0,0,0,342
88413,0,0,0,99.99,0.0,0.0,0.0,0.0,0.0,0.0,0.0,0.0,0.0,0.0,0.0,0.0,-170.44,-5.48,-69.43,0.0,0.0,0.0,100.0,0,0,344
88613,0,0,0,99.99,0.0,0.0,0.0,0.0,0.0,0.0,0.0,0.0,0.0,0.0,0.0,0.0,179.77,-14.11,-76.18,0.0,0.0,0.0,100.0,0,0,348
88813,0,0,0,99.99,0.0,0.0,0.0,0.0,0.0,0.0,0.0,0.0,0.0,0.0,0.0,0.0,178.75,-9.16,-77.33,0.0,0.0,0.0,100.0,0,0,348
89013,0,0,0,99.99,0.0,0.0,0.0,0.0,0.0,0.0,0.0,0.0,0.0,0.0,0.0,0.0,178.31,-8.56,-79.43,0.0,0.0,0.0,100.0,0,0,348
89213,0,0,0,99.99,0.0,0.0,0.0,0.0,0.0,0.0,0.0,0.0,0.0,0.0,0.0,0.0,178.99,-5.99,-80.63,0.0,0.0,0.0,100.0,0,0,348
89413,0,0,0,99.99,0.0,0.0,0.0,0.0,0.0,0.0,0.0,0.0,0.0,0.0,0.0,0.0,-179.9,-4.11,-81.63,0.0,0.0,0.0,100.0,0,0,350
89613,0,0,0,99.99,0.0,0.0,0.0,0.0,0.0,0.0,0.0,0.0,0.0,0.0,0.0,0.0,-178.74,-1.81,-81.15,0.0,0.0,0.0,100.0,0,0,354
89813,0,0,0,99.99,0.0,0.0,0.0,0.0,0.0,0.0,0.0,0.0,0.0,0.0,0.0,0.0,-178.74,-1.68,-81.49,0.0,0.0,0.0,100.0,0,0,354
90013,0,0,0,99.99,0.0,0.0,0.0,0.0,0.0,0.0,0.0,0.0,0.0,0.0,0.0,0.0,-178.75,-1.99,-81.6,0.0,0.0,0.0,100.0,0,0,354
90213,0,0,0,99.99,0.0,0.0,0.0,0.0,0.0,0.0,0.0,0.0,0.0,0.0,0.0,0.0,-178.9,-3.67,-82.84,0.0,0.0,0.0,100.0,0,0,354
90413,0,0,0,99.99,0.0,0.0,0.0,0.0,0.0,0.0,0.0,0.0,0.0,0.0,0.0,0.0,-178.84,-6.28,-87.5,0.0,0.0,0.0,100.0,0,0,356
90613,0,0,0,99.99,0.0,0.0,0.0,0.0,0.0,0.0,0.0,0.0,0.0,0.0,0.0,0.0,-175.73,-6.26,-92.24,0.0,0.0,0.0,100.0,0,0,360
90813,0,0,0,99.99,0.0,0.0,0.0,0.0,0.0,0.0,0.0,0.0,0.0,0.0,0.0,0.0,-171.28,-3.7,-95.11,0.0,0.0,0.0,100.0,0,0,360
91013,0,0,0,99.99,0.0,0.0,0.0,0.0,0.0,0.0,0.0,0.0,0.0,0.0,0.0,0.0,-169.2,-1.78,-95.12,0.0,0.0,0.0,100.0,0,0,360
91213,0,0,0,99.99,0.0,0.0,0.0,0.0,0.0,0.0,0.0,0.0,0.0,0.0,0.0,0.0,-167.51,-2.15,-90.37,0.0,0.0,0.0,100.0,0,0,360
91413,0,0,0,99.99,0.0,0.0,0.0,0.0,0.0,0.0,0.0,0.0,0.0,0.0,0.0,0.0,-168.12,-3.17,-83.97,0.0,0.0,0.0,100.0,0,0,362
91613,0,0,0,99.99,0.0,0.0,0.0,0.0,0.0,0.0,0.0,0.0,0.0,0.0,0.0,0.0,-167.32,-1.06,-71.61,0.0,0.0,0.0,100.0,0,0,366
91813,0,0,0,99.99,0.0,0.0,0.0,0.0,0.0,0.0,0.0,0.0,0.0,0.0,0.0,0.0,-164.8,1.37,-56.91,0.0,0.0,0.0,100.0,0,0,366
92013,0,0,0,99.99,0.0,0.0,0.0,0.0,0.0,0.0,0.0,0.0,0.0,0.0,0.0,0.0,-168.31,-1.49,-52.63,0.0,0.0,0.0,100.0,0,0,366
92213,0,0,0,99.99,0.0,0.0,0.0,0.0,0.0,0.0,0.0,0.0,0.0,0.0,0.0,0.0,-174.62,-7.12,-48.32,0.0,0.0,0.0,100.0,0,0,366
92413,0,0,0,99.99,0.0,0.0,0.0,0.0,0.0,0.0,0.0,0.0,0.0,0.0,0.0,0.0,-169.89,-0.99,-45.58,0.0,0.0,0.0,100.0,0,0,368
92613,0,0,0,99.99,0.0,0.0,0.0,0.0,0.0,0.0,0.0,0.0,0.0,0.0,0.0,0.0,-172.01,1.27,-41.81,0.0,0.0,0.0,100.0,0,0,372
92813,0,0,0,99.99,0.0,0.0,0.0,0.0,0.0,0.0,0.0,0.0,0.0,0.0,0.0,0.0,-176.05,1.67,-40.47,0.0,0.0,0.0,100.0,0,0,372
93014,0,0,0,99.99,0.0,0.0,0.0,0.0,0.0,0.0,0.0,0.0,0.0,0.0,0.0,0.0,-177.44,5.32,-42.21,0.0,0.0,0.0,100.0,0,0,372
93223,0,0,0,99.99,0.0,0.0,0.0,0.0,0.0,0.0,0.0,0.0,0.0,0.0,0.0,0.0,-169.11,9.56,-40.47,0.0,0.0,0.0,100.0,0,0,372
93423,0,0,0,99.99,0.0,0.0,0.0,0.0,0.0,0.0,0.0,0.0,0.0,0.0,0.0,0.0,-172.12,10.18,-40.56,0.0,0.0,0.0,100.0,0,0,374
93623,0,0,0,99.99,0.0,0.0,0.0,0.0,0.0,0.0,0.0,0.0,0.0,0.0,0.0,0.0,-171.1,11.6,-42.33,0.0,0.0,0.0,100.0,0,0,378
93823,0,0,0,99.99,0.0,0.0,0.0,0.0,0.0,0.0,0.0,0.0,0.0,0.0,0.0,0.0,-166.78,12.72,-40.87,0.0,0.0,0.0,100.0,0,0,378
94023,0,0,0,99.99,0.0,0.0,0.0,0.0,0.0,0.0,0.0,0.0,0.0,0.0,0.0,0.0,-164.04,10.13,-39.01,0.0,0.0,0.0,100.0,0,0,378
94223,0,0,0,99.99,0.0,0.0,0.0,0.0,0.0,0.0,0.0,0.0,0.0,0.0,0.0,0.0,-165.74,8.36,-38.68,0.0,0.0,0.0,100.0,0,0,378
94423,0,0,0,99.99,0.0,0.0,0.0,0.0,0.0,0.0,0.0,0.0,0.0,0.0,0.0,0.0,-162.22,9.61,-38.41,0.0,0.0,0.0,100.0,0,0,380
94623,0,0,0,99.99,0.0,0.0,0.0,0.0,0.0,0.0,0.0,0.0,0.0,0.0,0.0,0.0,-167.57,6.36,-37.84,0.0,0.0,0.0,100.0,0,0,384
94823,0,0,0,99.99,0.0,0.0,0.0,0.0,0.0,0.0,0.0,0.0,0.0,0.0,0.0,0.0,-173.66,1.34,-38.46,0.0,0.0,0.0,100.0,0,0,384
95023,0,0,0,99.99,0.0,0.0,0.0,0.0,0.0,0.0,0.0,0.0,0.0,0.0,0.0,0.0,-157.84,8.3,-35.41,0.0,0.0,0.0,100.0,0,0,384
95223,0,0,0,99.99,0.0,0.0,0.0,0.0,0.0,0.0,0.0,0.0,0.0,0.0,0.0,0.0,-152.73,4.06,-38.7,0.0,0.0,0.0,100.0,0,0,384
95423,0,0,0,99.99,0.0,0.0,0.0,0.0,0.0,0.0,0.0,0.0,0.0,0.0,0.0,0.0,-152.03,1.48,-40.89,0.0,0.0,0.0,100.0,0,0,386
95623,0,0,0,99.99,0.0,0.0,0.0,0.0,0.0,0.0,0.0,0.0,0.0,0.0,0.0,0.0,-150.2,0.85,-41.85,0.0,0.0,0.0,100.0,0,0,390
95823,0,0,0,99.99,0.0,0.0,0.0,0.0,0.0,0.0,0.0,0.0,0.0,0.0,0.0,0.0,-150.91,0.81,-40.66,0.0,0.0,0.0,100.0,0,0,390
96023,0,0,0,99.99,0.0,0.0,0.0,0.0,0.0,0.0,0.0,0.0,0.0,0.0,0.0,0.0,-151.57,3.6,-36.67,0.0,0.0,0.0,100.0,0,0,390
96223,0,0,0,99.99,0.0,0.0,0.0,0.0,0.0,0.0,0.0,0.0,0.0,0.0,0.0,0.0,-170.51,-2.23,-34.86,0.0,0.0,0.0,100.0,0,0,390
96423,0,0,0,99.99,0.0,0.0,0.0,0.0,0.0,0.0,0.0,0.0,0.0,0.0,0.0,0.0,-180.0,2.19,-33.68,0.0,0.0,0.0,100.0,0,0,392
96623,0,0,0,99.99,0.0,0.0,0.0,0.0,0.0,0.0,0.0,0.0,0.0,0.0,0.0,0.0,177.31,11.52,-39.45,0.0,0.0,0.0,100.0,0,0,396
96823,0,0,0,99.99,0.0,0.0,0.0,0.0,0.0,0.0,0.0,0.0,0.0,0.0,0.0,0.0,179.85,15.46,-44.73,0.0,0.0,0.0,100.0,0,0,396
97023,0,0,0,99.99,0.0,0.0,0.0,0.0,0.0,0.0,0.0,0.0,0.0,0.0,0.0,0.0,178.31,23.7,-46.08,0.0,0.0,0.0,100.0,0,0,396
97223,0,0,0,99.99,0.0,0.0,0.0,0.0,0.0,0.0,0.0,0.0,0.0,0.0,0.0,0.0,178.34,22.07,-47.21,0.0,0.0,0.0,100.0,0,0,396
97423,0,0,0,99.99,0.0,0.0,0.0,0.0,0.0,0.0,0.0,0.0,0.0,0.0,0.0,0.0,178.34,20.97,-48.37,0.0,0.0,0.0,100.0,0,0,398
97623,0,0,0,99.99,0.0,0.0,0.0,0.0,0.0,0.0,0.0,0.0,0.0,0.0,0.0,0.0,177.18,21.2,-50.77,0.0,0.0,0.0,100.0,0,0,402
97823,0,0,0,99.99,0.0,0.0,0.0,0.0,0.0,0.0,0.0,0.0,0.0,0.0,0.0,0.0,177.28,20.44,-51.61,0.0,0.0,0.0,100.0,0,0,402
98024,0,0,0,99.99,0.0,0.0,0.0,0.0,0.0,0.0,0.0,0.0,0.0,0.0,0.0,0.0,177.31,19.94,-52.58,0.0,0.0,0.0,100.0,0,0,402
98233,0,0,0,99.99,0.0,0.0,0.0,0.0,0.0,0.0,0.0,0.0,0.0,0.0,0.0,0.0,177.38,19.51,-53.49,0.0,0.0,0.0,100.0,0,0,402
98433,0,0,0,99.99,0.0,0.0,0.0,0.0,0.0,0.0,0.0,0.0,0.0,0.0,0.0,0.0,177.43,19.22,-54.35,0.0,0.0,0.0,100.0,0,0,404
98633,0,0,0,99.99,0.0,0.0,0.0,0.0,0.0,0.0,0.0,0.0,0.0,0.0,0.0,0.0,177.6,19.05,-55.3,0.0,0.0,0.0,100.0,0,0,408
98833,0,0,0,99.99,0.0,0.0,0.0,0.0,0.0,0.0,0.0,0.0,0.0,0.0,0.0,0.0,177.66,19.01,-56.26,0.0,0.0,0.0,100.0,0,0,408
99033,0,0,0,99.99,0.0,0.0,0.0,0.0,0.0,0.0,0.0,0.0,0.0,0.0,0.0,0.0,177.71,19.04,-57.2,0.0,0.0,0.0,100.0,0,0,408
99233,0,0,0,99.99,0.0,0.0,0.0,0.0,0.0,0.0,0.0,0.0,0.0,0.0,0.0,0.0,177.89,18.81,-57.87,0.0,0.0,0.0,100.0,0,0,408
99433,0,0,0,99.99,0.0,0.0,0.0,0.0,0.0,0.0,0.0,0.0,0.0,0.0,0.0,0.0,177.76,18.56,-58.61,0.0,0.0,0.0,100.0,0,0,410
99633,0,0,0,99.99,0.0,0.0,0.0,0.0,0.0,0.0,0.0,0.0,0.0,0.0,0.0,0.0,177.67,18.44,-59.34,0.0,0.0,0.0,100.0,0,0,414
99834,0,0,0,99.99,0.0,0.0,0.0,0.0,0.0,0.0,0.0,0.0,0.0,0.0,0.0,0.0,177.57,18.3,-60.09,0.0,0.0,0.0,100.0,0,0,414
100043,0,0,0,99.99,0.0,0.0,0.0,0.0,0.0,0.0,0.0,0.0,0.0,0.0,0.0,0.0,177.41,18.26,-60.94,0.0,0.0,0.0,100.0,0,0,414
100243,0,0,0,99.99,0.0,0.0,0.0,0.0,0.0,0.0,0.0,0.0,0.0,0.0,0.0,0.0,177.32,18.16,-61.66,0.0,0.0,0.0,100.0,0,0,414
100443,0,0,0,99.99,0.0,0.0,0.0,0.0,0.0,0.0,0.0,0.0,0.0,0.0,0.0,0.0,177.18,18.17,-62.44,0.0,0.0,0.0,100.0,0,0,417
100643,0,0,0,99.99,0.0,0.0,0.0,0.0,0.0,0.0,0.0,0.0,0.0,0.0,0.0,0.0,177.02,17.94,-63.22,0.0,0.0,0.0,100.0,0,0,420
100843,0,0,0,99.99,0.0,0.0,0.0,0.0,0.0,0.0,0.0,0.0,0.0,0.0,0.0,0.0,176.92,17.75,-63.9,0.0,0.0,0.0,100.0,0,0,420
101043,0,0,0,99.99,0.0,0.0,0.0,0.0,0.0,0.0,0.0,0.0,0.0,0.0,0.0,0.0,176.82,17.63,-64.58,0.0,0.0,0.0,100.0,0,0,420
101243,0,0,0,99.99,0.0,0.0,0.0,0.0,0.0,0.0,0.0,0.0,0.0,0.0,0.0,0.0,176.66,17.64,-65.35,0.0,0.0,0.0,100.0,0,0,420
101443,0,0,0,99.99,0.0,0.0,0.0,0.0,0.0,0.0,0.0,0.0,0.0,0.0,0.0,0.0,176.56,17.63,-66.01,0.0,0.0,0.0,100.0,0,0,423
101643,0,0,0,99.99,0.0,0.0,0.0,0.0,0.0,0.0,0.0,0.0,0.0,0.0,0.0,0.0,176.36,17.68,-66.77,0.0,0.0,0.0,100.0,0,0,426
101843,0,0,0,99.99,0.0,0.0,0.0,0.0,0.0,0.0,0.0,0.0,0.0,0.0,0.0,0.0,176.26,17.44,-67.38,0.0,0.0,0.0,100.0,0,0,426
102043,0,0,0,99.99,0.0,0.0,0.0,0.0,0.0,0.0,0.0,0.0,0.0,0.0,0.0,0.0,176.1,17.62,-68.02,0.0,0.0,0.0,100.0,0,0,426
102243,0,0,0,99.99,0.0,0.0,0.0,0.0,0.0,0.0,0.0,0.0,0.0,0.0,0.0,0.0,175.91,17.5,-68.79,0.0,0.0,0.0,100.0,0,0,426
102443,0,0,0,99.99,0.0,0.0,0.0,0.0,0.0,0.0,0.0,0.0,0.0,0.0,0.0,0.0,175.83,17.27,-69.37,0.0,0.0,0.0,99.9,0,0,429
102643,0,0,0,99.99,0.0,0.0,0.0,0.0,0.0,0.0,0.0,0.0,0.0,0.0,0.0,0.0,175.78,17.22,-69.95,0.0,0.0,0.0,99.9,0,0,432
102843,0,0,0,99.99,0.0,0.0,0.0,0.0,0.0,0.0,0.0,0.0,0.0,0.0,0.0,0.0,175.72,17.2,-70.56,0.0,0.0,0.0,99.9,0,0,432
103043,0,0,0,99.99,0.0,0.0,0.0,0.0,0.0,0.0,0.0,0.0,0.0,0.0,0.0,0.0,175.62,17.03,-71.22,0.0,0.0,0.0,99.9,0,0,432
103243,0,0,0,99.99,0.0,0.0,0.0,0.0,0.0,0.0,0.0,0.0,0.0,0.0,0.0,0.0,175.49,16.78,-71.93,0.0,0.0,0.0,99.9,0,0,432
103443,0,0,0,99.99,0.0,0.0,0.0,0.0,0.0,0.0,0.0,0.0,0.0,0.0,0.0,0.0,175.35,16.95,-72.72,0.0,0.0,0.0,100.0,0,0,435
103643,0,0,0,99.99,0.0,0.0,0.0,0.0,0.0,0.0,0.0,0.0,0.0,0.0,0.0,0.0,175.31,16.38,-73.21,0.0,0.0,0.0,100.0,0,0,438
103843,0,0,0,99.99,0.0,0.0,0.0,0.0,0.0,0.0,0.0,0.0,0.0,0.0,0.0,0.0,175.37,16.3,-73.93,0.0,0.0,0.0,100.0,0,0,438
104043,0,0,0,99.99,0.0,0.0,0.0,0.0,0.0,0.0,0.0,0.0,0.0,0.0,0.0,0.0,175.35,16.21,-74.73,0.0,0.0,0.0,100.0,0,0,438
104243,0,0,0,99.99,0.0,0.0,0.0,0.0,0.0,0.0,0.0,0.0,0.0,0.0,0.0,0.0,175.38,15.72,-75.36,0.0,0.0,0.0,100.0,0,0,438
104443,0,0,0,99.99,0.0,0.0,0.0,0.0,0.0,0.0,0.0,0.0,0.0,0.0,0.0,0.0,175.36,15.59,-75.97,0.0,0.0,0.0,100.1,0,0,441
104643,0,0,0,99.99,0.0,0.0,0.0,0.0,0.0,0.0,0.0,0.0,0.0,0.0,0.0,0.0,175.3,15.55,-76.5,0.0,0.0,0.0,100.1,0,0,444
104843,0,0,0,99.99,0.0,0.0,0.0,0.0,0.0,0.0,0.0,0.0,0.0,0.0,0.0,0.0,175.32,15.53,-77.1,0.0,0.0,0.0,100.1,0,0,444
105043,0,0,0,99.99,0.0,0.0,0.0,0.0,0.0,0.0,0.0,0.0,0.0,0.0,0.0,0.0,175.3,15.42,-77.65,0.0,0.0,0.0,100.1,0,0,444
105243,0,0,0,99.99,0.0,0.0,0.0,0.0,0.0,0.0,0.0,0.0,0.0,0.0,0.0,0.0,175.29,15.19,-78.17,0.0,0.0,0.0,100.1,0,0,444
105443,0,0,0,99.99,0.0,0.0,0.0,0.0,0.0,0.0,0.0,0.0,0.0,0.0,0.0,0.0,175.21,15.18,-78.72,0.0,0.0,0.0,100.0,0,0,447
105643,0,0,0,99.99,0.0,0.0,0.0,0.0,0.0,0.0,0.0,0.0,0.0,0.0,0.0,0.0,175.05,15.27,-79.22,0.0,0.0,0.0,100.0,0,0,450
105843,0,0,0,99.99,0.0,0.0,0.0,0.0,0.0,0.0,0.0,0.0,0.0,0.0,0.0,0.0,174.76,14.62,-79.8,0.0,0.0,0.0,100.0,0,0,450
106043,0,0,0,99.99,0.0,0.0,0.0,0.0,0.0,0.0,0.0,0.0,0.0,0.0,0.0,0.0,174.55,14.73,-80.42,0.0,0.0,0.0,100.0,0,0,450
106243,0,0,0,99.99,0.0,0.0,0.0,0.0,0.0,0.0,0.0,0.0,0.0,0.0,0.0,0.0,174.53,14.69,-80.9,0.0,0.0,0.0,100.0,0,0,450
106444,0,0,0,99.99,0.0,0.0,0.0,0.0,0.0,0.0,0.0,0.0,0.0,0.0,0.0,0.0,174.6,14.63,-81.35,0.0,0.0,0.0,100.0,0,0,453
106653,0,0,0,99.99,0.0,0.0,0.0,0.0,0.0,0.0,0.0,0.0,0.0,0.0,0.0,0.0,174.59,14.61,-81.89,0.0,0.0,0.0,100.0,0,0,456
106853,0,0,0,99.99,0.0,0.0,0.0,0.0,0.0,0.0,0.0,0.0,0.0,0.0,0.0,0.0,174.56,14.56,-82.39,0.0,0.0,0.0,100.0,0,0,456
107053,0,0,0,99.99,0.0,0.0,0.0,0.0,0.0,0.0,0.0,0.0,0.0,0.0,0.0,0.0,174.51,14.45,-82.88,0.0,0.0,0.0,100.0,0,0,456
107253,0,0,0,99.99,0.0,0.0,0.0,0.0,0.0,0.0,0.0,0.0,0.0,0.0,0.0,0.0,174.48,14.38,-83.38,0.0,0.0,0.0,100.0,0,0,456
107453,0,0,0,99.99,0.0,0.0,0.0,0.0,0.0,0.0,0.0,0.0,0.0,0.0,0.0,0.0,174.46,14.3,-83.87,0.0,0.0,0.0,100.0,0,0,459
107653,0,0,0,99.99,0.0,0.0,0.0,0.0,0.0,0.0,0.0,0.0,0.0,0.0,0.0,0.0,174.44,14.21,-84.33,0.0,0.0,0.0,100.0,0,0,462
107853,0,0,0,99.99,0.0,0.0,0.0,0.0,0.0,0.0,0.0,0.0,0.0,0.0,0.0,0.0,174.42,14.13,-84.79,0.0,0.0,0.0,100.0,0,0,462
108053,0,0,0,99.99,0.0,0.0,0.0,0.0,0.0,0.0,0.0,0.0,0.0,0.0,0.0,0.0,174.39,14.09,-85.25,0.0,0.0,0.0,100.0,0,0,462
108253,0,0,0,99.99,0.0,0.0,0.0,0.0,0.0,0.0,0.0,0.0,0.0,0.0,0.0,0.0,174.37,14.01,-85.69,0.0,0.0,0.0,100.0,0,0,462
108453,0,0,0,99.99,0.0,0.0,0.0,0.0,0.0,0.0,0.0,0.0,0.0,0.0,0.0,0.0,174.35,13.93,-86.14,0.0,0.0,0.0,100.0,0,0,465
108653,0,0,0,99.99,0.0,0.0,0.0,0.0,0.0,0.0,0.0,0.0,0.0,0.0,0.0,0.0,174.33,13.84,-86.57,0.0,0.0,0.0,100.0,0,0,468
108853,0,0,0,99.99,0.0,0.0,0.0,0.0,0.0,0.0,0.0,0.0,0.0,0.0,0.0,0.0,174.31,13.76,-87.0,0.0,0.0,0.0,100.0,0,0,468
109053,0,0,0,99.99,0.0,0.0,0.0,0.0,0.0,0.0,0.0,0.0,0.0,0.0,0.0,0.0,174.29,13.66,-87.41,0.0,0.0,0.0,100.0,0,0,468
109253,0,0,0,99.99,0.0,0.0,0.0,0.0,0.0,0.0,0.0,0.0,0.0,0.0,0.0,0.0,174.28,13.6,-87.82,0.0,0.0,0.0,100.0,0,0,468
109453,0,0,0,99.99,0.0,0.0,0.0,0.0,0.0,0.0,0.0,0.0,0.0,0.0,0.0,0.0,174.26,13.52,-88.23,0.0,0.0,0.0,100.0,0,0,471
109653,0,0,0,99.99,0.0,0.0,0.0,0.0,0.0,0.0,0.0,0.0,0.0,0.0,0.0,0.0,174.26,13.42,-88.61,0.0,0.0,0.0,100.0,0,0,474
109853,0,0,0,99.99,0.0,0.0,0.0,0.0,0.0,0.0,0.0,0.0,0.0,0.0,0.0,0.0,174.26,13.33,-89.0,0.0,0.0,0.0,100.0,0,0,474
110053,0,0,0,99.99,0.0,0.0,0.0,0.0,0.0,0.0,0.0,0.0,0.0,0.0,0.0,0.0,174.24,13.25,-89.38,0.0,0.0,0.0,100.0,0,0,474
110253,0,0,0,99.99,0.0,0.0,0.0,0.0,0.0,0.0,0.0,0.0,0.0,0.0,0.0,0.0,174.22,13.17,-89.75,0.0,0.0,0.0,100.0,0,0,474
110453,0,0,0,99.99,0.0,0.0,0.0,0.0,0.0,0.0,0.0,0.0,0.0,0.0,0.0,0.0,174.21,13.08,-90.12,0.0,0.0,0.0,100.0,0,0,477
110653,0,0,0,99.99,0.0,0.0,0.0,0.0,0.0,0.0,0.0,0.0,0.0,0.0,0.0,0.0,174.2,13.02,-90.48,0.0,0.0,0.0,100.0,0,0,480
110853,0,0,0,99.99,0.0,0.0,0.0,0.0,0.0,0.0,0.0,0.0,0.0,0.0,0.0,0.0,174.03,12.92,-90.88,0.0,0.0,0.0,100.0,0,0,480
111053,0,0,0,99.99,0.0,0.0,0.0,0.0,0.0,0.0,0.0,0.0,0.0,0.0,0.0,0.0,174.07,12.97,-91.24,0.0,0.0,0.0,100.0,0,0,480
111253,0,0,0,99.99,0.0,0.0,0.0,0.0,0.0,0.0,0.0,0.0,0.0,0.0,0.0,0.0,174.09,12.85,-91.56,0.0,0.0,0.0,100.0,0,0,480
111453,0,0,0,99.99,0.0,0.0,0.0,0.0,0.0,0.0,0.0,0.0,0.0,0.0,0.0,0.0,174.1,12.82,-91.91,0.0,0.0,0.0,100.0,0,0,483
111653,0,0,0,99.99,0.0,0.0,0.0,0.0,0.0,0.0,0.0,0.0,0.0,0.0,0.0,0.0,174.1,12.75,-92.24,0.0,0.0,0.0,100.0,0,0,486
111853,0,0,0,99.99,0.0,0.0,0.0,0.0,0.0,0.0,0.0,0.0,0.0,0.0,0.0,0.0,174.1,12.72,-92.58,0.0,0.0,0.0,100.0,0,0,486
112053,0,0,0,99.99,0.0,0.0,0.0,0.0,0.0,0.0,0.0,0.0,0.0,0.0,0.0,0.0,174.11,12.66,-92.91,0.0,0.0,0.0,100.0,0,0,486
112253,0,0,0,99.99,0.0,0.0,0.0,0.0,0.0,0.0,0.0,0.0,0.0,0.0,0.0,0.0,174.11,12.59,-93.23,0.0,0.0,0.0,100.0,0,0,486
112453,0,0,0,99.99,0.0,0.0,0.0,0.0,0.0,0.0,0.0,0.0,0.0,0.0,0.0,0.0,174.12,12.63,-93.84,0.0,0.0,0.0,100.0,0,0,489
112653,0,0,0,99.99,0.0,0.0,0.0,0.0,0.0,0.0,0.0,0.0,0.0,0.0,0.0,0.0,174.1,12.57,-94.16,0.0,0.0,0.0,100.0,0,0,492
112853,0,0,0,99.99,0.0,0.0,0.0,0.0,0.0,0.0,0.0,0.0,0.0,0.0,0.0,0.0,174.1,12.54,-94.49,0.0,0.0,0.0,100.0,0,0,492
113053,0,0,0,99.99,0.0,0.0,0.0,0.0,0.0,0.0,0.0,0.0,0.0,0.0,0.0,0.0,176.45,11.34,-94.3,0.0,0.0,0.0,100.0,0,0,492
113254,0,0,0,99.99,0.0,0.0,0.0,0.0,0.0,0.0,0.0,0.0,0.0,0.0,0.0,0.0,178.68,9.21,-94.29,0.0,0.0,0.0,100.0,0,0,492
113454,0,0,0,99.99,0.0,0.0,0.0,0.0,0.0,0.0,0.0,0.0,0.0,0.0,0.0,0.0,179.93,7.28,-94.85,0.0,0.0,0.0,99.9,0,0,495
113663,0,0,0,99.99,0.0,0.0,0.0,0.0,0.0,0.0,0.0,0.0,0.0,0.0,0.0,0.0,-179.91,8.14,-95.4,0.0,0.0,0.0,99.9,0,0,498
113864,0,0,0,99.99,0.0,0.0,0.0,0.0,0.0,0.0,0.0,0.0,0.0,0.0,0.0,0.0,-179.76,8.36,-95.92,0.0,0.0,0.0,99.9,0,0,498
114073,0,0,0,99.99,0.0,0.0,0.0,0.0,0.0,0.0,0.0,0.0,0.0,0.0,0.0,0.0,-179.87,8.84,-96.46,0.0,0.0,0.0,99.9,0,0,498
114273,0,0,0,99.99,0.0,0.0,0.0,0.0,0.0,0.0,0.0,0.0,0.0,0.0,0.0,0.0,-179.88,8.91,-96.95,0.0,0.0,0.0,99.9,0,0,498
114473,0,0,0,99.99,0.0,0.0,0.0,0.0,0.0,0.0,0.0,0.0,0.0,0.0,0.0,0.0,-179.82,8.84,-97.35,0.0,0.0,0.0,100.1,0,0,501
114673,0,0,0,99.99,0.0,0.0,0.0,0.0,0.0,0.0,0.0,0.0,0.0,0.0,0.0,0.0,-179.83,8.95,-97.78,0.0,0.0,0.0,100.1,0,0,504
114873,0,0,0,99.99,0.0,0.0,0.0,0.0,0.0,0.0,0.0,0.0,0.0,0.0,0.0,0.0,-179.87,8.88,-98.21,0.0,0.0,0.0,100.1,0,0,504
115073,0,0,0,99.99,0.0,0.0,0.0,0.0,0.0,0.0,0.0,0.0,0.0,0.0,0.0,0.0,-179.85,8.81,-98.6,0.0,0.0,0.0,100.1,0,0,504
115273,0,0,0,99.99,0.0,0.0,0.0,0.0,0.0,0.0,0.0,0.0,0.0,0.0,0.0,0.0,-179.84,8.73,-98.99,0.0,0.0,0.0,100.1,0,0,504
115473,0,0,0,99.99,0.0,0.0,0.0,0.0,0.0,0.0,0.0,0.0,0.0,0.0,0.0,0.0,-179.86,8.75,-99.38,0.0,0.0,0.0,100.0,0,0,507
115673,0,0,0,99.99,0.0,0.0,0.0,0.0,0.0,0.0,0.0,0.0,0.0,0.0,0.0,0.0,-179.89,8.78,-99.75,0.0,0.0,0.0,100.0,0,0,510
115873,0,0,0,99.99,0.0,0.0,0.0,0.0,0.0,0.0,0.0,0.0,0.0,0.0,0.0,0.0,-179.89,8.64,-100.11,0.0,0.0,0.0,100.0,0,0,510
116073,0,0,0,99.99,0.0,0.0,0.0,0.0,0.0,0.0,0.0,0.0,0.0,0.0,0.0,0.0,179.95,8.81,-100.42,0.0,0.0,0.0,100.0,0,0,510
116273,0,0,0,99.99,0.0,0.0,0.0,0.0,0.0,0.0,0.0,0.0,0.0,0.0,0.0,0.0,-179.96,8.67,-100.78,0.0,0.0,0.0,100.0,0,0,510
116473,0,0,0,99.99,0.0,0.0,0.0,0.0,0.0,0.0,0.0,0.0,0.0,0.0,0.0,0.0,-179.86,8.56,-101.13,0.0,0.0,0.0,99.9,0,0,513
116673,0,0,0,99.99,0.0,0.0,0.0,0.0,0.0,0.0,0.0,0.0,0.0,0.0,0.0,0.0,-179.87,8.49,-101.47,0.0,0.0,0.0,99.9,0,0,516
116873,0,0,0,99.99,0.0,0.0,0.0,0.0,0.0,0.0,0.0,0.0,0.0,0.0,0.0,0.0,-179.8,8.33,-101.8,0.0,0.0,0.0,99.9,0,0,516
117073,0,0,0,99.99,0.0,0.0,0.0,0.0,0.0,0.0,0.0,0.0,0.0,0.0,0.0,0.0,-179.81,8.27,-102.17,0.0,0.0,0.0,99.9,0,0,516
117273,0,0,0,99.99,0.0,0.0,0.0,0.0,0.0,0.0,0.0,0.0,0.0,0.0,0.0,0.0,-179.75,8.15,-102.51,0.0,0.0,0.0,99.9,0,0,516
117473,0,0,0,99.99,0.0,0.0,0.0,0.0,0.0,0.0,0.0,0.0,0.0,0.0,0.0,0.0,-179.74,8.09,-102.85,0.0,0.0,0.0,100.1,0,0,519
117673,0,0,0,99.99,0.0,0.0,0.0,0.0,0.0,0.0,0.0,0.0,0.0,0.0,0.0,0.0,-179.77,8.08,-103.17,0.0,0.0,0.0,100.1,0,0,522
117873,0,0,0,99.99,0.0,0.0,0.0,0.0,0.0,0.0,0.0,0.0,0.0,0.0,0.0,0.0,-179.78,8.13,-103.48,0.0,0.0,0.0,100.1,0,0,522
118073,0,0,0,99.99,0.0,0.0,0.0,0.0,0.0,0.0,0.0,0.0,0.0,0.0,0.0,0.0,-179.77,8.09,-103.79,0.0,0.0,0.0,100.1,0,0,522
118274,0,0,0,99.99,0.0,0.0,0.0,0.0,0.0,0.0,0.0,0.0,0.0,0.0,0.0,0.0,-179.75,7.99,-104.11,0.0,0.0,0.0,100.1,0,0,522
118483,0,0,0,99.99,0.0,0.0,0.0,0.0,0.0,0.0,0.0,0.0,0.0,0.0,0.0,0.0,-179.73,7.94,-104.43,0.0,0.0,0.0,100.0,0,0,525
118683,0,0,0,99.99,0.0,0.0,0.0,0.0,0.0,0.0,0.0,0.0,0.0,0.0,0.0,0.0,-179.74,7.97,-104.74,0.0,0.0,0.0,100.0,0,0,528
118883,0,0,0,99.99,0.0,0.0,0.0,0.0,0.0,0.0,0.0,0.0,0.0,0.0,0.0,0.0,-179.73,7.96,-105.05,0.0,0.0,0.0,100.0,0,0,528
119083,0,0,0,99.99,0.0,0.0,0.0,0.0,0.0,0.0,0.0,0.0,0.0,0.0,0.0,0.0,-179.73,7.87,-105.35,0.0,0.0,0.0,100.0,0,0,528
119283,0,0,0,99.99,0.0,0.0,0.0,0.0,0.0,0.0,0.0,0.0,0.0,0.0,0.0,0.0,-179.74,7.85,-105.65,0.0,0.0,0.0,100.0,0,0,528
119483,0,0,0,99.99,0.0,0.0,0.0,0.0,0.0,0.0,0.0,0.0,0.0,0.0,0.0,0.0,-179.74,7.89,-105.95,0.0,0.0,0.0,100.0,0,0,531
119683,0,0,0,99.99,0.0,0.0,0.0,0.0,0.0,0.0,0.0,0.0,0.0,0.0,0.0,0.0,-179.74,7.8,-106.23,0.0,0.0,0.0,100.0,0,0,534
119883,0,0,0,99.99,0.0,0.0,0.0,0.0,0.0,0.0,0.0,0.0,0.0,0.0,0.0,0.0,-179.72,7.75,-106.51,0.0,0.0,0.0,100.0,0,0,534
120083,0,0,0,99.99,0.0,0.0,0.0,0.0,0.0,0.0,0.0,0.0,0.0,0.0,0.0,0.0,-179.73,7.66,-106.79,0.0,0.0,0.0,100.0,0,0,534
120283,0,0,0,99.99,0.0,0.0,0.0,0.0,0.0,0.0,0.0,0.0,0.0,0.0,0.0,0.0,-179.67,7.51,-107.08,0.0,0.0,0.0,100.0,0,0,534
120483,0,0,0,99.99,0.0,0.0,0.0,0.0,0.0,0.0,0.0,0.0,0.0,0.0,0.0,0.0,-179.68,7.5,-107.36,0.0,0.0,0.0,100.0,0,0,537
120683,0,0,0,99.99,0.0,0.0,0.0,0.0,0.0,0.0,0.0,0.0,0.0,0.0,0.0,0.0,-179.67,7.47,-107.65,0.0,0.0,0.0,100.0,0,0,540
120883,0,0,0,99.99,0.0,0.0,0.0,0.0,0.0,0.0,0.0,0.0,0.0,0.0,0.0,0.0,-179.64,7.43,-107.93,0.0,0.0,0.0,100.0,0,0,540
121083,0,0,0,99.99,0.0,0.0,0.0,0.0,0.0,0.0,0.0,0.0,0.0,0.0,0.0,0.0,-179.61,7.32,-108.17,0.0,0.0,0.0,100.0,0,0,540
121283,0,0,0,99.99,0.0,0.0,0.0,0.0,0.0,0.0,0.0,0.0,0.0,0.0,0.0,0.0,-179.61,7.22,-108.39,0.0,0.0,0.0,100.0,0,0,540
121483,0,0,0,99.99,0.0,0.0,0.0,0.0,0.0,0.0,0.0,0.0,0.0,0.0,0.0,0.0,-179.6,7.22,-108.65,0.0,0.0,0.0,100.0,0,0,543
121683,0,0,0,99.99,0.0,0.0,0.0,0.0,0.0,0.0,0.0,0.0,0.0,0.0,0.0,0.0,-179.4,6.73,-108.97,0.0,0.0,0.0,100.0,0,0,546
121883,0,0,0,99.99,0.0,0.0,0.0,0.0,0.0,0.0,0.0,0.0,0.0,0.0,0.0,0.0,-179.26,6.25,-109.29,0.0,0.0,0.0,100.0,0,0,546
122083,0,0,0,99.99,0.0,0.0,0.0,0.0,0.0,0.0,0.0,0.0,0.0,0.0,0.0,0.0,-179.27,6.27,-109.6,0.0,0.0,0.0,100.0,0,0,546
122283,0,0,0,99.99,0.0,0.0,0.0,0.0,0.0,0.0,0.0,0.0,0.0,0.0,0.0,0.0,-179.26,6.27,-109.9,0.0,0.0,0.0,100.0,0,0,546
122483,0,0,0,99.99,0.0,0.0,0.0,0.0,0.0,0.0,0.0,0.0,0.0,0.0,0.0,0.0,-179.27,6.32,-110.19,0.0,0.0,0.0,99.9,0,0,549
122683,0,0,0,99.99,0.0,0.0,0.0,0.0,0.0,0.0,0.0,0.0,0.0,0.0,0.0,0.0,-179.31,6.48,-110.47,0.0,0.0,0.0,99.9,0,0,552
122883,0,0,0,99.99,0.0,0.0,0.0,0.0,0.0,0.0,0.0,0.0,0.0,0.0,0.0,0.0,-179.37,6.68,-110.72,0.0,0.0,0.0,99.9,0,0,552
123083,0,0,0,99.99,0.0,0.0,0.0,0.0,0.0,0.0,0.0,0.0,0.0,0.0,0.0,0.0,-179.37,6.6,-110.96,0.0,0.0,0.0,99.9,0,0,552
123283,0,0,0,99.99,0.0,0.0,0.0,0.0,0.0,0.0,0.0,0.0,0.0,0.0,0.0,0.0,-179.32,6.45,-111.2,0.0,0.0,0.0,99.9,0,0,552
123483,0,0,0,99.99,0.0,0.0,0.0,0.0,0.0,0.0,0.0,0.0,0.0,0.0,0.0,0.0,-179.27,6.4,-111.45,0.0,0.0,0.0,100.1,0,0,555
123683,0,0,0,99.99,0.0,0.0,0.0,0.0,0.0,0.0,0.0,0.0,0.0,0.0,0.0,0.0,-179.22,6.3,-111.68,0.0,0.0,0.0,100.1,0,0,558
123883,0,0,0,99.99,0.0,0.0,0.0,0.0,0.0,0.0,0.0,0.0,0.0,0.0,0.0,0.0,-179.12,6.09,-111.92,0.0,0.0,0.0,100.1,0,0,558
124084,0,0,0,99.99,0.0,0.0,0.0,0.0,0.0,0.0,0.0,0.0,0.0,0.0,0.0,0.0,-179.11,6.0,-112.2,0.0,0.0,0.0,100.1,0,0,558
124293,0,0,0,99.99,0.0,0.0,0.0,0.0,0.0,0.0,0.0,0.0,0.0,0.0,0.0,0.0,-179.08,5.96,-112.44,0.0,0.0,0.0,100.1,0,0,558
124493,0,0,0,99.99,0.0,0.0,0.0,0.0,0.0,0.0,0.0,0.0,0.0,0.0,0.0,0.0,-179.08,5.99,-112.68,0.0,0.0,0.0,100.0,0,0,562
124693,0,0,0,99.99,0.0,0.0,0.0,0.0,0.0,0.0,0.0,0.0,0.0,0.0,0.0,0.0,-178.99,5.71,-112.93,0.0,0.0,0.0,100.0,0,0,564
124893,0,0,0,99.99,0.0,0.0,0.0,0.0,0.0,0.0,0.0,0.0,0.0,0.0,0.0,0.0,-178.98,5.64,-113.19,0.0,0.0,0.0,100.0,0,0,564
125093,0,0,0,99.99,0.0,0.0,0.0,0.0,0.0,0.0,0.0,0.0,0.0,0.0,0.0,0.0,-179.03,5.81,-113.43,0.0,0.0,0.0,100.0,0,0,564
125293,0,0,0,99.99,0.0,0.0,0.0,0.0,0.0,0.0,0.0,0.0,0.0,0.0,0.0,0.0,-179.05,5.83,-113.68,0.0,0.0,0.0,100.0,0,0,564
125493,0,0,0,99.99,0.0,0.0,0.0,0.0,0.0,0.0,0.0,0.0,0.0,0.0,0.0,0.0,-179.01,5.8,-113.9,0.0,0.0,0.0,100.0,0,0,568
125693,0,0,0,99.99,0.0,0.0,0.0,0.0,0.0,0.0,0.0,0.0,0.0,0.0,0.0,0.0,-178.96,5.64,-114.1,0.0,0.0,0.0,100.0,0,0,570
125893,0,0,0,99.99,0.0,0.0,0.0,0.0,0.0,0.0,0.0,0.0,0.0,0.0,0.0,0.0,-178.96,5.64,-114.31,0.0,0.0,0.0,100.0,0,0,570
126093,0,0,0,99.99,0.0,0.0,0.0,0.0,0.0,0.0,0.0,0.0,0.0,0.0,0.0,0.0,-179.01,5.53,-114.56,0.0,0.0,0.0,100.0,0,0,570
126293,0,0,0,99.99,0.0,0.0,0.0,0.0,0.0,0.0,0.0,0.0,0.0,0.0,0.0,0.0,-179.08,5.84,-114.75,0.0,0.0,0.0,100.0,0,0,570
126493,0,0,0,99.99,0.0,0.0,0.0,0.0,0.0,0.0,0.0,0.0,0.0,0.0,0.0,0.0,-179.11,5.78,-114.97,0.0,0.0,0.0,100.0,0,0,574
126693,0,0,0,99.99,0.0,0.0,0.0,0.0,0.0,0.0,0.0,0.0,0.0,0.0,0.0,0.0,-179.16,5.56,-115.15,0.0,0.0,0.0,100.0,0,0,576
126893,0,0,0,99.99,0.0,0.0,0.0,0.0,0.0,0.0,0.0,0.0,0.0,0.0,0.0,0.0,-179.34,4.89,-115.43,0.0,0.0,0.0,100.0,0,0,576
127093,0,0,0,99.99,0.0,0.0,0.0,0.0,0.0,0.0,0.0,0.0,0.0,0.0,0.0,0.0,179.74,6.97,-115.63,0.0,0.0,0.0,100.0,0,0,576
127293,0,0,0,99.99,0.0,0.0,0.0,0.0,0.0,0.0,0.0,0.0,0.0,0.0,0.0,0.0,179.41,7.17,-115.93,0.0,0.0,0.0,100.0,0,0,576
127493,0,0,0,99.99,0.0,0.0,0.0,0.0,0.0,0.0,0.0,0.0,0.0,0.0,0.0,0.0,178.9,7.59,-116.05,0.0,0.0,0.0,99.9,0,0,580
127693,0,0,0,99.99,0.0,0.0,0.0,0.0,0.0,0.0,0.0,0.0,0.0,0.0,0.0,0.0,176.57,10.09,-115.57,0.0,0.0,0.0,99.9,0,0,582
127893,0,0,0,99.99,0.0,0.0,0.0,0.0,0.0,0.0,0.0,0.0,0.0,0.0,0.0,0.0,178.66,7.26,-115.07,0.0,0.0,0.0,99.9,0,0,582
128093,0,0,0,99.99,0.0,0.0,0.0,0.0,0.0,0.0,0.0,0.0,0.0,0.0,0.0,0.0,176.11,9.57,-115.84,0.0,0.0,0.0,99.9,0,0,582
128293,0,0,0,99.99,0.0,0.0,0.0,0.0,0.0,0.0,0.0,0.0,0.0,0.0,0.0,0.0,176.12,9.41,-115.9,0.0,0.0,0.0,99.9,0,0,582
128493,0,0,0,99.99,0.0,0.0,0.0,0.0,0.0,0.0,0.0,0.0,0.0,0.0,0.0,0.0,176.09,9.33,-115.96,0.0,0.0,0.0,100.1,0,0,586
128693,0,0,0,99.99,0.0,0.0,0.0,0.0,0.0,0.0,0.0,0.0,0.0,0.0,0.0,0.0,175.68,9.41,-117.37,0.0,0.0,0.0,100.1,0,0,588
128893,0,0,0,99.99,0.0,0.0,0.0,0.0,0.0,0.0,0.0,0.0,0.0,0.0,0.0,0.0,179.89,2.88,-120.84,0.0,0.0,0.0,100.1,0,0,588
129094,0,0,0,99.99,0.0,0.0,0.0,0.0,0.0,0.0,0.0,0.0,0.0,0.0,0.0,0.0,-176.97,-7.35,-124.05,0.0,0.0,0.0,100.1,0,0,588
129303,0,0,0,99.99,0.0,0.0,0.0,0.0,0.0,0.0,0.0,0.0,0.0,0.0,0.0,0.0,-164.55,-4.1,-124.78,0.0,0.0,0.0,100.1,0,0,588
129503,0,0,0,99.99,0.0,0.0,0.0,0.0,0.0,0.0,0.0,0.0,0.0,0.0,0.0,0.0,-157.99,1.92,-119.7,0.0,0.0,0.0,100.0,0,0,592
129703,0,0,0,99.99,0.0,0.0,0.0,0.0,0.0,0.0,0.0,0.0,0.0,0.0,0.0,0.0,-153.39,5.62,-118.94,0.0,0.0,0.0,100.0,0,0,594
129903,0,0,0,99.99,0.0,0.0,0.0,0.0,0.0,0.0,0.0,0.0,0.0,0.0,0.0,0.0,-156.62,1.35,-120.24,0.0,0.0,0.0,100.0,0,0,594
130103,0,0,0,99.99,0.0,0.0,0.0,0.0,0.0,0.0,0.0,0.0,0.0,0.0,0.0,0.0,-172.22,-11.33,-118.65,0.0,0.0,0.0,100.0,0,0,594
130303,0,0,0,99.99,0.0,0.0,0.0,0.0,0.0,0.0,0.0,0.0,0.0,0.0,0.0,0.0,170.14,-17.57,-118.2,0.0,0.0,0.0,100.0,0,0,594
130503,0,0,0,99.99,0.0,0.0,0.0,0.0,0.0,0.0,0.0,0.0,0.0,0.0,0.0,0.0,161.34,-21.95,-117.3,0.0,0.0,0.0,100.0,0,0,598
130703,0,0,0,99.99,0.0,0.0,0.0,0.0,0.0,0.0,0.0,0.0,0.0,0.0,0.0,0.0,170.94,-6.16,-123.16,0.0,0.0,0.0,100.0,0,0,600
130903,0,0,0,99.99,0.0,0.0,0.0,0.0,0.0,0.0,0.0,0.0,0.0,0.0,0.0,0.0,-178.19,8.0,-124.58,0.0,0.0,0.0,100.0,0,0,600
131103,0,0,0,99.99,0.0,0.0,0.0,0.0,0.0,0.0,0.0,0.0,0.0,0.0,0.0,0.0,-163.61,14.98,-121.26,0.0,0.0,0.0,100.0,0,0,600
131303,0,0,0,99.99,0.0,0.0,0.0,0.0,0.0,0.0,0.0,0.0,0.0,0.0,0.0,0.0,-157.35,0.31,-124.32,0.0,0.0,0.0,100.0,0,0,600
131503,0,0,0,99.99,0.0,0.0,0.0,0.0,0.0,0.0,0.0,0.0,0.0,0.0,0.0,0.0,-179.17,-14.52,-122.72,0.0,0.0,0.0,100.0,0,0,604
131703,0,0,0,99.99,0.0,0.0,0.0,0.0,0.0,0.0,0.0,0.0,0.0,0.0,0.0,0.0,155.15,-21.09,-118.53,0.0,0.0,0.0,100.0,0,0,606
131903,0,0,0,99.99,0.0,0.0,0.0,0.0,0.0,0.0,0.0,0.0,0.0,0.0,0.0,0.0,146.96,-20.57,-119.91,0.0,0.0,0.0,100.0,0,0,606
132103,0,0,0,99.99,0.0,0.0,0.0,0.0,0.0,0.0,0.0,0.0,0.0,0.0,0.0,0.0,148.93,-16.73,-122.32,0.0,0.0,0.0,100.0,0,0,606
132303,0,0,0,99.99,0.0,0.0,0.0,0.0,0.0,0.0,0.0,0.0,0.0,0.0,0.0,0.0,170.19,-3.71,-129.76,0.0,0.0,0.0,100.0,0,0,606
132503,0,0,0,99.99,0.0,0.0,0.0,0.0,0.0,0.0,0.0,0.0,0.0,0.0,0.0,0.0,-172.57,-1.54,-129.01,0.0,0.0,0.0,100.0,0,0,610
132704,0,0,0,99.99,0.0,0.0,0.0,0.0,0.0,0.0,0.0,0.0,0.0,0.0,0.0,0.0,-161.51,1.03,-128.13,0.0,0.0,0.0,100.0,0,0,612
132904,0,0,0,99.99,0.0,0.0,0.0,0.0,0.0,0.0,0.0,0.0,0.0,0.0,0.0,0.0,-156.28,0.25,-128.88,0.0,0.0,0.0,100.0,0,0,612
133113,0,0,0,99.99,0.0,0.0,0.0,0.0,0.0,0.0,0.0,0.0,0.0,0.0,0.0,0.0,-156.51,-1.47,-130.48,0.0,0.0,0.0,100.0,0,0,612
133314,0,0,0,99.99,0.0,0.0,0.0,0.0,0.0,0.0,0.0,0.0,0.0,0.0,0.0,0.0,-155.6,-1.74,-131.34,0.0,0.0,0.0,99.9,0,0,612
133524,0,0,0,99.99,0.0,0.0,0.0,0.0,0.0,0.0,0.0,0.0,0.0,0.0,0.0,0.0,-155.45,-0.87,-132.36,0.0,0.0,0.0,99.9,0,0,617
133733,0,0,0,99.99,0.0,0.0,0.0,0.0,0.0,0.0,0.0,0.0,0.0,0.0,0.0,0.0,-156.18,-1.16,-132.75,0.0,0.0,0.0,99.9,0,0,618
133933,0,0,0,99.99,0.0,0.0,0.0,0.0,0.0,0.0,0.0,0.0,0.0,0.0,0.0,0.0,-157.96,1.21,-132.03,0.0,0.0,0.0,99.9,0,0,618
134133,0,0,0,99.99,0.0,0.0,0.0,0.0,0.0,0.0,0.0,0.0,0.0,0.0,0.0,0.0,-165.92,0.88,-125.34,0.0,0.0,0.0,99.9,0,0,618
134333,0,0,0,99.99,0.0,0.0,0.0,0.0,0.0,0.0,0.0,0.0,0.0,0.0,0.0,0.0,-175.48,4.17,-121.37,0.0,0.0,0.0,100.0,0,0,618
134533,0,0,0,99.99,0.0,0.0,0.0,0.0,0.0,0.0,0.0,0.0,0.0,0.0,0.0,0.0,-179.83,6.86,-120.17,0.0,0.0,0.0,100.0,0,0,624
134733,0,0,0,99.99,0.0,0.0,0.0,0.0,0.0,0.0,0.0,0.0,0.0,0.0,0.0,0.0,-179.47,8.9,-119.55,0.0,0.0,0.0,100.0,0,0,624
134933,0,0,0,99.99,0.0,0.0,0.0,0.0,0.0,0.0,0.0,0.0,0.0,0.0,0.0,0.0,179.74,9.96,-119.47,0.0,0.0,0.0,100.0,0,0,624
135133,0,0,0,99.99,0.0,0.0,0.0,0.0,0.0,0.0,0.0,0.0,0.0,0.0,0.0,0.0,-175.63,7.41,-118.45,0.0,0.0,0.0,100.0,0,0,624
135333,0,0,0,99.99,0.0,0.0,0.0,0.0,0.0,0.0,0.0,0.0,0.0,0.0,0.0,0.0,-169.74,8.03,-118.47,0.0,0.0,0.0,100.1,0,0,624
135533,0,0,0,99.99,0.0,0.0,0.0,0.0,0.0,0.0,0.0,0.0,0.0,0.0,0.0,0.0,-163.55,7.86,-118.32,0.0,0.0,0.0,100.1,0,0,630
135733,0,0,0,99.99,0.0,0.0,0.0,0.0,0.0,0.0,0.0,0.0,0.0,0.0,0.0,0.0,-161.37,6.67,-118.73,0.0,0.0,0.0,100.1,0,0,630
135933,0,0,0,99.99,0.0,0.0,0.0,0.0,0.0,0.0,0.0,0.0,0.0,0.0,0.0,0.0,-161.61,5.96,-119.08,0.0,0.0,0.0,100.1,0,0,630
136133,0,0,0,99.99,0.0,0.0,0.0,0.0,0.0,0.0,0.0,0.0,0.0,0.0,0.0,0.0,-161.92,5.37,-119.44,0.0,0.0,0.0,100.1,0,0,630
136333,0,0,0,99.99,0.0,0.0,0.0,0.0,0.0,0.0,0.0,0.0,0.0,0.0,0.0,0.0,-166.19,-0.38,-121.14,0.0,0.0,0.0,100.0,0,0,630
136533,0,0,0,99.99,0.0,0.0,0.0,0.0,0.0,0.0,0.0,0.0,0.0,0.0,0.0,0.0,-168.29,-7.39,-123.44,0.0,0.0,0.0,100.0,0,0,636
136733,0,0,0,99.99,0.0,0.0,0.0,0.0,0.0,0.0,0.0,0.0,0.0,0.0,0.0,0.0,-167.78,-5.92,-123.65,0.0,0.0,0.0,100.0,0,0,636
136933,0,0,0,99.99,0.0,0.0,0.0,0.0,0.0,0.0,0.0,0.0,0.0,0.0,0.0,0.0,-169.05,2.96,-122.1,0.0,0.0,0.0,100.0,0,0,636
137133,0,0,0,99.99,0.0,0.0,0.0,0.0,0.0,0.0,0.0,0.0,0.0,0.0,0.0,0.0,-175.26,10.48,-120.07,0.0,0.0,0.0,100.0,0,0,636
137333,0,0,0,99.99,0.0,0.0,0.0,0.0,0.0,0.0,0.0,0.0,0.0,0.0,0.0,0.0,-179.43,12.53,-119.82,0.0,0.0,0.0,100.0,0,0,636
137533,0,0,0,99.99,0.0,0.0,0.0,0.0,0.0,0.0,0.0,0.0,0.0,0.0,0.0,0.0,178.87,14.55,-119.96,0.0,0.0,0.0,100.0,0,0,642
137733,0,0,0,99.99,0.0,0.0,0.0,0.0,0.0,0.0,0.0,0.0,0.0,0.0,0.0,0.0,177.35,16.25,-120.17,0.0,0.0,0.0,100.0,0,0,642
137933,0,0,0,99.99,0.0,0.0,0.0,0.0,0.0,0.0,0.0,0.0,0.0,0.0,0.0,0.0,175.82,16.27,-120.23,0.0,0.0,0.0,100.0,0,0,642
138133,0,0,0,99.99,0.0,0.0,0.0,0.0,0.0,0.0,0.0,0.0,0.0,0.0,0.0,0.0,-177.31,12.52,-118.84,0.0,0.0,0.0,100.0,0,0,642
138333,0,0,0,99.99,0.0,0.0,0.0,0.0,0.0,0.0,0.0,0.0,0.0,0.0,0.0,0.0,-172.27,12.04,-117.86,0.0,0.0,0.0,100.0,0,0,642
138533,0,0,0,99.99,0.0,0.0,0.0,0.0,0.0,0.0,0.0,0.0,0.0,0.0,0.0,0.0,-168.33,11.14,-117.02,0.0,0.0,0.0,100.0,0,0,647
138733,0,0,0,99.99,0.0,0.0,0.0,0.0,0.0,0.0,0.0,0.0,0.0,0.0,0.0,0.0,-167.26,10.07,-116.87,0.0,0.0,0.0,100.0,0,0,648
138933,0,0,0,99.99,0.0,0.0,0.0,0.0,0.0,0.0,0.0,0.0,0.0,0.0,0.0,0.0,-166.32,8.57,-117.2,0.0,0.0,0.0,100.0,0,0,648
139133,0,0,0,99.99,0.0,0.0,0.0,0.0,0.0,0.0,0.0,0.0,0.0,0.0,0.0,0.0,-166.02,7.77,-117.45,0.0,0.0,0.0,100.0,0,0,648
139333,0,0,0,99.99,0.0,0.0,0.0,0.0,0.0,0.0,0.0,0.0,0.0,0.0,0.0,0.0,-167.2,8.0,-117.77,0.0,0.0,0.0,100.0,0,0,648
139533,0,0,0,99.99,0.0,0.0,0.0,0.0,0.0,0.0,0.0,0.0,0.0,0.0,0.0,0.0,-173.93,12.43,-118.68,0.0,0.0,0.0,100.0,0,0,654
139733,0,0,0,99.99,0.0,0.0,0.0,0.0,0.0,0.0,0.0,0.0,0.0,0.0,0.0,0.0,179.44,13.63,-118.97,0.0,0.0,0.0,100.0,0,0,654
139933,0,0,0,99.99,0.0,0.0,0.0,0.0,0.0,0.0,0.0,0.0,0.0,0.0,0.0,0.0,177.59,13.6,-118.95,0.0,0.0,0.0,100.0,0,0,654
140133,0,0,0,99.99,0.0,0.0,0.0,0.0,0.0,0.0,0.0,0.0,0.0,0.0,0.0,0.0,175.36,14.93,-119.16,0.0,0.0,0.0,100.0,0,0,654
140333,0,0,0,99.99,0.0,0.0,0.0,0.0,0.0,0.0,0.0,0.0,0.0,0.0,0.0,0.0,172.7,15.48,-119.85,0.0,0.0,0.0,100.0,0,0,654
140533,0,0,0,99.99,0.0,0.0,0.0,0.0,0.0,0.0,0.0,0.0,0.0,0.0,0.0,0.0,173.74,14.38,-119.26,0.0,0.0,0.0,100.0,0,0,660
140733,0,0,0,99.99,0.0,0.0,0.0,0.0,0.0,0.0,0.0,0.0,0.0,0.0,0.0,0.0,177.81,8.24,-117.47,0.0,0.0,0.0,100.0,0,0,660
140933,0,0,0,99.99,0.0,0.0,0.0,0.0,0.0,0.0,0.0,0.0,0.0,0.0,0.0,0.0,-178.64,2.16,-116.53,0.0,0.0,0.0,100.0,0,0,660
141133,0,0,0,99.99,0.0,0.0,0.0,0.0,0.0,0.0,0.0,0.0,0.0,0.0,0.0,0.0,-177.51,1.54,-116.79,0.0,0.0,0.0,100.0,0,0,660
141333,0,0,0,99.99,0.0,0.0,0.0,0.0,0.0,0.0,0.0,0.0,0.0,0.0,0.0,0.0,177.37,12.71,-118.97,0.0,0.0,0.0,100.0,0,0,660
141533,0,0,0,99.99,0.0,0.0,0.0,0.0,0.0,0.0,0.0,0.0,0.0,0.0,0.0,0.0,177.11,13.4,-118.84,0.0,0.0,0.0,100.0,0,0,666
141733,0,0,0,99.99,0.0,0.0,0.0,0.0,0.0,0.0,0.0,0.0,0.0,0.0,0.0,0.0,179.89,10.83,-118.26,0.0,0.0,0.0,100.0,0,0,666
141933,0,0,0,99.99,0.0,0.0,0.0,0.0,0.0,0.0,0.0,0.0,0.0,0.0,0.0,0.0,179.5,12.18,-119.19,0.0,0.0,0.0,100.0,0,0,666
142133,0,0,0,99.99,0.0,0.0,0.0,0.0,0.0,0.0,0.0,0.0,0.0,0.0,0.0,0.0,-178.71,11.26,-119.13,0.0,0.0,0.0,100.0,0,0,666
142333,0,0,0,99.99,0.0,0.0,0.0,0.0,0.0,0.0,0.0,0.0,0.0,0.0,0.0,0.0,-178.02,9.27,-118.51,0.0,0.0,0.0,100.0,0,0,666
142533,0,0,0,99.99,0.0,0.0,0.0,0.0,0.0,0.0,0.0,0.0,0.0,0.0,0.0,0.0,176.71,10.74,-119.91,0.0,0.0,0.0,100.0,0,0,672
142733,0,0,0,99.99,0.0,0.0,0.0,0.0,0.0,0.0,0.0,0.0,0.0,0.0,0.0,0.0,174.8,9.91,-121.44,0.0,0.0,0.0,100.0,0,0,672
142933,0,0,0,99.99,0.0,0.0,0.0,0.0,0.0,0.0,0.0,0.0,0.0,0.0,0.0,0.0,165.82,7.55,-125.62,0.0,0.0,0.0,100.0,0,0,672
143133,0,0,0,99.99,0.0,0.0,0.0,0.0,0.0,0.0,0.0,0.0,0.0,0.0,0.0,0.0,160.29,5.02,-123.34,0.0,0.0,0.0,100.0,0,0,672
143333,0,0,0,99.99,0.0,0.0,0.0,0.0,0.0,0.0,0.0,0.0,0.0,0.0,0.0,0.0,158.98,10.71,-123.05,0.0,0.0,0.0,100.0,0,0,672
143534,0,0,0,99.99,0.0,0.0,0.0,0.0,0.0,0.0,0.0,0.0,0.0,0.0,0.0,0.0,163.73,10.22,-122.48,0.0,0.0,0.0,100.0,0,0,678
143743,0,0,0,99.99,0.0,0.0,0.0,0.0,0.0,0.0,0.0,0.0,0.0,0.0,0.0,0.0,175.69,8.15,-117.39,0.0,0.0,0.0,100.0,0,0,678
143943,0,0,0,99.99,0.0,0.0,0.0,0.0,0.0,0.0,0.0,0.0,0.0,0.0,0.0,0.0,-171.64,4.42,-114.0,0.0,0.0,0.0,100.0,0,0,678
144143,0,0,0,99.99,0.0,0.0,0.0,0.0,0.0,0.0,0.0,0.0,0.0,0.0,0.0,0.0,-165.13,3.33,-114.14,0.0,0.0,0.0,100.0,0,0,678
144343,0,0,0,99.99,0.0,0.0,0.0,0.0,0.0,0.0,0.0,0.0,0.0,0.0,0.0,0.0,-163.14,4.22,-113.88,0.0,0.0,0.0,100.0,0,0,678
144543,0,0,0,99.99,0.0,0.0,0.0,0.0,0.0,0.0,0.0,0.0,0.0,0.0,0.0,0.0,-163.29,3.72,-113.94,0.0,0.0,0.0,100.0,0,0,684
144743,0,0,0,99.99,0.0,0.0,0.0,0.0,0.0,0.0,0.0,0.0,0.0,0.0,0.0,0.0,-166.28,-1.01,-114.95,0.0,0.0,0.0,100.0,0,0,684
144943,0,0,0,99.99,0.0,0.0,0.0,0.0,0.0,0.0,0.0,0.0,0.0,0.0,0.0,0.0,-167.77,-7.97,-116.57,0.0,0.0,0.0,100.0,0,0,684
145143,0,0,0,99.99,0.0,0.0,0.0,0.0,0.0,0.0,0.0,0.0,0.0,0.0,0.0,0.0,-167.22,-7.82,-116.95,0.0,0.0,0.0,100.0,0,0,684
145343,0,0,0,99.99,0.0,0.0,0.0,0.0,0.0,0.0,0.0,0.0,0.0,0.0,0.0,0.0,-167.8,-6.97,-117.05,0.0,0.0,0.0,100.0,0,0,684
145543,0,0,0,99.99,0.0,0.0,0.0,0.0,0.0,0.0,0.0,0.0,0.0,0.0,0.0,0.0,171.84,2.8,-114.85,0.0,0.0,0.0,100.0,0,0,690
145743,0,0,0,99.99,0.0,0.0,0.0,0.0,0.0,0.0,0.0,0.0,0.0,0.0,0.0,0.0,162.26,8.33,-115.88,0.0,0.0,0.0,100.0,0,0,690
145943,0,0,0,99.99,0.0,0.0,0.0,0.0,0.0,0.0,0.0,0.0,0.0,0.0,0.0,0.0,155.2,8.23,-115.86,0.0,0.0,0.0,100.0,0,0,690
146143,0,0,0,99.99,0.0,0.0,0.0,0.0,0.0,0.0,0.0,0.0,0.0,0.0,0.0,0.0,151.12,4.01,-117.16,0.0,0.0,0.0,100.0,0,0,690
146343,0,0,0,99.99,0.0,0.0,0.0,0.0,0.0,0.0,0.0,0.0,0.0,0.0,0.0,0.0,151.37,3.18,-117.33,0.0,0.0,0.0,100.0,0,0,690
146543,0,0,0,99.99,0.0,0.0,0.0,0.0,0.0,0.0,0.0,0.0,0.0,0.0,0.0,0.0,153.81,3.21,-117.33,0.0,0.0,0.0,100.0,0,0,696
146743,0,0,0,99.99,0.0,0.0,0.0,0.0,0.0,0.0,0.0,0.0,0.0,0.0,0.0,0.0,154.61,2.04,-119.21,0.0,0.0,0.0,100.0,0,0,696
146943,0,0,0,99.99,0.0,0.0,0.0,0.0,0.0,0.0,0.0,0.0,0.0,0.0,0.0,0.0,166.19,-0.14,-116.77,0.0,0.0,0.0,100.0,0,0,696
147143,0,0,0,99.99,0.0,0.0,0.0,0.0,0.0,0.0,0.0,0.0,0.0,0.0,0.0,0.0,170.14,-12.3,-117.7,0.0,0.0,0.0,100.0,0,0,696
147343,0,0,0,99.99,0.0,0.0,0.0,0.0,0.0,0.0,0.0,0.0,0.0,0.0,0.0,0.0,159.76,-26.66,-119.77,0.0,0.0,0.0,100.0,0,0,696
147543,0,0,0,99.99,0.0,0.0,0.0,0.0,0.0,0.0,0.0,0.0,0.0,0.0,0.0,0.0,163.01,-34.16,-118.94,0.0,0.0,0.0,100.0,0,0,702
147743,0,0,0,99.99,0.0,0.0,0.0,0.0,0.0,0.0,0.0,0.0,0.0,0.0,0.0,0.0,176.43,-42.63,-128.05,0.0,0.0,0.0,100.0,0,0,702
147943,0,0,0,99.99,0.0,0.0,0.0,0.0,0.0,0.0,0.0,0.0,0.0,0.0,0.0,0.0,176.59,-42.42,-135.27,0.0,0.0,0.0,100.0,0,0,702
148143,0,0,0,99.99,0.0,0.0,0.0,0.0,0.0,0.0,0.0,0.0,0.0,0.0,0.0,0.0,-176.96,-51.5,-137.59,0.0,0.0,0.0,100.0,0,0,702
148343,0,0,0,99.99,0.0,0.0,0.0,0.0,0.0,0.0,0.0,0.0,0.0,0.0,0.0,0.0,93.88,-87.55,-40.98,0.0,0.0,0.0,100.0,0,0,702
148543,0,0,0,99.99,0.0,0.0,0.0,0.0,0.0,0.0,0.0,0.0,0.0,0.0,0.0,0.0,-7.82,-70.05,74.98,0.0,0.0,0.0,100.0,0,0,708
148743,0,0,0,99.99,0.0,0.0,0.0,0.0,0.0,0.0,0.0,0.0,0.0,0.0,0.0,0.0,-2.84,-40.78,81.19,0.0,0.0,0.0,100.0,0,0,708
148943,0,0,0,99.99,0.0,0.0,0.0,0.0,0.0,0.0,0.0,0.0,0.0,0.0,0.0,0.0,9.12,-21.81,68.18,0.0,0.0,0.0,100.0,0,0,708
149143,0,0,0,99.99,0.0,0.0,0.0,0.0,0.0,0.0,0.0,0.0,0.0,0.0,0.0,0.0,13.46,-11.99,58.8,0.0,0.0,0.0,100.0,0,0,708
149343,0,0,0,99.99,0.0,0.0,0.0,0.0,0.0,0.0,0.0,0.0,0.0,0.0,0.0,0.0,20.62,-11.26,53.05,0.0,0.0,0.0,100.0,0,0,708
149543,0,0,0,99.99,0.0,0.0,0.0,0.0,0.0,0.0,0.0,0.0,0.0,0.0,0.0,0.0,24.38,-13.74,48.68,0.0,0.0,0.0,100.0,0,0,714
149743,0,0,0,99.99,0.0,0.0,0.0,0.0,0.0,0.0,0.0,0.0,0.0,0.0,0.0,0.0,26.43,-15.47,45.54,0.0,0.0,0.0,100.0,0,0,714
149943,0,0,0,99.99,0.0,0.0,0.0,0.0,0.0,0.0,0.0,0.0,0.0,0.0,0.0,0.0,27.28,-17.31,43.18,0.0,0.0,0.0,100.0,0,0,714
150143,0,0,0,99.99,0.0,0.0,0.0,0.0,0.0,0.0,0.0,0.0,0.0,0.0,0.0,0.0,26.91,-19.94,42.2,0.0,0.0,0.0,100.0,0,0,714
150343,0,0,0,99.99,0.0,0.0,0.0,0.0,0.0,0.0,0.0,0.0,0.0,0.0,0.0,0.0,27.07,-20.15,40.6,0.0,0.0,0.0,100.0,0,0,714
150543,0,0,0,99.99,0.0,0.0,0.0,0.0,0.0,0.0,0.0,0.0,0.0,0.0,0.0,0.0,27.15,-19.97,39.07,0.0,0.0,0.0,100.0,0,0,720
150743,0,0,0,99.99,0.0,0.0,0.0,0.0,0.0,0.0,0.0,0.0,0.0,0.0,0.0,0.0,27.38,-19.38,37.2,0.0,0.0,0.0,100.0,0,0,720
150943,0,0,0,99.99,0.0,0.0,0.0,0.0,0.0,0.0,0.0,0.0,0.0,0.0,0.0,0.0,27.48,-18.69,35.25,0.0,0.0,0.0,100.0,0,0,720
151143,0,0,0,99.99,0.0,0.0,0.0,0.0,0.0,0.0,0.0,0.0,0.0,0.0,0.0,0.0,27.62,-17.97,33.02,0.0,0.0,0.0,100.0,0,0,720
151343,0,0,0,99.99,0.0,0.0,0.0,0.0,0.0,0.0,0.0,0.0,0.0,0.0,0.0,0.0,27.55,-17.39,30.64,0.0,0.0,0.0,100.0,0,0,720
151544,0,0,0,99.99,0.0,0.0,0.0,0.0,0.0,0.0,0.0,0.0,0.0,0.0,0.0,0.0,27.33,-16.92,28.18,0.0,0.0,0.0,100.0,0,0,726
151754,0,0,0,99.99,0.0,0.0,0.0,0.0,0.0,0.0,0.0,0.0,0.0,0.0,0.0,0.0,27.0,-16.34,25.75,0.0,0.0,0.0,100.0,0,0,726
151963,0,0,0,99.99,0.0,0.0,0.0,0.0,0.0,0.0,0.0,0.0,0.0,0.0,0.0,0.0,26.74,-15.56,23.41,0.0,0.0,0.0,100.0,0,0,726
152163,0,0,0,99.99,0.0,0.0,0.0,0.0,0.0,0.0,0.0,0.0,0.0,0.0,0.0,0.0,26.32,-14.83,20.62,0.0,0.0,0.0,100.0,0,0,726
152363,0,0,0,99.99,0.0,0.0,0.0,0.0,0.0,0.0,0.0,0.0,0.0,0.0,0.0,0.0,26.0,-13.94,17.86,0.0,0.0,0.0,100.0,0,0,726
152563,0,0,0,99.99,0.0,0.0,0.0,0.0,0.0,0.0,0.0,0.0,0.0,0.0,0.0,0.0,25.38,-13.5,14.33,0.0,0.0,0.0,100.0,0,0,732
152763,0,0,0,99.99,0.0,0.0,0.0,0.0,0.0,0.0,0.0,0.0,0.0,0.0,0.0,0.0,24.55,-12.99,10.8,0.0,0.0,0.0,100.0,0,0,732
152963,0,0,0,99.99,0.0,0.0,0.0,0.0,0.0,0.0,0.0,0.0,0.0,0.0,0.0,0.0,23.65,-12.43,7.21,0.0,0.0,0.0,100.0,0,0,732
153163,0,0,0,99.99,0.0,0.0,0.0,0.0,0.0,0.0,0.0,0.0,0.0,0.0,0.0,0.0,23.13,-11.15,3.96,0.0,0.0,0.0,100.0,0,0,732
153363,0,0,0,99.99,0.0,0.0,0.0,0.0,0.0,0.0,0.0,0.0,0.0,0.0,0.0,0.0,23.79,-8.2,0.22,0.0,0.0,0.0,100.0,0,0,732
153563,0,0,0,99.99,0.0,0.0,0.0,0.0,0.0,0.0,0.0,0.0,0.0,0.0,0.0,0.0,22.71,-7.85,-3.96,0.0,0.0,0.0,100.0,0,0,738
153764,0,0,0,99.99,0.0,0.0,0.0,0.0,0.0,0.0,0.0,0.0,0.0,0.0,0.0,0.0,21.41,-7.57,-7.89,0.0,0.0,0.0,100.0,0,0,738
153973,0,0,0,99.99,0.0,0.0,0.0,0.0,0.0,0.0,0.0,0.0,0.0,0.0,0.0,0.0,20.05,-7.18,-12.12,0.0,0.0,0.0,100.0,0,0,738
154173,0,0,0,99.99,0.0,0.0,0.0,0.0,0.0,0.0,0.0,0.0,0.0,0.0,0.0,0.0,18.6,-6.91,-16.1,0.0,0.0,0.0,100.0,0,0,738
154373,0,0,0,99.99,0.0,0.0,0.0,0.0,0.0,0.0,0.0,0.0,0.0,0.0,0.0,0.0,17.07,-6.65,-20.01,0.0,0.0,0.0,100.0,0,0,738
154573,0,0,0,99.99,0.0,0.0,0.0,0.0,0.0,0.0,0.0,0.0,0.0,0.0,0.0,0.0,15.32,-6.55,-23.75,0.0,0.0,0.0,100.0,0,0,744
154773,0,0,0,99.99,0.0,0.0,0.0,0.0,0.0,0.0,0.0,0.0,0.0,0.0,0.0,0.0,13.51,-6.97,-27.45,0.0,0.0,0.0,100.0,0,0,744
154973,0,0,0,99.99,0.0,0.0,0.0,0.0,0.0,0.0,0.0,0.0,0.0,0.0,0.0,0.0,11.55,-7.32,-31.12,0.0,0.0,0.0,100.0,0,0,744
155173,0,0,0,99.99,0.0,0.0,0.0,0.0,0.0,0.0,0.0,0.0,0.0,0.0,0.0,0.0,9.82,-7.74,-34.78,0.0,0.0,0.0,100.0,0,0,744
155373,0,0,0,99.99,0.0,0.0,0.0,0.0,0.0,0.0,0.0,0.0,0.0,0.0,0.0,0.0,8.31,-7.21,-37.21,0.0,0.0,0.0,100.0,0,0,744
155573,0,0,0,99.99,0.0,0.0,0.0,0.0,0.0,0.0,0.0,0.0,0.0,0.0,0.0,0.0,7.91,-4.48,-40.09,0.0,0.0,0.0,100.0,0,0,750
155773,0,0,0,99.99,0.0,0.0,0.0,0.0,0.0,0.0,0.0,0.0,0.0,0.0,0.0,0.0,4.1,-5.26,-45.83,0.0,0.0,0.0,100.0,0,0,750
155973,0,0,0,99.99,0.0,0.0,0.0,0.0,0.0,0.0,0.0,0.0,0.0,0.0,0.0,0.0,3.5,-5.75,-49.77,0.0,0.0,0.0,100.0,0,0,750
156173,0,0,0,99.99,0.0,0.0,0.0,0.0,0.0,0.0,0.0,0.0,0.0,0.0,0.0,0.0,7.46,-7.09,-56.69,0.0,0.0,0.0,100.0,0,0,750
156373,0,0,0,99.99,0.0,0.0,0.0,0.0,0.0,0.0,0.0,0.0,0.0,0.0,0.0,0.0,7.13,-9.78,-49.67,0.0,0.0,0.0,99.9,0,0,750
156573,0,0,0,99.99,0.0,0.0,0.0,0.0,0.0,0.0,0.0,0.0,0.0,0.0,0.0,0.0,8.95,-13.11,-45.19,0.0,0.0,0.0,99.9,0,0,756
156773,0,0,0,99.99,0.0,0.0,0.0,0.0,0.0,0.0,0.0,0.0,0.0,0.0,0.0,0.0,9.55,-12.29,-41.4,0.0,0.0,0.0,99.9,0,0,756
156973,0,0,0,99.99,0.0,0.0,0.0,0.0,0.0,0.0,0.0,0.0,0.0,0.0,0.0,0.0,12.92,-11.35,-41.37,0.0,0.0,0.0,99.9,0,0,756
157173,0,0,0,99.99,0.0,0.0,0.0,0.0,0.0,0.0,0.0,0.0,0.0,0.0,0.0,0.0,16.49,-11.57,-43.39,0.0,0.0,0.0,99.9,0,0,756
157374,0,0,0,99.99,0.0,0.0,0.0,0.0,0.0,0.0,0.0,0.0,0.0,0.0,0.0,0.0,16.3,-10.76,-47.3,0.0,0.0,0.0,100.1,0,0,756
157583,0,0,0,99.99,0.0,0.0,0.0,0.0,0.0,0.0,0.0,0.0,0.0,0.0,0.0,0.0,13.46,-11.87,-50.33,0.0,0.0,0.0,100.1,0,0,762
157783,0,0,0,99.99,0.0,0.0,0.0,0.0,0.0,0.0,0.0,0.0,0.0,0.0,0.0,0.0,16.57,-11.78,-51.12,0.0,0.0,0.0,100.1,0,0,762
157983,0,0,0,99.99,0.0,0.0,0.0,0.0,0.0,0.0,0.0,0.0,0.0,0.0,0.0,0.0,16.83,-11.5,-53.36,0.0,0.0,0.0,100.1,0,0,762
158183,0,0,0,99.99,0.0,0.0,0.0,0.0,0.0,0.0,0.0,0.0,0.0,0.0,0.0,0.0,20.09,-11.75,-58.12,0.0,0.0,0.0,100.1,0,0,762
158384,0,0,0,99.99,0.0,0.0,0.0,0.0,0.0,0.0,0.0,0.0,0.0,0.0,0.0,0.0,22.12,-12.75,-64.87,0.0,0.0,0.0,100.0,0,0,763
158593,0,0,0,99.99,0.0,0.0,0.0,0.0,0.0,0.0,0.0,0.0,0.0,0.0,0.0,0.0,26.04,-15.27,-65.47,0.0,0.0,0.0,100.0,0,0,768
158793,0,0,0,99.99,0.0,0.0,0.0,0.0,0.0,0.0,0.0,0.0,0.0,0.0,0.0,0.0,27.21,-15.91,-65.87,0.0,0.0,0.0,100.0,0,0,768
158993,0,0,0,99.99,0.0,0.0,0.0,0.0,0.0,0.0,0.0,0.0,0.0,0.0,0.0,0.0,27.92,-16.22,-66.31,0.0,0.0,0.0,100.0,0,0,768
159193,0,0,0,99.99,0.0,0.0,0.0,0.0,0.0,0.0,0.0,0.0,0.0,0.0,0.0,0.0,28.28,-16.32,-66.8,0.0,0.0,0.0,100.0,0,0,768
159393,0,0,0,99.99,0.0,0.0,0.0,0.0,0.0,0.0,0.0,0.0,0.0,0.0,0.0,0.0,28.62,-16.52,-67.12,0.0,0.0,0.0,100.0,0,0,769
159593,0,0,0,99.99,0.0,0.0,0.0,0.0,0.0,0.0,0.0,0.0,0.0,0.0,0.0,0.0,28.91,-16.67,-67.38,0.0,0.0,0.0,100.0,0,0,774
159793,0,0,0,99.99,0.0,0.0,0.0,0.0,0.0,0.0,0.0,0.0,0.0,0.0,0.0,0.0,29.18,-16.77,-67.65,0.0,0.0,0.0,100.0,0,0,774
159993,0,0,0,99.99,0.0,0.0,0.0,0.0,0.0,0.0,0.0,0.0,0.0,0.0,0.0,0.0,29.43,-16.83,-67.97,0.0,0.0,0.0,100.0,0,0,774
160193,0,0,0,99.99,0.0,0.0,0.0,0.0,0.0,0.0,0.0,0.0,0.0,0.0,0.0,0.0,29.67,-16.89,-68.22,0.0,0.0,0.0,100.0,0,0,774
160393,0,0,0,99.99,0.0,0.0,0.0,0.0,0.0,0.0,0.0,0.0,0.0,0.0,0.0,0.0,29.91,-16.93,-68.51,0.0,0.0,0.0,99.9,0,0,775
160593,0,0,0,99.99,0.0,0.0,0.0,0.0,0.0,0.0,0.0,0.0,0.0,0.0,0.0,0.0,30.11,-17.0,-68.72,0.0,0.0,0.0,99.9,0,0,780
160793,0,0,0,99.99,0.0,0.0,0.0,0.0,0.0,0.0,0.0,0.0,0.0,0.0,0.0,0.0,30.28,-17.06,-68.91,0.0,0.0,0.0,99.9,0,0,780
160993,0,0,0,99.99,0.0,0.0,0.0,0.0,0.0,0.0,0.0,0.0,0.0,0.0,0.0,0.0,30.47,-17.15,-69.06,0.0,0.0,0.0,99.9,0,0,780
161193,0,0,0,99.99,0.0,0.0,0.0,0.0,0.0,0.0,0.0,0.0,0.0,0.0,0.0,0.0,30.67,-17.2,-69.23,0.0,0.0,0.0,99.9,0,0,780
161393,0,0,0,99.99,0.0,0.0,0.0,0.0,0.0,0.0,0.0,0.0,0.0,0.0,0.0,0.0,30.79,-17.19,-69.4,0.0,0.0,0.0,100.1,0,0,781
161593,0,0,0,99.99,0.0,0.0,0.0,0.0,0.0,0.0,0.0,0.0,0.0,0.0,0.0,0.0,30.95,-17.18,-69.59,0.0,0.0,0.0,100.1,0,0,786
161793,0,0,0,99.99,0.0,0.0,0.0,0.0,0.0,0.0,0.0,0.0,0.0,0.0,0.0,0.0,31.11,-17.18,-69.79,0.0,0.0,0.0,100.1,0,0,786
161993,0,0,0,99.99,0.0,0.0,0.0,0.0,0.0,0.0,0.0,0.0,0.0,0.0,0.0,0.0,31.24,-17.22,-69.97,0.0,0.0,0.0,100.1,0,0,786
162193,0,0,0,99.99,0.0,0.0,0.0,0.0,0.0,0.0,0.0,0.0,0.0,0.0,0.0,0.0,31.35,-17.23,-70.15,0.0,0.0,0.0,100.1,0,0,786
162393,0,0,0,99.99,0.0,0.0,0.0,0.0,0.0,0.0,0.0,0.0,0.0,0.0,0.0,0.0,31.47,-17.21,-70.35,0.0,0.0,0.0,100.0,0,0,787
162593,0,0,0,99.99,0.0,0.0,0.0,0.0,0.0,0.0,0.0,0.0,0.0,0.0,0.0,0.0,31.55,-17.24,-70.52,0.0,0.0,0.0,100.0,0,0,792
162793,0,0,0,99.99,0.0,0.0,0.0,0.0,0.0,0.0,0.0,0.0,0.0,0.0,0.0,0.0,31.64,-17.27,-70.69,0.0,0.0,0.0,100.0,0,0,792
162993,0,0,0,99.99,0.0,0.0,0.0,0.0,0.0,0.0,0.0,0.0,0.0,0.0,0.0,0.0,31.74,-17.28,-70.88,0.0,0.0,0.0,100.0,0,0,792
163193,0,0,0,99.99,0.0,0.0,0.0,0.0,0.0,0.0,0.0,0.0,0.0,0.0,0.0,0.0,31.85,-17.27,-71.12,0.0,0.0,0.0,100.0,0,0,792
163393,0,0,0,99.99,0.0,0.0,0.0,0.0,0.0,0.0,0.0,0.0,0.0,0.0,0.0,0.0,31.94,-17.29,-71.31,0.0,0.0,0.0,100.0,0,0,793
163594,0,0,0,99.99,0.0,0.0,0.0,0.0,0.0,0.0,0.0,0.0,0.0,0.0,0.0,0.0,32.03,-17.31,-71.51,0.0,0.0,0.0,100.0,0,0,798
163804,0,0,0,99.99,0.0,0.0,0.0,0.0,0.0,0.0,0.0,0.0,0.0,0.0,0.0,0.0,32.12,-17.35,-71.7,0.0,0.0,0.0,100.0,0,0,798
164013,0,0,0,99.99,0.0,0.0,0.0,0.0,0.0,0.0,0.0,0.0,0.0,0.0,0.0,0.0,32.18,-17.37,-71.89,0.0,0.0,0.0,100.0,0,0,798
164213,0,0,0,99.99,0.0,0.0,0.0,0.0,0.0,0.0,0.0,0.0,0.0,0.0,0.0,0.0,32.26,-17.41,-72.06,0.0,0.0,0.0,100.0,0,0,798
164413,0,0,0,99.99,0.0,0.0,0.0,0.0,0.0,0.0,0.0,0.0,0.0,0.0,0.0,0.0,32.34,-17.45,-72.22,0.0,0.0,0.0,100.0,0,0,800
164613,0,0,0,99.99,0.0,0.0,0.0,0.0,0.0,0.0,0.0,0.0,0.0,0.0,0.0,0.0,32.43,-17.5,-72.39,0.0,0.0,0.0,100.0,0,0,804
164813,0,0,0,99.99,0.0,0.0,0.0,0.0,0.0,0.0,0.0,0.0,0.0,0.0,0.0,0.0,32.52,-17.52,-72.58,0.0,0.0,0.0,100.0,0,0,804
165013,0,0,0,99.99,0.0,0.0,0.0,0.0,0.0,0.0,0.0,0.0,0.0,0.0,0.0,0.0,32.59,-17.59,-72.71,0.0,0.0,0.0,100.0,0,0,804
165213,0,0,0,99.99,0.0,0.0,0.0,0.0,0.0,0.0,0.0,0.0,0.0,0.0,0.0,0.0,32.66,-17.59,-72.89,0.0,0.0,0.0,100.0,0,0,804
165413,0,0,0,99.99,0.0,0.0,0.0,0.0,0.0,0.0,0.0,0.0,0.0,0.0,0.0,0.0,32.73,-17.61,-73.08,0.0,0.0,0.0,100.0,0,0,806
165613,0,0,0,99.99,0.0,0.0,0.0,0.0,0.0,0.0,0.0,0.0,0.0,0.0,0.0,0.0,33.26,-16.49,-75.34,0.0,0.0,0.0,100.0,0,0,810
165813,0,0,0,99.99,0.0,0.0,0.0,0.0,0.0,0.0,0.0,0.0,0.0,0.0,0.0,0.0,35.66,-15.7,-76.66,0.0,0.0,0.0,100.0,0,0,810
166013,0,0,0,99.99,0.0,0.0,0.0,0.0,0.0,0.0,0.0,0.0,0.0,0.0,0.0,0.0,35.64,-15.0,-76.71,0.0,0.0,0.0,100.0,0,0,810
166213,0,0,0,99.99,0.0,0.0,0.0,0.0,0.0,0.0,0.0,0.0,0.0,0.0,0.0,0.0,35.34,-14.94,-76.37,0.0,0.0,0.0,100.0,0,0,810
166413,0,0,0,99.99,0.0,0.0,0.0,0.0,0.0,0.0,0.0,0.0,0.0,0.0,0.0,0.0,35.12,-14.97,-76.04,0.0,0.0,0.0,100.0,0,0,812
166613,0,0,0,99.99,0.0,0.0,0.0,0.0,0.0,0.0,0.0,0.0,0.0,0.0,0.0,0.0,34.96,-14.94,-75.77,0.0,0.0,0.0,100.0,0,0,816
166813,0,0,0,99.99,0.0,0.0,0.0,0.0,0.0,0.0,0.0,0.0,0.0,0.0,0.0,0.0,34.84,-14.93,-75.49,0.0,0.0,0.0,100.0,0,0,816
167013,0,0,0,99.99,0.0,0.0,0.0,0.0,0.0,0.0,0.0,0.0,0.0,0.0,0.0,0.0,34.73,-14.86,-75.27,0.0,0.0,0.0,100.0,0,0,816
167213,0,0,0,99.99,0.0,0.0,0.0,0.0,0.0,0.0,0.0,0.0,0.0,0.0,0.0,0.0,34.7,-14.74,-75.12,0.0,0.0,0.0,100.0,0,0,816
167413,0,0,0,99.99,0.0,0.0,0.0,0.0,0.0,0.0,0.0,0.0,0.0,0.0,0.0,0.0,34.65,-14.71,-74.91,0.0,0.0,0.0,100.0,0,0,818
167613,0,0,0,99.99,0.0,0.0,0.0,0.0,0.0,0.0,0.0,0.0,0.0,0.0,0.0,0.0,34.62,-14.64,-74.74,0.0,0.0,0.0,100.0,0,0,822
167813,0,0,0,99.99,0.0,0.0,0.0,0.0,0.0,0.0,0.0,0.0,0.0,0.0,0.0,0.0,34.59,-14.6,-74.57,0.0,0.0,0.0,100.0,0,0,822
168013,0,0,0,99.99,0.0,0.0,0.0,0.0,0.0,0.0,0.0,0.0,0.0,0.0,0.0,0.0,34.57,-14.55,-74.4,0.0,0.0,0.0,100.0,0,0,822
168213,0,0,0,99.99,0.0,0.0,0.0,0.0,0.0,0.0,0.0,0.0,0.0,0.0,0.0,0.0,34.55,-14.53,-74.22,0.0,0.0,0.0,100.0,0,0,822
168413,0,0,0,99.99,0.0,0.0,0.0,0.0,0.0,0.0,0.0,0.0,0.0,0.0,0.0,0.0,34.54,-14.49,-74.07,0.0,0.0,0.0,100.0,0,0,824
168613,0,0,0,99.99,0.0,0.0,0.0,0.0,0.0,0.0,0.0,0.0,0.0,0.0,0.0,0.0,34.54,-14.49,-73.91,0.0,0.0,0.0,100.0,0,0,828
168813,0,0,0,99.99,0.0,0.0,0.0,0.0,0.0,0.0,0.0,0.0,0.0,0.0,0.0,0.0,34.52,-14.47,-73.74,0.0,0.0,0.0,100.0,0,0,828
169014,0,0,0,99.99,0.0,0.0,0.0,0.0,0.0,0.0,0.0,0.0,0.0,0.0,0.0,0.0,34.53,-14.44,-73.59,0.0,0.0,0.0,100.0,0,0,828
169223,0,0,0,99.99,0.0,0.0,0.0,0.0,0.0,0.0,0.0,0.0,0.0,0.0,0.0,0.0,34.55,-14.34,-73.5,0.0,0.0,0.0,100.0,0,0,828
169423,0,0,0,99.99,0.0,0.0,0.0,0.0,0.0,0.0,0.0,0.0,0.0,0.0,0.0,0.0,34.55,-14.26,-73.41,0.0,0.0,0.0,100.0,0,0,830
169623,0,0,0,99.99,0.0,0.0,0.0,0.0,0.0,0.0,0.0,0.0,0.0,0.0,0.0,0.0,34.54,-14.21,-73.32,0.0,0.0,0.0,100.0,0,0,834
169823,0,0,0,99.99,0.0,0.0,0.0,0.0,0.0,0.0,0.0,0.0,0.0,0.0,0.0,0.0,34.55,-14.18,-73.22,0.0,0.0,0.0,100.0,0,0,834
170023,0,0,0,99.99,0.0,0.0,0.0,0.0,0.0,0.0,0.0,0.0,0.0,0.0,0.0,0.0,34.58,-14.09,-73.18,0.0,0.0,0.0,100.0,0,0,834
170223,0,0,0,99.99,0.0,0.0,0.0,0.0,0.0,0.0,0.0,0.0,0.0,0.0,0.0,0.0,34.59,-14.06,-73.11,0.0,0.0,0.0,100.0,0,0,834
170423,0,0,0,99.99,0.0,0.0,0.0,0.0,0.0,0.0,0.0,0.0,0.0,0.0,0.0,0.0,34.62,-14.0,-73.06,0.0,0.0,0.0,100.0,0,0,836
170623,0,0,0,99.99,0.0,0.0,0.0,0.0,0.0,0.0,0.0,0.0,0.0,0.0,0.0,0.0,34.62,-13.97,-72.99,0.0,0.0,0.0,100.0,0,0,840
170823,0,0,0,99.99,0.0,0.0,0.0,0.0,0.0,0.0,0.0,0.0,0.0,0.0,0.0,0.0,34.62,-13.95,-72.92,0.0,0.0,0.0,100.0,0,0,840
171023,0,0,0,99.99,0.0,0.0,0.0,0.0,0.0,0.0,0.0,0.0,0.0,0.0,0.0,0.0,34.63,-13.91,-72.86,0.0,0.0,0.0,100.0,0,0,840
171223,0,0,0,99.99,0.0,0.0,0.0,0.0,0.0,0.0,0.0,0.0,0.0,0.0,0.0,0.0,34.65,-13.9,-72.83,0.0,0.0,0.0,100.0,0,0,840
171426,0,0,0,99.99,0.0,0.0,0.0,0.0,0.0,0.0,0.0,0.0,0.0,0.0,0.0,0.0,34.65,-13.86,-72.78,0.0,0.0,0.0,100.0,0,0,842
171633,0,0,0,99.99,0.0,0.0,0.0,0.0,0.0,0.0,0.0,0.0,0.0,0.0,0.0,0.0,34.66,-13.86,-72.73,0.0,0.0,0.0,100.0,0,0,846
171833,0,0,0,99.99,0.0,0.0,0.0,0.0,0.0,0.0,0.0,0.0,0.0,0.0,0.0,0.0,34.66,-13.82,-72.69,0.0,0.0,0.0,100.0,0,0,846
172033,0,0,0,99.99,0.0,0.0,0.0,0.0,0.0,0.0,0.0,0.0,0.0,0.0,0.0,0.0,34.65,-13.84,-72.6,0.0,0.0,0.0,100.0,0,0,846
172233,0,0,0,99.99,0.0,0.0,0.0,0.0,0.0,0.0,0.0,0.0,0.0,0.0,0.0,0.0,34.67,-13.81,-72.57,0.0,0.0,0.0,100.0,0,0,846
172433,0,0,0,99.99,0.0,0.0,0.0,0.0,0.0,0.0,0.0,0.0,0.0,0.0,0.0,0.0,34.66,-13.76,-72.54,0.0,0.0,0.0,100.0,0,0,848
172633,0,0,0,99.99,0.0,0.0,0.0,0.0,0.0,0.0,0.0,0.0,0.0,0.0,0.0,0.0,34.65,-13.75,-72.49,0.0,0.0,0.0,100.0,0,0,852
172833,0,0,0,99.99,0.0,0.0,0.0,0.0,0.0,0.0,0.0,0.0,0.0,0.0,0.0,0.0,34.67,-13.72,-72.49,0.0,0.0,0.0,100.0,0,0,852
173033,0,0,0,99.99,0.0,0.0,0.0,0.0,0.0,0.0,0.0,0.0,0.0,0.0,0.0,0.0,34.67,-13.69,-72.46,0.0,0.0,0.0,100.0,0,0,852
173233,0,0,0,99.99,0.0,0.0,0.0,0.0,0.0,0.0,0.0,0.0,0.0,0.0,0.0,0.0,34.67,-13.69,-72.42,0.0,0.0,0.0,100.0,0,0,852
173433,0,0,0,99.99,0.0,0.0,0.0,0.0,0.0,0.0,0.0,0.0,0.0,0.0,0.0,0.0,34.67,-13.67,-72.4,0.0,0.0,0.0,100.0,0,0,854
173633,0,0,0,99.99,0.0,0.0,0.0,0.0,0.0,0.0,0.0,0.0,0.0,0.0,0.0,0.0,34.68,-13.66,-72.35,0.0,0.0,0.0,100.0,0,0,858
173833,0,0,0,99.99,0.0,0.0,0.0,0.0,0.0,0.0,0.0,0.0,0.0,0.0,0.0,0.0,34.67,-13.64,-72.32,0.0,0.0,0.0,100.0,0,0,858
174033,0,0,0,99.99,0.0,0.0,0.0,0.0,0.0,0.0,0.0,0.0,0.0,0.0,0.0,0.0,34.67,-13.65,-72.28,0.0,0.0,0.0,100.0,0,0,858
174233,0,0,0,99.99,0.0,0.0,0.0,0.0,0.0,0.0,0.0,0.0,0.0,0.0,0.0,0.0,34.67,-13.64,-72.25,0.0,0.0,0.0,100.0,0,0,858
174433,0,0,0,99.99,0.0,0.0,0.0,0.0,0.0,0.0,0.0,0.0,0.0,0.0,0.0,0.0,34.67,-13.65,-72.2,0.0,0.0,0.0,100.0,0,0,860
174633,0,0,0,99.99,0.0,0.0,0.0,0.0,0.0,0.0,0.0,0.0,0.0,0.0,0.0,0.0,34.67,-13.66,-72.16,0.0,0.0,0.0,100.0,0,0,864
174833,0,0,0,99.99,0.0,0.0,0.0,0.0,0.0,0.0,0.0,0.0,0.0,0.0,0.0,0.0,34.67,-13.65,-72.12,0.0,0.0,0.0,100.0,0,0,864
175033,0,0,0,99.99,0.0,0.0,0.0,0.0,0.0,0.0,0.0,0.0,0.0,0.0,0.0,0.0,34.68,-13.6,-72.14,0.0,0.0,0.0,100.0,0,0,864
175233,0,0,0,99.99,0.0,0.0,0.0,0.0,0.0,0.0,0.0,0.0,0.0,0.0,0.0,0.0,34.67,-13.6,-72.1,0.0,0.0,0.0,100.0,0,0,864
175434,0,0,0,99.99,0.0,0.0,0.0,0.0,0.0,0.0,0.0,0.0,0.0,0.0,0.0,0.0,34.66,-13.64,-72.03,0.0,0.0,0.0,100.0,0,0,866
175634,0,0,0,99.99,0.0,0.0,0.0,0.0,0.0,0.0,0.0,0.0,0.0,0.0,0.0,0.0,34.68,-13.61,-72.03,0.0,0.0,0.0,100.0,0,0,870
175843,0,0,0,99.99,0.0,0.0,0.0,0.0,0.0,0.0,0.0,0.0,0.0,0.0,0.0,0.0,34.71,-13.54,-72.06,0.0,0.0,0.0,100.0,0,0,870
176043,0,0,0,99.99,0.0,0.0,0.0,0.0,0.0,0.0,0.0,0.0,0.0,0.0,0.0,0.0,34.7,-13.52,-72.05,0.0,0.0,0.0,100.0,0,0,870
176243,0,0,0,99.99,0.0,0.0,0.0,0.0,0.0,0.0,0.0,0.0,0.0,0.0,0.0,0.0,34.69,-13.52,-72.03,0.0,0.0,0.0,100.0,0,0,870
176443,0,0,0,99.99,0.0,0.0,0.0,0.0,0.0,0.0,0.0,0.0,0.0,0.0,0.0,0.0,34.68,-13.51,-72.01,0.0,0.0,0.0,100.0,0,0,873
176643,0,0,0,99.99,0.0,0.0,0.0,0.0,0.0,0.0,0.0,0.0,0.0,0.0,0.0,0.0,34.67,-13.5,-71.96,0.0,0.0,0.0,100.0,0,0,876
176843,0,0,0,99.99,0.0,0.0,0.0,0.0,0.0,0.0,0.0,0.0,0.0,0.0,0.0,0.0,34.66,-13.52,-71.93,0.0,0.0,0.0,100.0,0,0,876
177043,0,0,0,99.99,0.0,0.0,0.0,0.0,0.0,0.0,0.0,0.0,0.0,0.0,0.0,0.0,34.66,-13.52,-71.92,0.0,0.0,0.0,100.0,0,0,876
177243,0,0,0,99.99,0.0,0.0,0.0,0.0,0.0,0.0,0.0,0.0,0.0,0.0,0.0,0.0,34.66,-13.52,-71.89,0.0,0.0,0.0,100.0,0,0,876
177443,0,0,0,99.99,0.0,0.0,0.0,0.0,0.0,0.0,0.0,0.0,0.0,0.0,0.0,0.0,34.65,-13.56,-71.82,0.0,0.0,0.0,100.0,0,0,879
177644,0,0,0,99.99,0.0,0.0,0.0,0.0,0.0,0.0,0.0,0.0,0.0,0.0,0.0,0.0,34.65,-13.57,-71.79,0.0,0.0,0.0,100.0,0,0,882
177853,0,0,0,99.99,0.0,0.0,0.0,0.0,0.0,0.0,0.0,0.0,0.0,0.0,0.0,0.0,34.65,-13.59,-71.71,0.0,0.0,0.0,100.0,0,0,882
178053,0,0,0,99.99,0.0,0.0,0.0,0.0,0.0,0.0,0.0,0.0,0.0,0.0,0.0,0.0,34.67,-13.56,-71.71,0.0,0.0,0.0,100.0,0,0,882
178253,0,0,0,99.99,0.0,0.0,0.0,0.0,0.0,0.0,0.0,0.0,0.0,0.0,0.0,0.0,34.66,-13.57,-71.68,0.0,0.0,0.0,100.0,0,0,882
178453,0,0,0,99.99,0.0,0.0,0.0,0.0,0.0,0.0,0.0,0.0,0.0,0.0,0.0,0.0,34.66,-13.55,-71.65,0.0,0.0,0.0,100.0,0,0,885
178653,0,0,0,99.99,0.0,0.0,0.0,0.0,0.0,0.0,0.0,0.0,0.0,0.0,0.0,0.0,34.66,-13.53,-71.64,0.0,0.0,0.0,100.0,0,0,888
178853,0,0,0,99.99,0.0,0.0,0.0,0.0,0.0,0.0,0.0,0.0,0.0,0.0,0.0,0.0,34.67,-13.5,-71.62,0.0,0.0,0.0,100.0,0,0,888
179053,0,0,0,99.99,0.0,0.0,0.0,0.0,0.0,0.0,0.0,0.0,0.0,0.0,0.0,0.0,34.67,-13.49,-71.62,0.0,0.0,0.0,100.0,0,0,888
179253,0,0,0,99.99,0.0,0.0,0.0,0.0,0.0,0.0,0.0,0.0,0.0,0.0,0.0,0.0,34.67,-13.46,-71.62,0.0,0.0,0.0,100.0,0,0,888
179453,0,0,0,99.99,0.0,0.0,0.0,0.0,0.0,0.0,0.0,0.0,0.0,0.0,0.0,0.0,34.66,-13.47,-71.6,0.0,0.0,0.0,100.0,0,0,891
179653,0,0,0,99.99,0.0,0.0,0.0,0.0,0.0,0.0,0.0,0.0,0.0,0.0,0.0,0.0,34.66,-13.47,-71.57,0.0,0.0,0.0,100.0,0,0,894
179853,0,0,0,99.99,0.0,0.0,0.0,0.0,0.0,0.0,0.0,0.0,0.0,0.0,0.0,0.0,34.67,-13.44,-71.59,0.0,0.0,0.0,100.0,0,0,894
180053,0,0,0,99.99,0.0,0.0,0.0,0.0,0.0,0.0,0.0,0.0,0.0,0.0,0.0,0.0,34.68,-13.43,-71.57,0.0,0.0,0.0,100.0,0,0,894
180253,0,0,0,99.99,0.0,0.0,0.0,0.0,0.0,0.0,0.0,0.0,0.0,0.0,0.0,0.0,34.69,-13.42,-71.57,0.0,0.0,0.0,100.0,0,0,894
180453,0,0,0,99.99,0.0,0.0,0.0,0.0,0.0,0.0,0.0,0.0,0.0,0.0,0.0,0.0,34.68,-13.43,-71.55,0.0,0.0,0.0,100.0,0,0,897
180653,0,0,0,99.99,0.0,0.0,0.0,0.0,0.0,0.0,0.0,0.0,0.0,0.0,0.0,0.0,34.66,-13.47,-71.49,0.0,0.0,0.0,100.0,0,0,900
180853,0,0,0,99.99,0.0,0.0,0.0,0.0,0.0,0.0,0.0,0.0,0.0,0.0,0.0,0.0,34.67,-13.47,-71.47,0.0,0.0,0.0,100.0,0,0,900
181053,0,0,0,99.99,0.0,0.0,0.0,0.0,0.0,0.0,0.0,0.0,0.0,0.0,0.0,0.0,34.66,-13.47,-71.43,0.0,0.0,0.0,100.0,0,0,900
181253,0,0,0,99.99,0.0,0.0,0.0,0.0,0.0,0.0,0.0,0.0,0.0,0.0,0.0,0.0,34.66,-13.46,-71.41,0.0,0.0,0.0,100.0,0,0,900
181453,0,0,0,99.99,0.0,0.0,0.0,0.0,0.0,0.0,0.0,0.0,0.0,0.0,0.0,0.0,34.64,-13.51,-71.35,0.0,0.0,0.0,100.0,0,0,903
181653,0,0,0,99.99,0.0,0.0,0.0,0.0,0.0,0.0,0.0,0.0,0.0,0.0,0.0,0.0,34.64,-13.52,-71.3,0.0,0.0,0.0,100.0,0,0,906
181853,0,0,0,99.99,0.0,0.0,0.0,0.0,0.0,0.0,0.0,0.0,0.0,0.0,0.0,0.0,34.66,-13.46,-71.33,0.0,0.0,0.0,100.0,0,0,906
182053,0,0,0,99.99,0.0,0.0,0.0,0.0,0.0,0.0,0.0,0.0,0.0,0.0,0.0,0.0,34.65,-13.48,-71.27,0.0,0.0,0.0,100.0,0,0,906
182253,0,0,0,99.99,0.0,0.0,0.0,0.0,0.0,0.0,0.0,0.0,0.0,0.0,0.0,0.0,34.67,-13.42,-71.3,0.0,0.0,0.0,100.0,0,0,906
182453,0,0,0,99.99,0.0,0.0,0.0,0.0,0.0,0.0,0.0,0.0,0.0,0.0,0.0,0.0,34.65,-13.46,-71.23,0.0,0.0,0.0,100.0,0,0,909
182653,0,0,0,99.99,0.0,0.0,0.0,0.0,0.0,0.0,0.0,0.0,0.0,0.0,0.0,0.0,34.67,-13.45,-71.22,0.0,0.0,0.0,100.0,0,0,912
182853,0,0,0,99.99,0.0,0.0,0.0,0.0,0.0,0.0,0.0,0.0,0.0,0.0,0.0,0.0,34.67,-13.41,-71.22,0.0,0.0,0.0,100.0,0,0,912
183053,0,0,0,99.99,0.0,0.0,0.0,0.0,0.0,0.0,0.0,0.0,0.0,0.0,0.0,0.0,34.66,-13.44,-71.16,0.0,0.0,0.0,100.0,0,0,912
183253,0,0,0,99.99,0.0,0.0,0.0,0.0,0.0,0.0,0.0,0.0,0.0,0.0,0.0,0.0,34.67,-13.4,-71.17,0.0,0.0,0.0,100.0,0,0,912
183453,0,0,0,99.99,0.0,0.0,0.0,0.0,0.0,0.0,0.0,0.0,0.0,0.0,0.0,0.0,34.67,-13.38,-71.17,0.0,0.0,0.0,100.0,0,0,915
183653,0,0,0,99.99,0.0,0.0,0.0,0.0,0.0,0.0,0.0,0.0,0.0,0.0,0.0,0.0,34.67,-13.34,-71.19,0.0,0.0,0.0,100.0,0,0,918
183853,0,0,0,99.99,0.0,0.0,0.0,0.0,0.0,0.0,0.0,0.0,0.0,0.0,0.0,0.0,34.68,-13.3,-71.22,0.0,0.0,0.0,100.0,0,0,918
184053,0,0,0,99.99,0.0,0.0,0.0,0.0,0.0,0.0,0.0,0.0,0.0,0.0,0.0,0.0,34.65,-13.31,-71.19,0.0,0.0,0.0,100.0,0,0,918
184253,0,0,0,99.99,0.0,0.0,0.0,0.0,0.0,0.0,0.0,0.0,0.0,0.0,0.0,0.0,34.67,-13.29,-71.21,0.0,0.0,0.0,100.0,0,0,918
184453,0,0,0,99.99,0.0,0.0,0.0,0.0,0.0,0.0,0.0,0.0,0.0,0.0,0.0,0.0,34.66,-13.33,-71.17,0.0,0.0,0.0,99.9,0,0,921
184653,0,0,0,99.99,0.0,0.0,0.0,0.0,0.0,0.0,0.0,0.0,0.0,0.0,0.0,0.0,34.65,-13.33,-71.13,0.0,0.0,0.0,99.9,0,0,924
184853,0,0,0,99.99,0.0,0.0,0.0,0.0,0.0,0.0,0.0,0.0,0.0,0.0,0.0,0.0,34.63,-13.36,-71.09,0.0,0.0,0.0,99.9,0,0,924
185053,0,0,0,99.99,0.0,0.0,0.0,0.0,0.0,0.0,0.0,0.0,0.0,0.0,0.0,0.0,34.63,-13.36,-71.07,0.0,0.0,0.0,99.9,0,0,924
185253,0,0,0,99.99,0.0,0.0,0.0,0.0,0.0,0.0,0.0,0.0,0.0,0.0,0.0,0.0,34.62,-13.36,-71.04,0.0,0.0,0.0,99.9,0,0,924
185453,0,0,0,99.99,0.0,0.0,0.0,0.0,0.0,0.0,0.0,0.0,0.0,0.0,0.0,0.0,34.63,-13.36,-71.03,0.0,0.0,0.0,100.1,0,0,927
185653,0,0,0,99.99,0.0,0.0,0.0,0.0,0.0,0.0,0.0,0.0,0.0,0.0,0.0,0.0,34.63,-13.34,-71.02,0.0,0.0,0.0,100.1,0,0,930
185853,0,0,0,99.99,0.0,0.0,0.0,0.0,0.0,0.0,0.0,0.0,0.0,0.0,0.0,0.0,34.63,-13.31,-71.02,0.0,0.0,0.0,100.1,0,0,930
186053,0,0,0,99.99,0.0,0.0,0.0,0.0,0.0,0.0,0.0,0.0,0.0,0.0,0.0,0.0,34.64,-13.3,-71.02,0.0,0.0,0.0,100.1,0,0,930
186253,0,0,0,99.99,0.0,0.0,0.0,0.0,0.0,0.0,0.0,0.0,0.0,0.0,0.0,0.0,34.64,-13.3,-71.01,0.0,0.0,0.0,100.1,0,0,930
186453,0,0,0,99.99,0.0,0.0,0.0,0.0,0.0,0.0,0.0,0.0,0.0,0.0,0.0,0.0,34.66,-13.3,-71.0,0.0,0.0,0.0,100.0,0,0,933
186653,0,0,0,99.99,0.0,0.0,0.0,0.0,0.0,0.0,0.0,0.0,0.0,0.0,0.0,0.0,34.65,-13.28,-71.0,0.0,0.0,0.0,100.0,0,0,936
186853,0,0,0,99.99,0.0,0.0,0.0,0.0,0.0,0.0,0.0,0.0,0.0,0.0,0.0,0.0,34.62,-13.29,-70.97,0.0,0.0,0.0,100.0,0,0,936
187053,0,0,0,99.99,0.0,0.0,0.0,0.0,0.0,0.0,0.0,0.0,0.0,0.0,0.0,0.0,34.69,-13.32,-70.96,0.0,0.0,0.0,100.0,0,0,936
187253,0,0,0,99.99,0.0,0.0,0.0,0.0,0.0,0.0,0.0,0.0,0.0,0.0,0.0,0.0,34.72,-13.3,-70.96,0.0,0.0,0.0,100.0,0,0,936
187453,0,0,0,99.99,0.0,0.0,0.0,0.0,0.0,0.0,0.0,0.0,0.0,0.0,0.0,0.0,34.72,-13.33,-70.93,0.0,0.0,0.0,100.0,0,0,939
187653,0,0,0,99.99,0.0,0.0,0.0,0.0,0.0,0.0,0.0,0.0,0.0,0.0,0.0,0.0,34.72,-13.34,-70.9,0.0,0.0,0.0,100.0,0,0,942
187854,0,0,0,99.99,0.0,0.0,0.0,0.0,0.0,0.0,0.0,0.0,0.0,0.0,0.0,0.0,34.73,-13.31,-70.9,0.0,0.0,0.0,100.0,0,0,942
188063,0,0,0,99.99,0.0,0.0,0.0,0.0,0.0,0.0,0.0,0.0,0.0,0.0,0.0,0.0,34.74,-13.27,-70.92,0.0,0.0,0.0,100.0,0,0,942
188263,0,0,0,99.99,0.0,0.0,0.0,0.0,0.0,0.0,0.0,0.0,0.0,0.0,0.0,0.0,34.73,-13.32,-70.87,0.0,0.0,0.0,100.0,0,0,942
188463,0,0,0,99.99,0.0,0.0,0.0,0.0,0.0,0.0,0.0,0.0,0.0,0.0,0.0,0.0,34.72,-13.34,-70.82,0.0,0.0,0.0,100.0,0,0,945
188663,0,0,0,99.99,0.0,0.0,0.0,0.0,0.0,0.0,0.0,0.0,0.0,0.0,0.0,0.0,34.76,-13.31,-70.85,0.0,0.0,0.0,100.0,0,0,948
188863,0,0,0,99.99,0.0,0.0,0.0,0.0,0.0,0.0,0.0,0.0,0.0,0.0,0.0,0.0,34.75,-13.31,-70.83,0.0,0.0,0.0,100.0,0,0,948
189063,0,0,0,99.99,0.0,0.0,0.0,0.0,0.0,0.0,0.0,0.0,0.0,0.0,0.0,0.0,34.76,-13.31,-70.83,0.0,0.0,0.0,100.0,0,0,948
189263,0,0,0,99.99,0.0,0.0,0.0,0.0,0.0,0.0,0.0,0.0,0.0,0.0,0.0,0.0,34.71,-13.29,-70.8,0.0,0.0,0.0,100.0,0,0,948
189464,0,0,0,99.99,0.0,0.0,0.0,0.0,0.0,0.0,0.0,0.0,0.0,0.0,0.0,0.0,34.69,-13.31,-70.76,0.0,0.0,0.0,100.0,0,0,951
189673,0,0,0,99.99,0.0,0.0,0.0,0.0,0.0,0.0,0.0,0.0,0.0,0.0,0.0,0.0,34.72,-13.26,-70.8,0.0,0.0,0.0,100.0,0,0,954
189873,0,0,0,99.99,0.0,0.0,0.0,0.0,0.0,0.0,0.0,0.0,0.0,0.0,0.0,0.0,34.71,-13.27,-70.79,0.0,0.0,0.0,100.0,0,0,954
190073,0,0,0,99.99,0.0,0.0,0.0,0.0,0.0,0.0,0.0,0.0,0.0,0.0,0.0,0.0,34.72,-13.29,-70.76,0.0,0.0,0.0,100.0,0,0,954
190273,0,0,0,99.99,0.0,0.0,0.0,0.0,0.0,0.0,0.0,0.0,0.0,0.0,0.0,0.0,34.73,-13.27,-70.76,0.0,0.0,0.0,100.0,0,0,954
190473,0,0,0,99.99,0.0,0.0,0.0,0.0,0.0,0.0,0.0,0.0,0.0,0.0,0.0,0.0,34.71,-13.26,-70.75,0.0,0.0,0.0,100.0,0,0,957
190674,0,0,0,99.99,0.0,0.0,0.0,0.0,0.0,0.0,0.0,0.0,0.0,0.0,0.0,0.0,34.73,-13.27,-70.74,0.0,0.0,0.0,100.0,0,0,960
190883,0,0,0,99.99,0.0,0.0,0.0,0.0,0.0,0.0,0.0,0.0,0.0,0.0,0.0,0.0,34.75,-13.23,-70.76,0.0,0.0,0.0,100.0,0,0,960
191083,0,0,0,99.99,0.0,0.0,0.0,0.0,0.0,0.0,0.0,0.0,0.0,0.0,0.0,0.0,34.74,-13.25,-70.73,0.0,0.0,0.0,100.0,0,0,960
191283,0,0,0,99.99,0.0,0.0,0.0,0.0,0.0,0.0,0.0,0.0,0.0,0.0,0.0,0.0,34.74,-13.23,-70.73,0.0,0.0,0.0,100.0,0,0,960
191483,0,0,0,99.99,0.0,0.0,0.0,0.0,0.0,0.0,0.0,0.0,0.0,0.0,0.0,0.0,34.73,-13.21,-70.75,0.0,0.0,0.0,100.0,0,0,963
191683,0,0,0,99.99,0.0,0.0,0.0,0.0,0.0,0.0,0.0,0.0,0.0,0.0,0.0,0.0,34.72,-13.2,-70.74,0.0,0.0,0.0,100.0,0,0,966
191883,0,0,0,99.99,0.0,0.0,0.0,0.0,0.0,0.0,0.0,0.0,0.0,0.0,0.0,0.0,34.72,-13.21,-70.74,0.0,0.0,0.0,100.0,0,0,966
192083,0,0,0,99.99,0.0,0.0,0.0,0.0,0.0,0.0,0.0,0.0,0.0,0.0,0.0,0.0,34.72,-13.2,-70.74,0.0,0.0,0.0,100.0,0,0,966
192283,0,0,0,99.99,0.0,0.0,0.0,0.0,0.0,0.0,0.0,0.0,0.0,0.0,0.0,0.0,34.73,-13.18,-70.76,0.0,0.0,0.0,100.0,0,0,966
192483,0,0,0,99.99,0.0,0.0,0.0,0.0,0.0,0.0,0.0,0.0,0.0,0.0,0.0,0.0,34.72,-13.2,-70.73,0.0,0.0,0.0,100.0,0,0,969
192683,0,0,0,99.99,0.0,0.0,0.0,0.0,0.0,0.0,0.0,0.0,0.0,0.0,0.0,0.0,34.72,-13.2,-70.72,0.0,0.0,0.0,100.0,0,0,972
192883,0,0,0,99.99,0.0,0.0,0.0,0.0,0.0,0.0,0.0,0.0,0.0,0.0,0.0,0.0,34.72,-13.2,-70.71,0.0,0.0,0.0,100.0,0,0,972
193083,0,0,0,99.99,0.0,0.0,0.0,0.0,0.0,0.0,0.0,0.0,0.0,0.0,0.0,0.0,34.71,-13.22,-70.67,0.0,0.0,0.0,100.0,0,0,972
193284,0,0,0,99.99,0.0,0.0,0.0,0.0,0.0,0.0,0.0,0.0,0.0,0.0,0.0,0.0,34.71,-13.22,-70.65,0.0,0.0,0.0,100.0,0,0,972
193493,0,0,0,99.99,0.0,0.0,0.0,0.0,0.0,0.0,0.0,0.0,0.0,0.0,0.0,0.0,34.71,-13.19,-70.65,0.0,0.0,0.0,100.0,0,0,976
193693,0,0,0,99.99,0.0,0.0,0.0,0.0,0.0,0.0,0.0,0.0,0.0,0.0,0.0,0.0,34.72,-13.2,-70.65,0.0,0.0,0.0,100.0,0,0,978
193893,0,0,0,99.99,0.0,0.0,0.0,0.0,0.0,0.0,0.0,0.0,0.0,0.0,0.0,0.0,34.74,-13.19,-70.66,0.0,0.0,0.0,100.0,0,0,978
194093,0,0,0,99.99,0.0,0.0,0.0,0.0,0.0,0.0,0.0,0.0,0.0,0.0,0.0,0.0,34.72,-13.22,-70.64,0.0,0.0,0.0,100.0,0,0,978
194293,0,0,0,99.99,0.0,0.0,0.0,0.0,0.0,0.0,0.0,0.0,0.0,0.0,0.0,0.0,34.73,-13.19,-70.65,0.0,0.0,0.0,100.0,0,0,978
194493,0,0,0,99.99,0.0,0.0,0.0,0.0,0.0,0.0,0.0,0.0,0.0,0.0,0.0,0.0,34.73,-13.19,-70.63,0.0,0.0,0.0,100.0,0,0,982
194693,0,0,0,99.99,0.0,0.0,0.0,0.0,0.0,0.0,0.0,0.0,0.0,0.0,0.0,0.0,34.72,-13.18,-70.62,0.0,0.0,0.0,100.0,0,0,984
194893,0,0,0,99.99,0.0,0.0,0.0,0.0,0.0,0.0,0.0,0.0,0.0,0.0,0.0,0.0,34.71,-13.16,-70.63,0.0,0.0,0.0,100.0,0,0,984
195093,0,0,0,99.99,0.0,0.0,0.0,0.0,0.0,0.0,0.0,0.0,0.0,0.0,0.0,0.0,34.71,-13.19,-70.6,0.0,0.0,0.0,100.0,0,0,984
195293,0,0,0,99.99,0.0,0.0,0.0,0.0,0.0,0.0,0.0,0.0,0.0,0.0,0.0,0.0,34.71,-13.21,-70.57,0.0,0.0,0.0,100.0,0,0,984
195493,0,0,0,99.99,0.0,0.0,0.0,0.0,0.0,0.0,0.0,0.0,0.0,0.0,0.0,0.0,34.73,-13.2,-70.59,0.0,0.0,0.0,100.0,0,0,988
195693,0,0,0,99.99,0.0,0.0,0.0,0.0,0.0,0.0,0.0,0.0,0.0,0.0,0.0,0.0,34.74,-13.2,-70.59,0.0,0.0,0.0,100.0,0,0,990
